日期,股票代码,开盘,收盘,最高,最低,成交量,成交额,振幅,涨跌幅,涨跌额,换手率
1996-09-26,612,0.38,0.32,0.4,0.27,78417,89633576.0,-54.17,233.33,0.56,24.5
1996-09-27,612,0.31,0.34,0.35,0.28,32302,36558988.0,21.88,6.25,0.02,10.09
1996-10-03,612,0.38,0.43,0.46,0.38,58566,71385360.0,23.53,26.47,0.09,18.3
1996-10-04,612,0.43,0.44,0.46,0.4,29785,36315756.0,13.95,2.33,0.01,9.3
1996-10-07,612,0.44,0.5,0.52,0.43,48678,61532572.0,20.45,13.64,0.06,15.21
1996-10-08,612,0.49,0.49,0.5,0.41,21810,27228372.0,18.0,-2.0,-0.01,6.81
1996-10-09,612,0.49,0.44,0.5,0.42,22283,27590386.0,16.33,-10.2,-0.05,6.96
1996-10-10,612,0.42,0.46,0.46,0.41,18665,22767406.0,11.36,4.55,0.02,5.83
1996-10-11,612,0.48,0.43,0.49,0.42,17973,22177092.0,15.22,-6.52,-0.03,5.61
1996-10-14,612,0.43,0.45,0.49,0.41,18707,23067942.0,18.6,4.65,0.02,5.84
1996-10-15,612,0.46,0.52,0.53,0.42,38658,49100108.0,24.44,15.56,0.07,12.08
1996-10-16,612,0.55,0.53,0.6,0.47,41328,54609864.0,25.0,1.92,0.01,12.91
1996-10-17,612,0.54,0.72,0.72,0.54,69736,95605944.0,33.96,35.85,0.19,21.79
1996-10-18,612,0.75,0.54,0.79,0.52,45962,62075468.0,37.5,-25.0,-0.18,14.36
1996-10-21,612,0.53,0.56,0.59,0.52,26674,35036940.0,12.96,3.7,0.02,8.33
1996-10-22,612,0.53,0.48,0.53,0.46,17162,21842836.0,12.5,-14.29,-0.08,5.36
1996-10-23,612,0.47,0.54,0.57,0.47,20862,27131624.0,20.83,12.5,0.06,6.52
1996-10-24,612,0.54,0.51,0.56,0.48,11935,15408044.0,14.81,-5.56,-0.03,3.73
1996-10-25,612,0.51,0.49,0.51,0.47,16477,20814434.0,7.84,-3.92,-0.02,5.15
1996-10-28,612,0.47,0.53,0.55,0.46,19158,24681794.0,18.37,8.16,0.04,5.99
1996-10-29,612,0.54,0.53,0.6,0.52,22333,29498684.0,15.09,0.0,0.0,6.98
1996-10-30,612,0.54,0.55,0.59,0.51,16096,20928112.0,15.09,3.77,0.02,5.03
1996-10-31,612,0.55,0.57,0.58,0.52,15822,20745694.0,10.91,3.64,0.02,4.94
1996-11-01,612,0.49,0.52,0.54,0.47,11183,14342673.0,12.28,-8.77,-0.05,3.49
1996-11-04,612,0.48,0.52,0.56,0.47,10500,13574861.0,17.31,0.0,0.0,3.28
1996-11-05,612,0.53,0.51,0.54,0.49,9784,12659413.0,9.62,-1.92,-0.01,3.06
1996-11-06,612,0.52,0.49,0.53,0.47,6531,8259717.0,11.76,-3.92,-0.02,2.04
1996-11-07,612,0.43,0.53,0.55,0.43,16566,21472156.0,24.49,8.16,0.04,5.18
1996-11-08,612,0.53,0.52,0.55,0.51,7744,10030595.0,7.55,-1.89,-0.01,2.42
1996-11-11,612,0.56,0.6,0.62,0.52,21018,28139134.0,19.23,15.38,0.08,6.57
1996-11-12,612,0.63,0.59,0.63,0.56,18681,25175080.0,11.67,-1.67,-0.01,5.84
1996-11-13,612,0.59,0.69,0.75,0.56,49203,69504728.0,32.2,16.95,0.1,15.37
1996-11-14,612,0.7,0.72,0.78,0.65,36091,52886892.0,18.84,4.35,0.03,11.27
1996-11-15,612,0.68,0.7,0.73,0.67,26686,38332432.0,8.33,-2.78,-0.02,8.34
1996-11-18,612,0.67,0.72,0.76,0.65,37221,53612744.0,15.71,2.86,0.02,11.63
1996-11-19,612,0.72,0.8,0.81,0.69,45233,68100152.0,16.67,11.11,0.08,14.13
1996-11-20,612,0.78,0.98,1.0,0.77,61838,100007424.0,28.75,22.5,0.18,19.32
1996-11-21,612,0.87,0.69,0.88,0.64,34665,52066288.0,24.49,-29.59,-0.29,10.83
1996-11-22,612,0.65,0.72,0.74,0.56,35977,49747804.0,26.09,4.35,0.03,11.24
1996-11-25,612,0.73,0.78,0.78,0.67,37856,54939696.0,15.28,8.33,0.06,11.83
1996-11-26,612,0.79,0.72,0.8,0.7,24219,35383988.0,12.82,-7.69,-0.06,7.57
1996-11-27,612,0.72,0.7,0.77,0.66,20976,30329106.0,15.28,-2.78,-0.02,6.55
1996-11-28,612,0.7,0.84,0.89,0.69,57925,87664224.0,28.57,20.0,0.14,18.1
1996-11-29,612,0.86,0.88,0.97,0.81,64282,102427064.0,19.05,4.76,0.04,20.08
1996-12-02,612,0.87,0.8,0.93,0.79,25432,39548820.0,15.91,-9.09,-0.08,7.95
1996-12-03,612,0.8,0.93,0.93,0.8,28943,45675708.0,16.25,16.25,0.13,9.04
1996-12-04,612,0.98,1.04,1.1,0.96,77661,133438920.0,15.05,11.83,0.11,24.26
1996-12-05,612,1.03,1.04,1.11,0.99,46353,79862696.0,11.54,0.0,0.0,14.48
1996-12-06,612,1.05,1.06,1.1,0.99,35277,60562312.0,10.58,1.92,0.02,11.02
1996-12-09,612,1.01,1.02,1.03,0.9,38845,64705040.0,12.26,-3.77,-0.04,12.14
1996-12-10,612,1.01,0.97,1.01,0.93,28029,46245440.0,7.84,-4.9,-0.05,8.76
1996-12-11,612,0.96,1.08,1.12,0.95,42270,72002808.0,17.53,11.34,0.11,13.21
1996-12-12,612,1.11,1.01,1.12,0.97,30474,52197332.0,13.89,-6.48,-0.07,9.52
1996-12-13,612,1.01,0.85,1.01,0.84,15957,26137612.0,16.83,-15.84,-0.16,4.99
1996-12-16,612,0.66,0.66,0.66,0.66,728,1020656.0,0.0,-22.35,-0.19,0.23
1996-12-17,612,0.48,0.48,0.48,0.48,794,1002028.0,0.0,-27.27,-0.18,0.25
1996-12-18,612,0.33,0.57,0.61,0.33,21934,26548234.0,58.33,18.75,0.09,6.85
1996-12-19,612,0.57,0.4,0.57,0.4,22149,27393188.0,29.82,-29.82,-0.17,6.92
1996-12-20,612,0.27,0.26,0.33,0.26,17766,19258638.0,17.5,-35.0,-0.14,5.55
1996-12-23,612,0.26,0.31,0.36,0.26,17744,20066786.0,38.46,19.23,0.05,5.54
1996-12-24,612,0.32,0.28,0.39,0.28,21770,24824348.0,35.48,-9.68,-0.03,6.8
1996-12-25,612,0.29,0.37,0.38,0.25,17758,20194104.0,46.43,32.14,0.09,5.55
1996-12-26,612,0.4,0.4,0.44,0.36,11565,13844723.0,21.62,8.11,0.03,3.61
1996-12-27,612,0.47,0.47,0.48,0.41,25617,31702550.0,17.5,17.5,0.07,8.0
1996-12-30,612,0.48,0.6,0.6,0.47,27002,35313924.0,27.66,27.66,0.13,8.44
1996-12-31,612,0.6,0.51,0.6,0.48,18813,24391648.0,20.0,-15.0,-0.09,5.88
1997-01-02,612,0.51,0.55,0.56,0.51,16446,21498636.0,9.8,7.84,0.04,5.14
1997-01-03,612,0.54,0.5,0.56,0.49,14777,19047232.0,12.73,-9.09,-0.05,4.62
1997-01-06,612,0.43,0.37,0.49,0.37,9674,11897898.0,24.0,-26.0,-0.13,3.02
1997-01-07,612,0.4,0.45,0.48,0.37,8476,10354573.0,29.73,21.62,0.08,2.65
1997-01-08,612,0.45,0.45,0.47,0.41,4259,5234845.0,13.33,0.0,0.0,1.33
1997-01-09,612,0.41,0.47,0.48,0.41,4075,5078761.5,15.56,4.44,0.02,1.27
1997-01-10,612,0.48,0.48,0.48,0.45,3946,4946101.5,6.38,2.13,0.01,1.23
1997-01-13,612,0.48,0.51,0.53,0.47,8298,10641626.0,12.5,6.25,0.03,2.59
1997-01-14,612,0.5,0.5,0.5,0.44,7457,9386506.0,11.76,-1.96,-0.01,2.33
1997-01-15,612,0.48,0.51,0.52,0.48,7348,9418319.0,8.0,2.0,0.01,2.3
1997-01-16,612,0.51,0.51,0.52,0.49,4432,5694586.5,5.88,0.0,0.0,1.38
1997-01-17,612,0.51,0.54,0.57,0.51,8684,11358421.0,11.76,5.88,0.03,2.71
1997-01-20,612,0.54,0.58,0.6,0.54,12304,16482057.0,11.11,7.41,0.04,3.84
1997-01-21,612,0.58,0.57,0.6,0.56,11016,14764786.0,6.9,-1.72,-0.01,3.44
1997-01-22,612,0.56,0.6,0.61,0.53,15538,20811632.0,14.04,5.26,0.03,4.85
1997-01-23,612,0.61,0.67,0.68,0.59,26197,36738784.0,15.0,11.67,0.07,8.18
1997-01-24,612,0.67,0.67,0.68,0.64,12506,17523250.0,5.97,0.0,0.0,3.91
1997-01-27,612,0.71,0.7,0.74,0.67,12272,17470298.0,10.45,4.48,0.03,3.83
1997-01-28,612,0.69,0.7,0.7,0.65,9216,13119594.0,7.14,0.0,0.0,2.88
1997-01-29,612,0.7,0.7,0.71,0.65,9461,13591984.0,8.57,0.0,0.0,2.96
1997-01-30,612,0.69,0.72,0.73,0.67,13770,19827962.0,8.57,2.86,0.02,4.3
1997-01-31,612,0.72,0.73,0.74,0.7,10823,15802954.0,5.56,1.39,0.01,3.38
1997-02-17,612,0.73,0.74,0.77,0.67,5454,7929238.0,13.7,1.37,0.01,1.7
1997-02-18,612,0.72,0.56,0.75,0.56,16424,22603250.0,25.68,-24.32,-0.18,5.13
1997-02-19,612,0.65,0.69,0.72,0.61,11016,15456427.0,19.64,23.21,0.13,3.44
1997-02-20,612,0.52,0.71,0.73,0.52,16148,22731622.0,30.43,2.9,0.02,5.04
1997-02-21,612,0.7,0.67,0.72,0.67,14399,20595350.0,7.04,-5.63,-0.04,4.5
1997-02-24,612,0.74,0.7,0.74,0.68,6822,9825185.0,8.96,4.48,0.03,2.13
1997-02-25,612,0.7,0.72,0.74,0.69,5993,8687532.0,7.14,2.86,0.02,1.87
1997-02-26,612,0.72,0.8,0.84,0.72,14952,22637682.0,16.67,11.11,0.08,4.67
1997-02-27,612,0.79,0.77,0.82,0.76,7801,11716431.0,7.5,-3.75,-0.03,2.44
1997-02-28,612,0.77,0.77,0.78,0.73,7995,11865891.0,6.49,0.0,0.0,2.5
1997-03-03,612,0.79,0.81,0.83,0.79,7176,10984443.0,5.19,5.19,0.04,2.24
1997-03-04,612,0.81,0.79,0.85,0.77,10150,15490390.0,9.88,-2.47,-0.02,3.17
1997-03-05,612,0.8,0.76,0.82,0.74,6037,9060032.0,10.13,-3.8,-0.03,1.89
1997-03-06,612,0.75,0.76,0.78,0.74,5855,8678292.0,5.26,0.0,0.0,1.83
1997-03-07,612,0.75,0.75,0.79,0.74,6308,9360556.0,6.58,-1.32,-0.01,1.97
1997-03-10,612,0.76,0.82,0.82,0.76,5681,8537026.0,8.0,9.33,0.07,1.77
1997-03-11,612,0.85,0.82,0.85,0.79,7847,11967372.0,7.32,0.0,0.0,2.45
1997-03-12,612,0.82,0.81,0.85,0.79,8377,12865940.0,7.32,-1.22,-0.01,2.62
1997-03-13,612,0.82,0.79,0.84,0.77,8673,13085579.0,8.64,-2.47,-0.02,2.71
1997-03-14,612,0.8,0.96,0.96,0.78,23087,36118796.0,22.78,21.52,0.17,7.21
1997-03-17,612,0.96,1.04,1.05,0.93,25696,42538704.0,12.5,8.33,0.08,8.03
1997-03-18,612,1.04,1.14,1.16,0.99,30203,52869384.0,16.35,9.62,0.1,9.44
1997-03-19,612,1.11,1.11,1.19,1.09,12351,22162760.0,8.77,-2.63,-0.03,3.86
1997-03-20,612,1.13,1.06,1.14,1.03,10678,18733150.0,9.91,-4.5,-0.05,3.34
1997-03-21,612,1.04,1.21,1.21,1.03,27197,48497192.0,16.98,14.15,0.15,8.5
1997-03-24,612,1.21,1.22,1.25,1.17,35289,65299384.0,6.61,0.83,0.01,11.02
1997-03-25,612,1.22,1.24,1.25,1.16,24631,45495624.0,7.38,1.64,0.02,7.69
1997-03-26,612,1.47,1.41,1.47,1.27,50371,101272872.0,16.13,13.71,0.17,15.74
1997-03-27,612,1.41,1.35,1.41,1.33,21445,42375120.0,5.67,-4.26,-0.06,6.7
1997-03-28,612,1.35,1.34,1.37,1.3,13648,26600446.0,5.19,-0.74,-0.01,4.26
1997-03-31,612,1.34,1.34,1.37,1.32,12889,25214492.0,3.73,0.0,0.0,4.03
1997-04-01,612,1.35,1.31,1.38,1.29,12580,24424736.0,6.72,-2.24,-0.03,3.93
1997-04-02,612,1.31,1.3,1.33,1.29,5005,9650634.0,3.05,-0.76,-0.01,1.56
1997-04-03,612,1.31,1.36,1.36,1.3,8869,17268086.0,4.62,4.62,0.06,2.77
1997-04-04,612,1.36,1.38,1.4,1.35,17569,34839356.0,3.68,1.47,0.02,5.49
1997-04-07,612,1.38,1.44,1.46,1.33,16495,32948232.0,9.42,4.35,0.06,5.15
1997-04-08,612,1.44,1.35,1.44,1.34,12392,24604848.0,6.94,-6.25,-0.09,3.87
1997-04-09,612,1.33,1.4,1.41,1.32,9289,18474520.0,6.67,3.7,0.05,2.9
1997-04-10,612,1.37,1.45,1.54,1.37,19873,41196904.0,12.14,3.57,0.05,6.21
1997-04-11,612,1.42,1.39,1.48,1.36,11616,23299534.0,8.28,-4.14,-0.06,3.63
1997-04-14,612,1.43,1.4,1.47,1.38,8291,16809944.0,6.47,0.72,0.01,2.59
1997-04-15,612,1.4,1.43,1.43,1.36,5330,10665342.0,5.0,2.14,0.03,1.67
1997-04-16,612,1.44,1.49,1.55,1.42,29062,60667028.0,9.09,4.2,0.06,9.08
1997-04-17,612,1.49,1.47,1.52,1.46,5575,11555029.0,4.03,-1.34,-0.02,1.74
1997-04-18,612,1.5,1.5,1.53,1.44,13425,27913610.0,6.12,2.04,0.03,4.19
1997-04-21,612,1.56,1.63,1.68,1.55,28033,61452380.0,8.67,8.67,0.13,8.76
1997-04-22,612,1.64,1.65,1.67,1.59,15609,34427824.0,4.91,1.23,0.02,4.88
1997-04-23,612,1.64,1.85,1.86,1.63,36638,84940464.0,13.94,12.12,0.2,11.45
1997-04-24,612,1.83,2.0,2.03,1.77,37270,90275136.0,14.05,8.11,0.15,11.64
1997-04-25,612,2.01,2.22,2.28,2.0,36595,96684360.0,14.0,11.0,0.22,11.43
1997-04-28,612,2.32,2.19,2.45,2.14,27227,74266968.0,13.96,-1.35,-0.03,8.51
1997-04-29,612,2.24,1.93,2.32,1.89,28538,72141032.0,19.63,-11.87,-0.26,8.92
1997-04-30,612,1.95,2.11,2.11,1.95,23476,58829712.0,8.29,9.33,0.18,7.33
1997-05-05,612,2.26,2.11,2.27,2.08,34068,88936120.0,9.0,0.0,0.0,10.64
1997-05-06,612,2.16,2.13,2.2,1.97,33263,85641888.0,10.9,0.95,0.02,10.39
1997-05-07,612,2.14,2.18,2.26,2.03,29581,77209496.0,10.8,2.35,0.05,9.24
1997-05-08,612,2.18,1.93,2.2,1.9,23471,59751112.0,13.76,-11.47,-0.25,7.33
1997-05-09,612,1.92,2.01,2.15,1.79,27990,38659932.0,18.65,4.15,0.08,4.86
1997-05-12,612,2.06,2.07,2.17,1.93,27337,38309668.0,11.94,2.99,0.06,4.74
1997-05-13,612,2.06,1.9,2.06,1.82,24109,32405064.0,11.59,-8.21,-0.17,4.18
1997-05-14,612,1.91,1.63,1.94,1.61,17237,21573526.0,17.37,-14.21,-0.27,2.99
1997-05-15,612,1.59,1.66,1.71,1.55,18835,22648084.0,9.82,1.84,0.03,3.27
1997-05-16,612,1.55,1.39,1.59,1.39,18945,21663564.0,12.05,-16.27,-0.27,3.29
1997-05-19,612,1.26,1.29,1.39,1.24,12949,13745618.0,10.79,-7.19,-0.1,2.25
1997-05-20,612,1.29,1.38,1.48,1.29,23634,26264212.0,14.73,6.98,0.09,4.1
1997-05-21,612,1.39,1.3,1.46,1.24,19699,21553876.0,15.94,-5.8,-0.08,3.42
1997-05-22,612,1.06,1.06,1.19,1.06,12879,12540367.0,10.0,-18.46,-0.24,2.24
1997-05-23,612,1.07,1.02,1.13,0.93,11999,11173743.0,18.87,-3.77,-0.04,2.08
1997-05-26,612,1.03,1.12,1.16,0.84,13101,12180140.0,31.37,9.8,0.1,2.27
1997-05-27,612,1.15,1.32,1.33,1.05,34064,35794772.0,25.0,17.86,0.2,5.91
1997-05-28,612,1.32,1.33,1.43,1.26,22113,24178760.0,12.88,0.76,0.01,3.84
1997-05-29,612,1.37,1.33,1.42,1.31,13022,14173631.0,8.27,0.0,0.0,2.26
1997-05-30,612,1.33,1.41,1.42,1.23,20090,21714780.0,14.29,6.02,0.08,3.49
1997-06-02,612,1.48,1.49,1.53,1.41,18369,21080278.0,8.51,5.67,0.08,3.19
1997-06-03,612,1.5,1.47,1.55,1.4,16678,19140230.0,10.07,-1.34,-0.02,2.89
1997-06-04,612,1.52,1.5,1.56,1.4,31521,36238512.0,10.88,2.04,0.03,5.47
1997-06-05,612,1.5,1.4,1.5,1.35,24481,27216750.0,10.0,-6.67,-0.1,4.25
1997-06-06,612,1.24,1.17,1.26,1.15,23089,23487778.0,7.86,-16.43,-0.23,4.01
1997-06-09,612,1.16,1.14,1.19,1.05,11964,11776260.0,11.97,-2.56,-0.03,2.08
1997-06-10,612,1.15,1.04,1.17,1.02,9996,9641890.0,13.16,-8.77,-0.1,1.73
1997-06-11,612,1.04,0.9,1.05,0.84,13587,12028930.0,20.19,-13.46,-0.14,2.36
1997-06-12,612,0.97,0.89,1.0,0.88,19890,17878970.0,13.33,-1.11,-0.01,3.45
1997-06-13,612,0.76,1.04,1.05,0.74,12962,11876985.0,34.83,16.85,0.15,2.25
1997-06-16,612,1.08,1.07,1.13,1.06,10233,9951170.0,6.73,2.88,0.03,1.78
1997-06-17,612,1.07,0.99,1.07,0.98,4951,4638865.0,8.41,-7.48,-0.08,0.86
1997-06-18,612,0.97,0.95,1.01,0.92,6591,6008233.0,9.09,-4.04,-0.04,1.14
1997-06-19,612,0.93,0.93,1.0,0.92,7063,6421252.0,8.42,-2.11,-0.02,1.23
1997-06-20,612,0.95,1.05,1.08,0.95,27429,25823160.0,13.98,12.9,0.12,4.76
1997-06-23,612,1.12,0.99,1.12,0.93,21222,19847076.0,18.1,-5.71,-0.06,3.68
1997-06-24,612,1.01,1.03,1.04,0.96,17250,16121994.0,8.08,4.04,0.04,2.99
1997-06-25,612,1.04,1.16,1.24,1.02,39780,39805044.0,21.36,12.62,0.13,6.9
1997-06-26,612,1.15,1.19,1.23,1.11,20976,21233746.0,10.34,2.59,0.03,3.64
1997-06-27,612,1.22,1.08,1.27,1.03,17019,17001782.0,20.17,-9.24,-0.11,2.95
1997-07-02,612,1.1,0.99,1.14,0.86,10393,9534211.0,25.93,-8.33,-0.09,1.8
1997-07-03,612,0.95,0.89,0.97,0.88,7196,6416707.0,9.09,-10.1,-0.1,1.25
1997-07-04,612,0.88,0.85,0.88,0.76,7809,6699498.0,13.48,-4.49,-0.04,1.36
1997-07-07,612,0.91,0.67,0.93,0.66,7225,6026722.0,31.76,-21.18,-0.18,1.25
1997-07-08,612,0.68,0.65,0.72,0.55,6652,5133395.0,25.37,-2.99,-0.02,1.15
1997-07-09,612,0.69,0.66,0.69,0.61,4809,3732738.25,12.31,1.54,0.01,0.83
1997-07-10,612,0.68,0.67,0.73,0.66,4898,3905999.0,10.61,1.52,0.01,0.85
1997-07-11,612,0.61,0.72,0.72,0.59,5249,4143921.75,19.4,7.46,0.05,0.91
1997-07-14,612,0.73,0.81,0.83,0.67,14048,11509745.0,22.22,12.5,0.09,2.44
1997-07-15,612,0.81,0.74,0.81,0.73,6706,5506437.5,9.88,-8.64,-0.07,1.16
1997-07-16,612,0.74,0.68,0.74,0.66,6881,5474117.5,10.81,-8.11,-0.06,1.19
1997-07-17,612,0.68,0.71,0.72,0.64,9524,7458457.0,11.76,4.41,0.03,1.65
1997-07-18,612,0.7,0.72,0.74,0.67,6044,4835963.5,9.86,1.41,0.01,1.05
1997-07-21,612,0.72,0.8,0.83,0.7,19768,16519952.0,18.06,11.11,0.08,3.43
1997-07-22,612,0.79,0.8,0.83,0.73,9661,8076637.5,12.5,0.0,0.0,1.68
1997-07-23,612,0.84,0.99,0.99,0.83,66000,60900392.0,20.0,23.75,0.19,11.45
1997-07-24,612,0.99,1.01,1.08,0.92,45063,42381056.0,16.16,2.02,0.02,7.82
1997-07-25,612,1.0,0.95,1.0,0.88,19344,17592518.0,11.88,-5.94,-0.06,3.36
1997-07-28,612,0.93,1.02,1.12,0.93,30321,28920790.0,20.0,7.37,0.07,5.26
1997-07-29,612,1.06,1.19,1.19,1.04,68846,68472712.0,14.71,16.67,0.17,11.95
1997-07-30,612,1.17,1.13,1.3,1.12,78974,81020008.0,15.13,-5.04,-0.06,13.71
1997-07-31,612,1.12,1.15,1.19,1.06,37459,37125308.0,11.5,1.77,0.02,6.5
1997-08-01,612,1.15,1.21,1.25,1.15,32163,33072618.0,8.7,5.22,0.06,5.58
1997-08-04,612,1.23,1.4,1.42,1.23,59973,65245252.0,15.7,15.7,0.19,10.41
1997-08-05,612,1.46,1.41,1.47,1.35,49295,54885628.0,8.57,0.71,0.01,8.56
1997-08-06,612,1.41,1.29,1.44,1.28,29342,32058564.0,11.35,-8.51,-0.12,5.09
1997-08-07,612,1.26,1.47,1.49,1.22,38803,42330532.0,20.93,13.95,0.18,6.73
1997-08-08,612,1.48,1.39,1.55,1.36,58966,67718912.0,12.93,-5.44,-0.08,10.23
1997-08-11,612,1.39,1.33,1.46,1.32,32918,36177664.0,10.07,-4.32,-0.06,5.71
1997-08-12,612,1.09,1.09,1.09,1.09,3545,3452830.0,0.0,-18.05,-0.24,0.62
1997-08-13,612,0.88,0.88,0.88,0.88,7546,6617842.0,0.0,-19.27,-0.21,1.31
1997-08-14,612,0.71,0.88,0.92,0.71,45481,38707376.0,23.86,0.0,0.0,7.89
1997-08-15,612,0.86,0.92,0.96,0.84,32760,29163336.0,13.64,4.55,0.04,5.69
1997-08-18,612,0.92,0.84,0.93,0.79,14929,12842365.0,15.22,-8.7,-0.08,2.59
1997-08-19,612,0.75,0.79,0.88,0.75,9672,8156333.0,15.48,-5.95,-0.05,1.68
1997-08-20,612,0.79,0.77,0.82,0.75,9562,7891925.0,8.86,-2.53,-0.02,1.66
1997-08-21,612,0.77,0.86,0.87,0.76,13917,11909069.0,14.29,11.69,0.09,2.42
1997-08-22,612,0.85,0.88,0.91,0.83,13202,11525230.0,9.3,2.33,0.02,2.29
1997-08-25,612,0.91,0.96,0.96,0.86,18027,16047499.0,11.36,9.09,0.08,3.13
1997-08-26,612,0.97,1.05,1.06,0.93,27749,26150390.0,13.54,9.38,0.09,4.82
1997-08-27,612,1.06,1.07,1.1,1.0,21962,21242648.0,9.52,1.9,0.02,3.81
1997-08-28,612,1.08,1.0,1.08,0.99,16992,15943019.0,8.41,-6.54,-0.07,2.95
1997-08-29,612,0.99,0.96,0.99,0.93,16019,14573518.0,6.0,-4.0,-0.04,2.78
1997-09-01,612,0.93,1.02,1.04,0.92,11498,10767993.0,12.5,6.25,0.06,2.0
1997-09-02,612,1.04,1.02,1.09,1.0,10503,10011299.0,8.82,0.0,0.0,1.82
1997-09-03,612,1.02,1.07,1.08,0.97,15388,14405196.0,10.78,4.9,0.05,2.67
1997-09-04,612,1.1,1.08,1.1,1.04,15666,15113010.0,5.61,0.93,0.01,2.72
1997-09-05,612,1.09,1.18,1.19,1.05,25912,25693538.0,12.96,9.26,0.1,4.5
1997-09-08,612,1.17,1.21,1.25,1.15,22702,23441308.0,8.47,2.54,0.03,3.94
1997-09-09,612,1.21,1.24,1.29,1.2,33021,34515828.0,7.44,2.48,0.03,5.73
1997-09-10,612,1.24,1.29,1.29,1.19,22592,23555336.0,8.06,4.03,0.05,3.92
1997-09-11,612,1.26,1.33,1.39,1.26,34965,37815568.0,10.08,3.1,0.04,6.07
1997-09-12,612,1.31,1.33,1.41,1.28,39368,43202264.0,9.77,0.0,0.0,6.83
1997-09-15,612,1.34,1.2,1.38,1.18,15672,16469029.0,15.04,-9.77,-0.13,2.72
1997-09-16,612,1.2,1.24,1.28,1.2,9211,9580006.0,6.67,3.33,0.04,1.6
1997-09-17,612,1.25,1.21,1.28,1.2,6119,6335886.0,6.45,-2.42,-0.03,1.06
1997-09-18,612,1.22,1.3,1.32,1.22,13549,14335479.0,8.26,7.44,0.09,2.35
1997-09-19,612,1.32,1.39,1.4,1.3,22541,24651080.0,7.69,6.92,0.09,3.91
1997-09-22,612,1.39,1.25,1.45,1.24,37233,40840472.0,15.11,-10.07,-0.14,6.46
1997-09-23,612,1.15,1.14,1.28,1.09,13290,13342460.0,15.2,-8.8,-0.11,2.31
1997-09-24,612,1.19,1.37,1.37,1.16,24798,26451480.0,18.42,20.18,0.23,4.3
1997-09-25,612,1.41,1.44,1.47,1.37,68514,76859912.0,7.3,5.11,0.07,11.89
1997-09-26,612,1.44,1.37,1.44,1.33,25301,27962430.0,7.64,-4.86,-0.07,4.39
1997-09-29,612,1.37,1.41,1.43,1.3,39545,43837788.0,9.49,2.92,0.04,6.86
1997-09-30,612,1.4,1.37,1.43,1.35,15268,16862218.0,5.67,-2.84,-0.04,2.65
1997-10-06,612,1.33,1.34,1.42,1.3,6518,7041266.0,8.76,-2.19,-0.03,1.13
1997-10-07,612,1.33,1.25,1.35,1.24,8910,9353621.0,8.21,-6.72,-0.09,1.55
1997-10-08,612,1.29,1.41,1.42,1.26,11857,12866554.0,12.8,12.8,0.16,2.06
1997-10-09,612,1.41,1.45,1.48,1.39,50434,57397272.0,6.38,2.84,0.04,8.75
1997-10-10,612,1.46,1.43,1.5,1.4,12521,14138794.0,6.9,-1.38,-0.02,2.17
1997-10-13,612,1.46,1.41,1.46,1.39,6776,7562389.0,4.9,-1.4,-0.02,1.18
1997-10-14,612,1.38,1.36,1.38,1.33,5398,5863537.5,3.55,-3.55,-0.05,0.94
1997-10-15,612,1.34,1.4,1.44,1.33,6174,6847489.0,8.09,2.94,0.04,1.07
1997-10-16,612,1.42,1.42,1.43,1.37,11891,13216132.0,4.29,1.43,0.02,2.06
1997-10-17,612,1.42,1.57,1.59,1.33,60206,69274072.0,18.31,10.56,0.15,10.45
1997-10-20,612,1.59,1.57,1.66,1.51,53064,63743988.0,9.55,0.0,0.0,9.21
1997-10-21,612,1.52,1.54,1.62,1.52,26465,31483388.0,6.37,-1.91,-0.03,4.59
1997-10-22,612,1.56,1.39,1.61,1.37,24654,28645488.0,15.58,-9.74,-0.15,4.28
1997-10-23,612,1.46,1.39,1.46,1.37,13564,15186142.0,6.47,0.0,0.0,2.35
1997-10-24,612,1.42,1.45,1.46,1.37,12874,14455967.0,6.47,4.32,0.06,2.23
1997-10-27,612,1.45,1.41,1.51,1.38,20709,23397632.0,8.97,-2.76,-0.04,3.59
1997-10-28,612,1.41,1.31,1.42,1.24,23390,25181450.0,12.77,-7.09,-0.1,4.06
1997-10-29,612,1.26,1.31,1.34,1.24,13031,13854772.0,7.63,0.0,0.0,2.26
1997-10-30,612,1.32,1.28,1.39,1.23,21756,23216566.0,12.21,-2.29,-0.03,3.78
1997-10-31,612,1.22,1.25,1.27,1.19,8451,8804920.0,6.25,-2.34,-0.03,1.47
1997-11-03,612,1.25,1.28,1.34,1.23,6206,6590150.5,8.8,2.4,0.03,1.08
1997-11-04,612,1.26,1.29,1.32,1.26,7086,7526472.5,4.69,0.78,0.01,1.23
1997-11-05,612,1.29,1.28,1.31,1.26,4701,4965238.0,3.88,-0.78,-0.01,0.82
1997-11-06,612,1.28,1.22,1.31,1.21,11699,12163609.0,7.81,-4.69,-0.06,2.03
1997-11-07,612,1.26,1.25,1.26,1.22,6213,6455156.5,3.28,2.46,0.03,1.08
1997-11-10,612,1.24,1.16,1.26,1.15,12574,12760231.0,8.8,-7.2,-0.09,2.18
1997-11-11,612,1.16,1.26,1.28,1.15,13646,14192814.0,11.21,8.62,0.1,2.37
1997-11-12,612,1.28,1.19,1.3,1.17,5260,5433218.0,10.32,-5.56,-0.07,0.91
1997-11-13,612,1.15,1.22,1.24,1.15,4070,4106372.0,7.56,2.52,0.03,0.71
1997-11-14,612,1.22,1.18,1.22,1.17,5791,5883119.0,4.1,-3.28,-0.04,1.01
1997-11-17,612,1.19,1.15,1.25,1.15,2865,2894388.75,8.47,-2.54,-0.03,0.5
1997-11-18,612,1.17,1.16,1.19,1.15,2458,2470237.25,3.48,0.87,0.01,0.43
1997-11-19,612,1.19,1.1,1.19,1.07,3632,3571174.25,10.34,-5.17,-0.06,0.63
1997-11-20,612,1.08,1.03,1.1,1.02,5079,4840344.0,7.27,-6.36,-0.07,0.88
1997-11-21,612,1.02,0.97,1.02,0.96,4875,4502458.0,5.83,-5.83,-0.06,0.85
1997-11-24,612,0.93,0.96,1.0,0.88,5558,5077900.0,12.37,-1.03,-0.01,0.96
1997-11-25,612,0.96,0.97,0.99,0.95,2325,2131117.0,4.17,1.04,0.01,0.4
1997-11-26,612,0.97,0.99,0.99,0.93,3393,3097284.0,6.19,2.06,0.02,0.59
1997-11-27,612,0.99,0.93,0.99,0.92,2530,2301541.5,7.07,-6.06,-0.06,0.44
1997-11-28,612,0.93,0.97,0.98,0.89,2446,2201686.25,9.68,4.3,0.04,0.42
1997-12-01,612,0.96,1.02,1.06,0.96,7552,7147986.5,10.31,5.15,0.05,1.31
1997-12-02,612,1.02,1.04,1.08,1.02,3291,3153216.5,5.88,1.96,0.02,0.57
1997-12-03,612,0.95,0.99,1.05,0.95,1420,1320214.88,9.62,-4.81,-0.05,0.25
1997-12-04,612,0.99,1.04,1.05,0.94,5155,4807838.5,11.11,5.05,0.05,0.89
1997-12-05,612,1.03,1.03,1.08,1.02,8673,8323117.0,5.77,-0.96,-0.01,1.51
1997-12-08,612,1.02,1.05,1.08,1.02,12120,11568057.0,5.83,1.94,0.02,2.1
1997-12-09,612,1.06,1.15,1.16,1.05,25253,24692412.0,10.48,9.52,0.1,4.38
1997-12-10,612,1.17,1.12,1.19,1.1,16719,16518012.0,7.83,-2.61,-0.03,2.9
1997-12-11,612,1.12,1.07,1.12,1.04,7095,6828012.0,7.14,-4.46,-0.05,1.23
1997-12-12,612,1.08,1.02,1.08,1.02,5869,5570795.0,5.61,-4.67,-0.05,1.02
1997-12-15,612,1.02,1.05,1.06,0.98,6300,5893122.0,7.84,2.94,0.03,1.09
1997-12-16,612,1.06,1.02,1.06,0.99,4427,4151807.75,6.67,-2.86,-0.03,0.77
1997-12-17,612,0.98,0.97,1.0,0.94,4683,4318759.0,5.88,-4.9,-0.05,0.81
1997-12-18,612,0.95,0.94,0.97,0.92,5369,4864045.5,5.15,-3.09,-0.03,0.93
1997-12-19,612,0.93,0.94,0.98,0.93,3387,3076398.25,5.32,0.0,0.0,0.59
1997-12-22,612,0.94,0.88,0.94,0.86,7977,7034921.0,8.51,-6.38,-0.06,1.38
1997-12-23,612,0.93,0.93,0.94,0.87,4703,4209096.5,7.95,5.68,0.05,0.82
1997-12-24,612,0.9,0.94,0.95,0.87,4432,3939765.5,8.6,1.08,0.01,0.77
1997-12-25,612,0.9,0.95,1.01,0.9,3343,3069248.75,11.7,1.06,0.01,0.58
1997-12-26,612,0.97,0.97,1.0,0.92,4472,4070134.25,8.42,2.11,0.02,0.78
1997-12-29,612,0.98,1.02,1.06,0.95,9252,8641354.0,11.34,5.15,0.05,1.61
1997-12-30,612,1.01,0.96,1.04,0.95,3223,2979125.25,8.82,-5.88,-0.06,0.56
1997-12-31,612,0.97,0.94,0.97,0.93,4102,3715121.5,4.17,-2.08,-0.02,0.71
1998-01-05,612,0.93,0.91,0.95,0.88,6831,6106234.5,7.45,-3.19,-0.03,1.19
1998-01-06,612,0.9,0.94,0.97,0.89,5630,5050034.0,8.79,3.3,0.03,0.98
1998-01-07,612,0.94,0.97,0.99,0.9,12814,11624757.0,9.57,3.19,0.03,2.22
1998-01-08,612,0.96,0.99,1.03,0.93,9549,8845081.0,10.31,2.06,0.02,1.66
1998-01-09,612,0.99,0.94,1.02,0.92,6853,6264446.0,10.1,-5.05,-0.05,1.19
1998-01-12,612,0.93,0.99,1.04,0.92,17222,15903329.0,12.77,5.32,0.05,2.99
1998-01-13,612,1.0,0.86,1.0,0.79,14787,12775489.0,21.21,-13.13,-0.13,2.57
1998-01-14,612,0.84,0.88,0.9,0.84,7654,6719461.0,6.98,2.33,0.02,1.33
1998-01-15,612,0.89,0.9,0.92,0.84,8098,7118453.0,9.09,2.27,0.02,1.41
1998-01-16,612,0.9,0.9,0.97,0.88,5672,5091812.0,10.0,0.0,0.0,0.98
1998-01-19,612,0.9,0.84,0.9,0.84,3656,3184272.0,6.67,-6.67,-0.06,0.63
1998-01-20,612,0.82,0.83,0.9,0.8,2747,2364829.25,11.9,-1.19,-0.01,0.48
1998-01-21,612,0.83,0.85,0.86,0.83,2467,2123846.0,3.61,2.41,0.02,0.43
1998-01-22,612,0.83,0.81,0.84,0.8,3108,2644758.5,4.71,-4.71,-0.04,0.54
1998-01-23,612,0.8,0.86,0.92,0.79,2613,2268179.0,16.05,6.17,0.05,0.45
1998-02-09,612,0.89,0.89,0.92,0.85,2792,2451330.0,8.14,3.49,0.03,0.48
1998-02-10,612,0.86,0.88,0.91,0.86,3282,2891995.0,5.62,-1.12,-0.01,0.57
1998-02-11,612,0.9,0.89,0.92,0.86,2978,2619989.5,6.82,1.14,0.01,0.52
1998-02-12,612,0.9,0.97,1.04,0.86,16796,15368479.0,20.22,8.99,0.08,2.92
1998-02-13,612,0.97,0.95,1.0,0.94,9289,8560446.0,6.19,-2.06,-0.02,1.61
1998-02-16,612,0.93,0.93,0.96,0.92,3345,3027129.0,4.21,-2.11,-0.02,0.58
1998-02-17,612,0.92,0.9,0.95,0.89,3992,3576351.25,6.45,-3.23,-0.03,0.69
1998-02-18,612,0.9,0.92,0.96,0.89,4906,4424128.5,7.78,2.22,0.02,0.85
1998-02-19,612,0.97,0.93,0.97,0.9,3354,3024160.75,7.61,1.09,0.01,0.58
1998-02-20,612,0.98,0.9,0.98,0.88,4027,3602553.75,10.75,-3.23,-0.03,0.7
1998-02-23,612,0.88,0.85,0.88,0.83,4116,3558455.25,5.56,-5.56,-0.05,0.71
1998-02-24,612,0.84,0.86,0.88,0.84,2782,2415559.0,4.71,1.18,0.01,0.48
1998-02-25,612,0.87,0.83,0.87,0.68,2437,2091004.88,22.09,-3.49,-0.03,0.42
1998-02-26,612,0.86,0.83,0.86,0.8,2660,2269752.25,7.23,0.0,0.0,0.46
1998-02-27,612,0.84,0.81,0.86,0.8,2621,2232823.25,7.23,-2.41,-0.02,0.45
1998-03-02,612,0.79,0.73,0.8,0.7,5111,4203612.5,12.35,-9.88,-0.08,0.89
1998-03-03,612,0.7,0.74,0.76,0.7,2771,2247325.25,8.22,1.37,0.01,0.48
1998-03-04,612,0.75,0.74,0.75,0.72,2450,1995625.0,4.05,0.0,0.0,0.43
1998-03-05,612,0.73,0.72,0.75,0.7,3007,2425544.0,6.76,-2.7,-0.02,0.52
1998-03-06,612,0.72,0.71,0.73,0.7,2745,2204012.0,4.17,-1.39,-0.01,0.48
1998-03-09,612,0.7,0.66,0.73,0.64,3361,2637173.25,12.68,-7.04,-0.05,0.58
1998-03-10,612,0.67,0.67,0.7,0.63,3949,3051315.25,10.61,1.52,0.01,0.69
1998-03-11,612,0.68,0.67,0.7,0.65,1910,1501415.0,7.46,0.0,0.0,0.33
1998-03-12,612,0.66,0.63,0.68,0.63,1849,1433875.75,7.46,-5.97,-0.04,0.32
1998-03-13,612,0.64,0.66,0.66,0.63,2769,2129882.0,4.76,4.76,0.03,0.48
1998-03-16,612,0.6,0.69,0.72,0.6,3507,2751994.0,18.18,4.55,0.03,0.61
1998-03-17,612,0.69,0.7,0.71,0.68,1912,1523261.0,4.35,1.45,0.01,0.33
1998-03-18,612,0.72,0.65,0.72,0.64,4508,3520606.5,11.43,-7.14,-0.05,0.78
1998-03-19,612,0.64,0.65,0.7,0.63,1500,1168808.38,10.77,0.0,0.0,0.26
1998-03-20,612,0.64,0.64,0.66,0.62,2503,1926338.88,6.15,-1.54,-0.01,0.43
1998-03-23,612,0.62,0.59,0.62,0.58,3465,2607739.5,6.25,-7.81,-0.05,0.6
1998-03-24,612,0.59,0.62,0.7,0.59,2362,1790788.75,18.64,5.08,0.03,0.41
1998-03-25,612,0.64,0.59,0.64,0.58,2579,1943919.62,9.68,-4.84,-0.03,0.45
1998-03-26,612,0.59,0.55,0.59,0.54,3698,2717833.5,8.47,-6.78,-0.04,0.64
1998-03-27,612,0.56,0.57,0.58,0.51,4064,2966734.25,12.73,3.64,0.02,0.71
1998-03-30,612,0.58,0.61,0.63,0.53,4915,3667468.75,17.54,7.02,0.04,0.85
1998-03-31,612,0.61,0.68,0.7,0.61,7672,6021633.5,14.75,11.48,0.07,1.33
1998-04-01,612,0.68,0.65,0.69,0.64,3797,2949043.5,7.35,-4.41,-0.03,0.66
1998-04-02,612,0.65,0.74,0.74,0.64,16513,13156288.0,15.38,13.85,0.09,2.87
1998-04-03,612,0.76,0.74,0.79,0.72,11006,9024252.0,9.46,0.0,0.0,1.91
1998-04-06,612,0.77,0.72,0.77,0.71,7908,6407053.0,8.11,-2.7,-0.02,1.37
1998-04-07,612,0.73,0.7,0.74,0.68,5430,4365535.0,8.33,-2.78,-0.02,0.94
1998-04-08,612,0.7,0.73,0.74,0.68,6770,5444427.5,8.57,4.29,0.03,1.17
1998-04-09,612,0.73,0.7,0.77,0.69,6969,5657671.0,10.96,-4.11,-0.03,1.21
1998-04-10,612,0.69,0.68,0.7,0.65,4990,3910556.25,7.14,-2.86,-0.02,0.87
1998-04-13,612,0.73,0.75,0.76,0.69,8871,7149693.5,10.29,10.29,0.07,1.54
1998-04-14,612,0.74,0.9,0.93,0.74,35714,30792920.0,25.33,20.0,0.15,6.2
1998-04-16,612,0.9,0.81,0.95,0.71,28134,23665420.0,26.67,-10.0,-0.09,4.88
1998-04-17,612,0.79,0.73,0.79,0.71,14620,11941898.0,9.88,-9.88,-0.08,2.54
1998-04-20,612,0.7,0.76,0.78,0.7,6487,5285993.0,10.96,4.11,0.03,1.13
1998-04-21,612,0.77,0.73,0.78,0.72,5183,4213263.5,7.89,-3.95,-0.03,0.9
1998-04-22,612,0.75,0.79,0.79,0.73,6859,5621531.5,8.22,8.22,0.06,1.19
1998-04-23,612,0.79,0.75,0.8,0.73,5968,4905300.5,8.86,-5.06,-0.04,1.04
1998-04-24,612,0.73,0.71,0.76,0.7,8099,6571068.5,8.0,-5.33,-0.04,1.41
1998-04-27,612,0.71,0.72,0.74,0.71,6966,5637231.5,4.23,1.41,0.01,1.21
1998-04-28,612,0.75,0.77,0.79,0.73,9141,7565403.5,8.33,6.94,0.05,1.59
1998-04-29,612,0.78,0.75,0.78,0.7,6818,5537951.5,10.39,-2.6,-0.02,1.18
1998-04-30,612,0.74,0.76,0.77,0.74,6421,5281275.0,4.0,1.33,0.01,1.11
1998-05-04,612,0.77,0.84,0.85,0.74,17856,14947816.0,14.47,10.53,0.08,3.1
1998-05-05,612,0.84,0.88,0.9,0.8,33068,28914854.0,11.9,4.76,0.04,5.74
1998-05-06,612,0.88,0.83,0.9,0.82,15840,13716255.0,9.09,-5.68,-0.05,2.75
1998-05-07,612,0.84,0.8,0.88,0.79,14719,12563371.0,10.84,-3.61,-0.03,2.55
1998-05-08,612,0.75,0.99,0.99,0.75,53581,48440948.0,30.0,23.75,0.19,9.3
1998-05-11,612,1.04,0.97,1.1,0.96,55092,52503152.0,14.14,-2.02,-0.02,9.56
1998-05-12,612,0.97,0.92,1.0,0.88,17218,15479193.0,12.37,-5.15,-0.05,2.99
1998-05-13,612,0.89,0.94,1.0,0.89,15181,13930510.0,11.96,2.17,0.02,2.63
1998-05-14,612,0.94,0.91,0.98,0.9,15702,14109710.0,8.51,-3.19,-0.03,2.73
1998-05-15,612,0.92,0.9,0.95,0.88,9524,8496372.0,7.69,-1.1,-0.01,1.65
1998-05-18,612,0.9,0.88,0.93,0.88,6155,5468908.0,5.56,-2.22,-0.02,1.07
1998-05-19,612,0.88,0.91,0.93,0.88,4222,3753984.5,5.68,3.41,0.03,0.73
1998-05-20,612,0.93,0.93,0.98,0.88,8586,7714425.0,10.99,2.2,0.02,1.49
1998-05-21,612,0.94,0.95,0.97,0.9,6891,6234009.5,7.53,2.15,0.02,1.2
1998-05-22,612,0.96,0.96,0.99,0.93,9953,9141589.0,6.32,1.05,0.01,1.73
1998-05-25,612,0.97,1.07,1.1,0.96,22573,21433524.0,14.58,11.46,0.11,3.92
1998-05-26,612,1.07,1.02,1.08,0.99,15862,14931680.0,8.41,-4.67,-0.05,2.75
1998-05-27,612,1.03,1.02,1.1,1.02,14894,14199938.0,7.84,0.0,0.0,2.58
1998-05-28,612,1.02,0.98,1.04,0.97,10239,9496941.0,6.86,-3.92,-0.04,1.78
1998-05-29,612,0.98,1.0,1.04,0.98,10382,9720735.0,6.12,2.04,0.02,1.8
1998-06-01,612,1.0,1.02,1.07,1.0,10005,9464323.0,7.0,2.0,0.02,1.74
1998-06-02,612,1.02,0.98,1.05,0.97,8369,7809817.5,7.84,-3.92,-0.04,1.45
1998-06-03,612,0.99,1.04,1.06,0.97,11207,10502072.0,9.18,6.12,0.06,1.95
1998-06-04,612,1.06,1.13,1.17,1.05,33746,33197140.0,11.54,8.65,0.09,5.86
1998-06-05,612,1.12,1.06,1.13,1.02,12431,11965183.0,9.73,-6.19,-0.07,2.16
1998-06-08,612,1.07,1.02,1.1,1.01,8202,7827043.0,8.49,-3.77,-0.04,1.42
1998-06-09,612,1.01,0.92,1.01,0.88,9530,8671848.0,12.75,-9.8,-0.1,1.65
1998-06-10,612,0.89,0.91,0.97,0.89,6355,5690224.0,8.7,-1.09,-0.01,1.1
1998-06-11,612,0.92,0.82,0.93,0.82,5547,4808207.5,12.09,-9.89,-0.09,0.96
1998-06-12,612,0.88,0.93,0.93,0.84,5984,5296772.0,10.98,13.41,0.11,1.04
1998-06-15,612,0.93,0.86,0.94,0.84,4295,3765730.0,10.75,-7.53,-0.07,0.75
1998-06-16,612,0.86,0.85,0.88,0.77,4924,4173771.5,12.79,-1.16,-0.01,0.85
1998-06-17,612,0.85,0.79,0.85,0.78,4550,3856640.0,8.24,-7.06,-0.06,0.79
1998-06-18,612,0.82,0.91,0.93,0.79,5098,4411360.0,17.72,15.19,0.12,0.88
1998-06-19,612,0.9,0.92,0.93,0.88,3475,3094400.0,5.49,1.1,0.01,0.6
1998-06-22,612,0.9,0.87,0.9,0.86,3694,3234205.0,4.35,-5.43,-0.05,0.64
1998-06-23,612,0.86,0.9,0.9,0.82,4217,3636398.25,9.2,3.45,0.03,0.73
1998-06-24,612,0.88,0.91,0.92,0.86,3890,3427588.25,6.67,1.11,0.01,0.68
1998-06-25,612,0.92,0.86,0.92,0.85,3272,2855823.5,7.69,-5.49,-0.05,0.57
1998-06-26,612,0.9,0.86,0.9,0.84,2247,1949512.75,6.98,0.0,0.0,0.39
1998-06-29,612,0.84,0.78,0.84,0.77,4049,3406928.0,8.14,-9.3,-0.08,0.7
1998-06-30,612,0.8,0.77,0.82,0.76,1980,1648540.5,7.69,-1.28,-0.01,0.34
1998-07-01,612,0.79,0.75,0.84,0.75,1972,1639811.0,11.69,-2.6,-0.02,0.34
1998-07-02,612,0.73,0.74,0.77,0.7,6316,5093964.5,9.33,-1.33,-0.01,1.1
1998-07-03,612,0.74,0.75,0.84,0.72,12126,10027213.0,16.22,1.35,0.01,2.1
1998-07-06,612,0.76,0.68,0.78,0.68,5086,4105190.0,13.33,-9.33,-0.07,0.88
1998-07-07,612,0.68,0.7,0.72,0.66,3027,2422540.75,8.82,2.94,0.02,0.53
1998-07-08,612,0.72,0.73,0.74,0.7,1946,1572021.5,5.71,4.29,0.03,0.34
1998-07-09,612,0.75,0.71,0.75,0.71,1960,1579936.38,5.48,-2.74,-0.02,0.34
1998-07-10,612,0.72,0.77,0.78,0.71,2604,2146211.5,9.86,8.45,0.06,0.45
1998-07-13,612,0.77,0.84,0.85,0.74,11650,9933389.0,14.29,9.09,0.07,2.02
1998-07-14,612,0.86,0.9,0.93,0.84,19758,17535570.0,10.71,7.14,0.06,3.43
1998-07-15,612,0.88,0.87,0.92,0.86,15595,13786651.0,6.67,-3.33,-0.03,2.71
1998-07-16,612,0.84,0.8,0.88,0.79,7218,6159766.0,10.34,-8.05,-0.07,1.25
1998-07-17,612,0.8,0.88,0.92,0.8,26590,23368856.0,15.0,10.0,0.08,4.61
1998-07-20,612,0.86,0.89,0.93,0.86,20270,17977766.0,7.95,1.14,0.01,3.52
1998-07-21,612,0.9,0.86,0.96,0.82,14370,12615051.0,15.73,-3.37,-0.03,2.49
1998-07-22,612,0.86,0.87,0.92,0.82,22924,19904620.0,11.63,1.16,0.01,3.98
1998-07-23,612,0.86,0.96,0.98,0.86,46514,41744264.0,13.79,10.34,0.09,8.07
1998-07-24,612,0.97,0.96,0.98,0.94,16286,14914499.0,4.17,0.0,0.0,2.83
1998-07-27,612,0.96,1.01,1.02,0.93,14973,13862677.0,9.38,5.21,0.05,2.6
1998-07-28,612,0.99,0.98,1.03,0.97,8403,7813625.0,5.94,-2.97,-0.03,1.46
1998-07-29,612,0.98,0.9,0.98,0.89,11839,10663334.0,9.18,-8.16,-0.08,2.05
1998-07-30,612,0.88,0.89,0.92,0.88,5919,5248067.0,4.44,-1.11,-0.01,1.03
1998-07-31,612,0.89,0.88,0.94,0.88,5382,4801300.0,6.74,-1.12,-0.01,0.93
1998-08-03,612,0.84,0.77,0.86,0.74,14172,11901383.0,13.64,-12.5,-0.11,2.46
1998-08-04,612,0.75,0.75,0.76,0.71,7670,6258811.5,6.49,-2.6,-0.02,1.33
1998-08-05,612,0.75,0.77,0.79,0.73,4902,4057838.25,8.0,2.67,0.02,0.85
1998-08-06,612,0.77,0.73,0.78,0.72,7206,5874587.5,7.79,-5.19,-0.04,1.25
1998-08-07,612,0.72,0.74,0.78,0.72,4854,3972466.25,8.22,1.37,0.01,0.84
1998-08-10,612,0.73,0.69,0.75,0.68,5039,4037701.0,9.46,-6.76,-0.05,0.87
1998-08-11,612,0.7,0.73,0.74,0.69,3790,3046727.0,7.25,5.8,0.04,0.66
1998-08-12,612,0.72,0.66,0.72,0.62,7129,5569582.5,13.7,-9.59,-0.07,1.24
1998-08-13,612,0.67,0.77,0.79,0.66,9523,7792365.0,19.7,16.67,0.11,1.65
1998-08-14,612,0.75,0.68,0.75,0.68,3773,3028271.75,9.09,-11.69,-0.09,0.65
1998-08-17,612,0.64,0.5,0.66,0.5,5280,3921207.25,23.53,-26.47,-0.18,0.92
1998-08-18,612,0.48,0.45,0.55,0.44,4341,3055441.25,22.0,-10.0,-0.05,0.75
1998-08-19,612,0.45,0.53,0.54,0.45,4003,2824319.0,20.0,17.78,0.08,0.69
1998-08-20,612,0.53,0.56,0.57,0.5,5727,4129218.75,13.21,5.66,0.03,0.99
1998-08-21,612,0.55,0.56,0.59,0.51,6329,4646416.5,14.29,0.0,0.0,1.1
1998-08-24,612,0.56,0.57,0.58,0.53,4747,3478902.5,8.93,1.79,0.01,0.82
1998-08-25,612,0.55,0.53,0.57,0.51,4701,3392217.0,10.53,-7.02,-0.04,0.82
1998-08-26,612,0.55,0.53,0.57,0.53,3620,2638902.5,7.55,0.0,0.0,0.63
1998-08-27,612,0.52,0.47,0.53,0.46,5606,3933681.75,13.21,-11.32,-0.06,0.97
1998-08-28,612,0.46,0.46,0.5,0.45,3427,2375115.25,10.64,-2.13,-0.01,0.59
1998-08-31,612,0.45,0.48,0.48,0.33,4666,3080848.25,32.61,4.35,0.02,0.81
1998-09-01,612,0.48,0.44,0.48,0.41,3529,2414317.0,14.58,-8.33,-0.04,0.61
1998-09-02,612,0.44,0.41,0.44,0.39,2312,1553916.25,11.36,-6.82,-0.03,0.4
1998-09-03,612,0.42,0.44,0.45,0.41,2792,1878224.38,9.76,7.32,0.03,0.48
1998-09-04,612,0.44,0.5,0.51,0.43,5613,3906237.75,18.18,13.64,0.06,0.97
1998-09-07,612,0.5,0.56,0.56,0.5,7351,5318606.0,12.0,12.0,0.06,1.28
1998-09-08,612,0.57,0.51,0.58,0.51,5659,4091831.75,12.5,-8.93,-0.05,0.98
1998-09-09,612,0.5,0.54,0.54,0.5,4097,2945511.75,7.84,5.88,0.03,0.71
1998-09-10,612,0.54,0.56,0.58,0.54,6388,4686220.5,7.41,3.7,0.02,1.11
1998-09-11,612,0.56,0.68,0.7,0.52,18327,13935085.0,32.14,21.43,0.12,3.18
1998-09-14,612,0.68,0.71,0.73,0.68,22070,17637488.0,7.35,4.41,0.03,3.83
1998-09-15,612,0.72,0.65,0.73,0.65,8403,6595518.0,11.27,-8.45,-0.06,1.46
1998-09-16,612,0.63,0.65,0.68,0.62,5401,4145191.5,9.23,0.0,0.0,0.94
1998-09-17,612,0.68,0.6,0.69,0.58,6554,5099485.0,16.92,-7.69,-0.05,1.14
1998-09-18,612,0.6,0.53,0.6,0.52,6292,4638258.0,13.33,-11.67,-0.07,1.09
1998-09-21,612,0.5,0.58,0.58,0.5,3063,2237654.25,15.09,9.43,0.05,0.53
1998-09-22,612,0.58,0.55,0.59,0.55,2759,2034533.5,6.9,-5.17,-0.03,0.48
1998-09-23,612,0.57,0.59,0.62,0.55,3914,2923235.25,12.73,7.27,0.04,0.68
1998-09-24,612,0.58,0.54,0.63,0.54,5700,4281782.0,15.25,-8.47,-0.05,0.99
1998-09-25,612,0.54,0.59,0.59,0.51,2848,2088374.88,14.81,9.26,0.05,0.49
1998-09-28,612,0.59,0.58,0.63,0.55,5507,4123060.25,13.56,-1.69,-0.01,0.96
1998-09-29,612,0.59,0.58,0.64,0.57,4121,3116962.5,12.07,0.0,0.0,0.72
1998-09-30,612,0.62,0.62,0.65,0.57,4733,3582737.25,13.79,6.9,0.04,0.82
1998-10-05,612,0.6,0.6,0.62,0.57,2720,2032252.75,8.06,-3.23,-0.02,0.47
1998-10-06,612,0.58,0.54,0.6,0.54,3421,2508882.75,10.0,-10.0,-0.06,0.59
1998-10-07,612,0.54,0.53,0.56,0.52,4433,3207570.0,7.41,-1.85,-0.01,0.77
1998-10-08,612,0.56,0.56,0.56,0.53,2159,1569498.25,5.66,5.66,0.03,0.37
1998-10-09,612,0.55,0.54,0.56,0.53,3691,2679793.75,5.36,-3.57,-0.02,0.64
1998-10-12,612,0.57,0.56,0.57,0.53,2673,1950340.12,7.41,3.7,0.02,0.46
1998-10-13,612,0.57,0.57,0.6,0.55,3784,2809708.75,8.93,1.79,0.01,0.66
1998-10-14,612,0.57,0.63,0.64,0.54,7060,5298957.0,17.54,10.53,0.06,1.23
1998-10-15,612,0.64,0.63,0.66,0.59,7149,5446444.5,11.11,0.0,0.0,1.24
1998-10-16,612,0.67,0.67,0.7,0.66,23439,18513022.0,6.35,6.35,0.04,4.07
1998-10-19,612,0.65,0.64,0.68,0.63,7894,6126659.0,7.46,-4.48,-0.03,1.37
1998-10-20,612,0.64,0.61,0.66,0.6,5180,3944255.0,9.38,-4.69,-0.03,0.9
1998-10-21,612,0.62,0.54,0.62,0.53,6049,4472941.5,14.75,-11.48,-0.07,1.05
1998-10-22,612,0.53,0.58,0.58,0.52,4584,3350070.25,11.11,7.41,0.04,0.8
1998-10-23,612,0.57,0.55,0.58,0.54,3361,2470311.5,6.9,-5.17,-0.03,0.58
1998-10-26,612,0.54,0.55,0.55,0.52,4881,3523648.75,5.45,0.0,0.0,0.85
1998-10-27,612,0.55,0.57,0.61,0.53,3395,2526545.5,14.55,3.64,0.02,0.59
1998-10-28,612,0.56,0.6,0.6,0.56,3858,2884824.0,7.02,5.26,0.03,0.67
1998-10-29,612,0.62,0.58,0.63,0.58,3005,2252549.5,8.33,-3.33,-0.02,0.52
1998-10-30,612,0.59,0.6,0.65,0.58,6639,5051246.0,12.07,3.45,0.02,1.15
1998-11-02,612,0.62,0.65,0.65,0.6,8067,6182392.5,8.33,8.33,0.05,1.4
1998-11-03,612,0.63,0.62,0.66,0.61,4717,3600545.5,7.69,-4.62,-0.03,0.82
1998-11-04,612,0.6,0.61,0.64,0.59,4386,3309540.25,8.06,-1.61,-0.01,0.76
1998-11-05,612,0.61,0.61,0.62,0.59,4704,3539198.75,4.92,0.0,0.0,0.82
1998-11-06,612,0.62,0.59,0.62,0.58,6144,4609370.5,6.56,-3.28,-0.02,1.07
1998-11-09,612,0.59,0.62,0.62,0.56,5916,4442691.0,10.17,5.08,0.03,1.03
1998-11-10,612,0.62,0.67,0.68,0.61,13285,10311879.0,11.29,8.06,0.05,2.31
1998-11-11,612,0.66,0.68,0.7,0.63,12740,9995015.0,10.45,1.49,0.01,2.21
1998-11-12,612,0.7,0.64,0.73,0.63,12591,9986040.0,14.71,-5.88,-0.04,2.19
1998-11-13,612,0.65,0.64,0.68,0.62,4410,3389674.75,9.38,0.0,0.0,0.77
1998-11-16,612,0.64,0.64,0.66,0.63,5302,4088814.5,4.69,0.0,0.0,0.92
1998-11-17,612,0.64,0.67,0.68,0.64,6478,5070450.5,6.25,4.69,0.03,1.12
1998-11-18,612,0.66,0.63,0.66,0.63,3477,2681943.75,4.48,-5.97,-0.04,0.6
1998-11-19,612,0.63,0.61,0.65,0.6,3103,2365238.5,7.94,-3.17,-0.02,0.54
1998-11-20,612,0.62,0.59,0.62,0.58,4570,3422456.75,6.56,-3.28,-0.02,0.79
1998-11-23,612,0.59,0.57,0.59,0.55,2813,2081781.5,6.78,-3.39,-0.02,0.49
1998-11-24,612,0.57,0.62,0.62,0.57,3610,2730555.75,8.77,8.77,0.05,0.63
1998-11-25,612,0.63,0.63,0.64,0.6,4370,3329372.75,6.45,1.61,0.01,0.76
1998-11-26,612,0.65,0.65,0.68,0.64,16938,13226260.0,6.35,3.17,0.02,2.94
1998-11-27,612,0.66,0.6,0.67,0.6,7070,5440031.0,10.77,-7.69,-0.05,1.23
1998-11-30,612,0.59,0.64,0.65,0.51,3253,2480868.5,23.33,6.67,0.04,0.56
1998-12-01,612,0.64,0.64,0.65,0.63,5390,4154656.0,3.13,0.0,0.0,0.94
1998-12-02,612,0.65,0.62,0.65,0.58,3149,2387320.75,10.94,-3.13,-0.02,0.55
1998-12-03,612,0.61,0.58,0.62,0.57,2792,2079298.75,8.06,-6.45,-0.04,0.48
1998-12-04,612,0.57,0.57,0.59,0.56,2152,1591021.62,5.17,-1.72,-0.01,0.37
1998-12-07,612,0.58,0.6,0.62,0.56,5407,4016556.5,10.53,5.26,0.03,0.94
1998-12-08,612,0.59,0.59,0.62,0.57,1308,977498.0,8.33,-1.67,-0.01,0.23
1998-12-09,612,0.63,0.63,0.66,0.61,6161,4739761.5,8.47,6.78,0.04,1.07
1998-12-10,612,0.63,0.58,0.63,0.58,1724,1298421.0,7.94,-7.94,-0.05,0.3
1998-12-11,612,0.57,0.6,0.61,0.56,1922,1435525.0,8.62,3.45,0.02,0.33
1998-12-14,612,0.59,0.56,0.61,0.55,2225,1647813.0,10.0,-6.67,-0.04,0.39
1998-12-15,612,0.55,0.53,0.56,0.5,3309,2380814.75,10.71,-5.36,-0.03,0.57
1998-12-16,612,0.54,0.51,0.55,0.51,1778,1282420.75,7.55,-3.77,-0.02,0.31
1998-12-17,612,0.5,0.43,0.5,0.42,5191,3566420.25,15.69,-15.69,-0.08,0.9
1998-12-18,612,0.41,0.41,0.46,0.4,2710,1823008.0,13.95,-4.65,-0.02,0.47
1998-12-21,612,0.42,0.43,0.44,0.4,1574,1059979.12,9.76,4.88,0.02,0.27
1998-12-22,612,0.42,0.48,0.48,0.42,2241,1549748.75,13.95,11.63,0.05,0.39
1998-12-23,612,0.48,0.44,0.48,0.43,2066,1419993.75,10.42,-8.33,-0.04,0.36
1998-12-24,612,0.44,0.45,0.46,0.42,972,657959.38,9.09,2.27,0.01,0.17
1998-12-25,612,0.47,0.43,0.47,0.43,1135,773745.0,8.89,-4.44,-0.02,0.2
1998-12-28,612,0.43,0.4,0.45,0.39,1508,1015070.38,13.95,-6.98,-0.03,0.26
1998-12-29,612,0.4,0.37,0.41,0.37,2508,1643430.0,10.0,-7.5,-0.03,0.44
1998-12-30,612,0.37,0.38,0.4,0.34,1453,942169.0,16.22,2.7,0.01,0.25
1998-12-31,612,0.39,0.37,0.4,0.37,1094,715451.0,7.89,-2.63,-0.01,0.19
1999-01-04,612,0.33,0.34,0.37,0.33,1127,719483.62,10.81,-8.11,-0.03,0.2
1999-01-05,612,0.34,0.31,0.34,0.28,1832,1134767.25,17.65,-8.82,-0.03,0.32
1999-01-06,612,0.31,0.32,0.33,0.29,1548,965741.0,12.9,3.23,0.01,0.27
1999-01-07,612,0.31,0.3,0.32,0.3,1444,898700.75,6.25,-6.25,-0.02,0.25
1999-01-08,612,0.31,0.38,0.38,0.31,2389,1536453.62,23.33,26.67,0.08,0.41
1999-01-11,612,0.37,0.37,0.39,0.34,1651,1060769.5,13.16,-2.63,-0.01,0.29
1999-01-12,612,0.39,0.34,0.39,0.34,2162,1392778.25,13.51,-8.11,-0.03,0.38
1999-01-13,612,0.3,0.31,0.33,0.28,1825,1141542.0,14.71,-8.82,-0.03,0.32
1999-01-14,612,0.31,0.31,0.33,0.3,1606,1003829.81,9.68,0.0,0.0,0.28
1999-01-15,612,0.36,0.29,0.37,0.29,1738,1077705.25,25.81,-6.45,-0.02,0.3
1999-01-18,612,0.29,0.23,0.29,0.16,7173,4172541.0,44.83,-20.69,-0.06,1.24
1999-01-19,612,0.19,0.23,0.24,0.19,2614,1527425.25,21.74,0.0,0.0,0.45
1999-01-20,612,0.22,0.25,0.28,0.22,1652,987339.19,26.09,8.7,0.02,0.29
1999-01-21,612,0.25,0.25,0.26,0.23,1705,1009130.94,12.0,0.0,0.0,0.3
1999-01-22,612,0.25,0.27,0.3,0.25,2339,1415229.12,20.0,8.0,0.02,0.41
1999-01-25,612,0.26,0.23,0.27,0.23,2587,1536853.0,14.81,-14.81,-0.04,0.45
1999-01-26,612,0.22,0.21,0.24,0.21,1905,1106385.0,13.04,-8.7,-0.02,0.33
1999-01-27,612,0.2,0.24,0.24,0.19,1683,983873.0,23.81,14.29,0.03,0.29
1999-01-28,612,0.24,0.24,0.26,0.24,1533,911466.75,8.33,0.0,0.0,0.27
1999-01-29,612,0.23,0.27,0.28,0.19,2264,1346289.5,37.5,12.5,0.03,0.39
1999-02-01,612,0.27,0.3,0.31,0.25,5332,3280452.75,22.22,11.11,0.03,0.93
1999-02-02,612,0.3,0.3,0.32,0.28,5119,3173019.5,13.33,0.0,0.0,0.89
1999-02-03,612,0.29,0.3,0.31,0.29,3564,2210530.25,6.67,0.0,0.0,0.62
1999-02-04,612,0.3,0.31,0.34,0.29,4918,3056658.25,16.67,3.33,0.01,0.85
1999-02-05,612,0.3,0.23,0.32,0.22,4706,2837047.25,32.26,-25.81,-0.08,0.82
1999-02-08,612,0.21,0.21,0.26,0.2,2421,1412141.75,26.09,-8.7,-0.02,0.42
1999-02-09,612,0.21,0.26,0.27,0.21,2584,1535305.38,28.57,23.81,0.05,0.45
1999-03-01,612,0.28,0.31,0.33,0.27,5778,3589892.5,23.08,19.23,0.05,1.0
1999-03-02,612,0.31,0.4,0.4,0.31,15677,10091672.0,29.03,29.03,0.09,2.72
1999-03-03,612,0.4,0.39,0.42,0.36,7208,4729770.5,15.0,-2.5,-0.01,1.25
1999-03-04,612,0.39,0.37,0.39,0.35,5207,3373232.25,10.26,-5.13,-0.02,0.9
1999-03-05,612,0.37,0.37,0.41,0.35,4243,2762697.5,16.22,0.0,0.0,0.74
1999-03-08,612,0.39,0.37,0.39,0.33,4720,3041303.75,16.22,0.0,0.0,0.82
1999-03-09,612,0.38,0.37,0.41,0.37,5533,3641104.75,10.81,0.0,0.0,0.96
1999-03-10,612,0.37,0.33,0.37,0.33,3354,2128333.0,10.81,-10.81,-0.04,0.58
1999-03-11,612,0.33,0.36,0.37,0.33,3484,2242999.25,12.12,9.09,0.03,0.6
1999-03-12,612,0.37,0.39,0.39,0.33,5624,3668849.25,16.67,8.33,0.03,0.98
1999-03-15,612,0.41,0.39,0.43,0.38,7492,5015260.0,12.82,0.0,0.0,1.3
1999-03-16,612,0.39,0.37,0.39,0.35,3751,2425135.0,10.26,-5.13,-0.02,0.65
1999-03-17,612,0.36,0.34,0.39,0.34,4129,2678726.5,13.51,-8.11,-0.03,0.72
1999-03-18,612,0.34,0.35,0.36,0.34,2482,1587697.25,5.88,2.94,0.01,0.43
1999-03-19,612,0.35,0.35,0.36,0.33,5242,3347420.5,8.57,0.0,0.0,0.91
1999-03-22,612,0.36,0.36,0.38,0.36,3409,2208517.0,5.71,2.86,0.01,0.59
1999-03-23,612,0.38,0.35,0.38,0.33,3231,2064891.38,13.89,-2.78,-0.01,0.56
1999-03-24,612,0.35,0.36,0.38,0.34,2217,1426055.12,11.43,2.86,0.01,0.38
1999-03-25,612,0.35,0.39,0.41,0.31,9079,5885333.5,27.78,8.33,0.03,1.58
1999-03-26,612,0.39,0.43,0.43,0.37,14056,9367706.0,15.38,10.26,0.04,2.44
1999-03-29,612,0.45,0.44,0.48,0.43,24666,16990068.0,11.63,2.33,0.01,4.28
1999-03-30,612,0.44,0.41,0.45,0.4,7172,4829242.5,11.36,-6.82,-0.03,1.24
1999-03-31,612,0.38,0.41,0.43,0.38,3468,2307769.0,12.2,0.0,0.0,0.6
1999-04-01,612,0.45,0.4,0.45,0.4,3616,2412808.0,12.2,-2.44,-0.01,0.63
1999-04-02,612,0.41,0.41,0.42,0.39,4828,3204591.5,7.5,2.5,0.01,0.84
1999-04-05,612,0.41,0.42,0.43,0.39,5437,3624014.5,9.76,2.44,0.01,0.94
1999-04-06,612,0.38,0.36,0.39,0.35,13238,8558027.0,9.52,-14.29,-0.06,2.3
1999-04-07,612,0.35,0.37,0.39,0.35,8302,5399556.5,11.11,2.78,0.01,1.44
1999-04-08,612,0.38,0.34,0.38,0.33,9435,6000639.5,13.51,-8.11,-0.03,1.64
1999-04-09,612,0.35,0.31,0.35,0.3,11519,7183362.0,14.71,-8.82,-0.03,2.0
1999-04-12,612,0.31,0.3,0.31,0.28,7802,4793797.0,9.68,-3.23,-0.01,1.35
1999-04-13,612,0.29,0.3,0.31,0.28,3904,2412946.0,10.0,0.0,0.0,0.68
1999-04-14,612,0.3,0.29,0.3,0.28,2865,1760987.25,6.67,-3.33,-0.01,0.5
1999-04-15,612,0.29,0.29,0.3,0.28,3679,2260014.25,6.9,0.0,0.0,0.64
1999-04-16,612,0.29,0.24,0.29,0.24,4278,2584884.0,17.24,-17.24,-0.05,0.74
1999-04-19,612,0.24,0.27,0.28,0.21,4568,2704263.5,29.17,12.5,0.03,0.79
1999-04-20,612,0.27,0.28,0.28,0.25,2415,1460004.62,11.11,3.7,0.01,0.42
1999-04-21,612,0.28,0.26,0.29,0.26,3045,1848552.38,10.71,-7.14,-0.02,0.53
1999-04-22,612,0.25,0.22,0.25,0.16,3736,2163911.5,34.62,-15.38,-0.04,0.65
1999-04-23,612,0.22,0.26,0.29,0.22,4371,2630954.5,31.82,18.18,0.04,0.76
1999-04-26,612,0.26,0.23,0.28,0.23,3869,2300245.5,19.23,-11.54,-0.03,0.67
1999-04-27,612,0.23,0.2,0.25,0.19,4409,2542979.5,26.09,-13.04,-0.03,0.77
1999-04-28,612,0.2,0.18,0.23,0.18,2144,1229869.75,25.0,-10.0,-0.02,0.37
1999-04-29,612,0.23,0.22,0.23,0.19,2315,1330814.0,22.22,22.22,0.04,0.4
1999-04-30,612,0.23,0.23,0.24,0.2,1889,1101311.62,18.18,4.55,0.01,0.33
1999-05-04,612,0.23,0.21,0.24,0.21,1379,801790.0,13.04,-8.7,-0.02,0.24
1999-05-05,612,0.22,0.2,0.22,0.19,1519,876777.0,14.29,-4.76,-0.01,0.26
1999-05-06,612,0.21,0.22,0.23,0.19,1548,894340.19,20.0,10.0,0.02,0.27
1999-05-07,612,0.22,0.23,0.26,0.22,2656,1570284.88,18.18,4.55,0.01,0.46
1999-05-10,612,0.21,0.16,0.21,0.15,3633,2036225.25,26.09,-30.43,-0.07,0.63
1999-05-11,612,0.16,0.19,0.19,0.16,1506,845983.0,18.75,18.75,0.03,0.26
1999-05-12,612,0.2,0.18,0.2,0.17,898,504895.0,15.79,-5.26,-0.01,0.16
1999-05-13,612,0.17,0.16,0.18,0.15,1207,670684.0,16.67,-11.11,-0.02,0.21
1999-05-14,612,0.15,0.09,0.15,0.08,2813,1490458.88,43.75,-43.75,-0.07,0.49
1999-05-17,612,0.09,0.07,0.09,0.05,1818,938914.56,44.44,-22.22,-0.02,0.32
1999-05-18,612,0.07,0.07,0.09,0.06,1459,756218.19,42.86,0.0,0.0,0.25
1999-05-19,612,0.07,0.12,0.12,0.07,1714,902080.62,71.43,71.43,0.05,0.3
1999-05-20,612,0.12,0.16,0.17,0.11,4548,2479198.75,50.0,33.33,0.04,0.79
1999-05-21,612,0.17,0.13,0.18,0.12,5317,2896876.0,37.5,-18.75,-0.03,0.92
1999-05-24,612,0.13,0.19,0.2,0.1,8614,4715334.5,76.92,46.15,0.06,1.5
1999-05-25,612,0.23,0.24,0.31,0.23,20163,12209478.0,42.11,26.32,0.05,3.5
1999-05-26,612,0.24,0.27,0.28,0.21,8483,5017365.5,29.17,12.5,0.03,1.47
1999-05-27,612,0.26,0.28,0.3,0.24,10216,6184982.5,22.22,3.7,0.01,1.77
1999-05-28,612,0.29,0.28,0.33,0.26,10243,6316678.0,25.0,0.0,0.0,1.78
1999-05-31,612,0.26,0.2,0.28,0.18,8414,4944212.5,35.71,-28.57,-0.08,1.46
1999-06-01,612,0.21,0.26,0.27,0.21,6429,3796074.5,30.0,30.0,0.06,1.12
1999-06-02,612,0.26,0.21,0.27,0.21,7201,4234364.5,23.08,-19.23,-0.05,1.25
1999-06-03,612,0.19,0.17,0.2,0.16,5589,3168718.5,19.05,-19.05,-0.04,0.97
1999-06-04,612,0.17,0.17,0.2,0.16,5363,3006949.75,23.53,0.0,0.0,0.93
1999-06-07,612,0.17,0.21,0.23,0.16,5539,3156669.25,41.18,23.53,0.04,0.96
1999-06-08,612,0.22,0.22,0.24,0.2,6461,3750924.5,19.05,4.76,0.01,1.12
1999-06-10,612,0.27,0.26,0.29,0.25,12043,7322148.0,18.18,18.18,0.04,2.09
1999-06-11,612,0.27,0.33,0.34,0.27,16074,10007295.0,26.92,26.92,0.07,2.79
1999-06-14,612,0.35,0.38,0.38,0.33,17609,11303627.0,15.15,15.15,0.05,3.06
1999-06-15,612,0.39,0.28,0.44,0.26,21525,14106294.0,47.37,-26.32,-0.1,3.74
1999-06-16,612,0.28,0.34,0.34,0.28,10313,6430878.5,21.43,21.43,0.06,1.79
1999-06-17,612,0.36,0.33,0.39,0.29,14336,9049781.0,29.41,-2.94,-0.01,2.49
1999-06-18,612,0.33,0.37,0.39,0.29,20569,13169863.0,30.3,12.12,0.04,3.57
1999-06-21,612,0.37,0.52,0.52,0.37,33000,22621882.0,40.54,40.54,0.15,5.73
1999-06-22,612,0.54,0.61,0.64,0.48,54052,39634196.0,30.77,17.31,0.09,9.38
1999-06-23,612,0.63,0.67,0.68,0.59,46088,35287572.0,14.75,9.84,0.06,8.0
1999-06-24,612,0.7,0.84,0.84,0.7,98830,81358400.0,20.9,25.37,0.17,17.15
1999-06-25,612,0.9,0.77,1.03,0.77,85589,77447304.0,30.95,-8.33,-0.07,14.85
1999-06-28,612,0.78,0.87,0.88,0.76,32570,27603058.0,15.58,12.99,0.1,5.65
1999-06-29,612,0.88,0.82,0.93,0.77,25216,21370920.0,18.39,-5.75,-0.05,4.38
1999-06-30,612,0.79,0.7,0.8,0.68,24066,19567732.0,14.63,-14.63,-0.12,4.18
1999-07-01,612,0.68,0.52,0.68,0.52,14502,10657882.0,22.86,-25.71,-0.18,2.52
1999-07-02,612,0.48,0.57,0.58,0.44,16159,11606694.0,26.92,9.62,0.05,2.8
1999-07-05,612,0.57,0.54,0.61,0.53,8925,6581268.5,14.04,-5.26,-0.03,1.55
1999-07-06,612,0.52,0.46,0.54,0.45,7450,5216663.5,16.67,-14.81,-0.08,1.29
1999-07-07,612,0.48,0.52,0.53,0.46,6832,4841960.5,15.22,13.04,0.06,1.19
1999-07-08,612,0.53,0.54,0.57,0.52,5761,4170902.5,9.62,3.85,0.02,1.0
1999-07-09,612,0.53,0.52,0.53,0.5,5724,4096478.25,5.56,-3.7,-0.02,0.99
1999-07-12,612,0.53,0.68,0.68,0.53,22056,16981926.0,28.85,30.77,0.16,3.83
1999-07-13,612,0.7,0.59,0.7,0.57,10429,8001621.5,19.12,-13.24,-0.09,1.81
1999-07-14,612,0.59,0.64,0.69,0.59,9223,7125318.5,16.95,8.47,0.05,1.6
1999-07-15,612,0.62,0.64,0.69,0.59,8297,6460062.0,15.63,0.0,0.0,1.44
1999-07-16,612,0.62,0.61,0.66,0.58,8624,6517618.5,12.5,-4.69,-0.03,1.5
1999-07-19,612,0.59,0.66,0.68,0.59,13550,10558088.0,14.75,8.2,0.05,2.35
1999-07-20,612,0.67,0.79,0.79,0.67,39850,32642902.0,18.18,19.7,0.13,6.92
1999-07-21,612,0.78,0.77,0.83,0.72,21592,17862224.0,13.92,-2.53,-0.02,3.75
1999-07-22,612,0.77,0.72,0.81,0.67,25260,20554574.0,18.18,-6.49,-0.05,4.38
1999-07-23,612,0.7,0.75,0.77,0.7,9764,7950799.5,9.72,4.17,0.03,1.69
1999-07-26,612,0.75,0.72,0.77,0.71,6041,4923315.5,8.0,-4.0,-0.03,1.05
1999-07-27,612,0.73,0.68,0.75,0.68,6402,5152187.5,9.72,-5.56,-0.04,1.11
1999-07-28,612,0.66,0.65,0.7,0.64,9653,7546559.0,8.82,-4.41,-0.03,1.68
1999-07-29,612,0.66,0.62,0.67,0.59,11760,8952307.0,12.31,-4.62,-0.03,2.04
1999-07-30,612,0.62,0.64,0.65,0.58,4817,3686349.0,11.29,3.23,0.02,0.84
1999-08-02,612,0.64,0.63,0.67,0.59,6765,5210038.0,12.5,-1.56,-0.01,1.17
1999-08-03,612,0.64,0.69,0.71,0.63,9558,7530904.0,12.7,9.52,0.06,1.66
1999-08-04,612,0.7,0.69,0.72,0.67,6232,4955941.5,7.25,0.0,0.0,1.08
1999-08-05,612,0.7,0.64,0.72,0.59,7296,5675452.5,18.84,-7.25,-0.05,1.27
1999-08-06,612,0.64,0.62,0.65,0.6,8301,6304577.0,7.81,-3.13,-0.02,1.44
1999-08-09,612,0.65,0.75,0.77,0.65,22383,18230484.0,19.35,20.97,0.13,3.88
1999-08-10,612,0.74,0.68,0.74,0.66,7608,6037879.0,10.67,-9.33,-0.07,1.32
1999-08-11,612,0.68,0.77,0.8,0.68,26017,21447518.0,17.65,13.24,0.09,4.52
1999-08-12,612,0.78,0.76,0.82,0.73,13978,11619709.0,11.69,-1.3,-0.01,2.43
1999-08-13,612,0.81,0.69,0.81,0.68,8970,7363240.5,17.11,-9.21,-0.07,1.56
1999-08-16,612,0.69,0.71,0.72,0.62,6753,5258387.0,14.49,2.9,0.02,1.17
1999-08-17,612,0.71,0.7,0.75,0.7,4056,3278199.75,7.04,-1.41,-0.01,0.7
1999-08-18,612,0.7,0.68,0.7,0.64,5442,4224361.0,8.57,-2.86,-0.02,0.94
1999-08-19,612,0.77,0.73,0.77,0.66,7369,5960038.0,16.18,7.35,0.05,1.28
1999-08-20,612,0.73,0.72,0.76,0.7,8442,6879806.5,8.22,-1.37,-0.01,1.47
1999-08-23,612,0.73,0.78,0.81,0.72,14072,11695394.0,12.5,8.33,0.06,2.44
1999-08-24,612,0.81,0.81,0.81,0.75,11002,9185767.0,7.69,3.85,0.03,1.91
1999-08-25,612,0.82,0.84,0.92,0.81,44009,38542876.0,13.58,3.7,0.03,7.64
1999-08-26,612,0.82,0.84,0.87,0.8,10690,9143278.0,8.33,0.0,0.0,1.86
1999-08-27,612,0.85,0.78,0.87,0.77,12498,10589408.0,11.9,-7.14,-0.06,2.17
1999-08-30,612,0.78,0.8,0.85,0.77,11473,9660953.0,10.26,2.56,0.02,1.99
1999-08-31,612,0.8,0.86,0.87,0.8,15422,13369948.0,8.75,7.5,0.06,2.68
1999-09-01,612,0.86,0.79,0.86,0.78,9546,8137915.0,9.3,-8.14,-0.07,1.66
1999-09-02,612,0.77,0.81,0.82,0.74,11498,9510210.0,10.13,2.53,0.02,2.0
1999-09-03,612,0.79,0.74,0.81,0.74,5580,4614144.5,8.64,-8.64,-0.07,0.97
1999-09-06,612,0.73,0.66,0.73,0.66,9207,7260837.5,9.46,-10.81,-0.08,1.6
1999-09-07,612,0.64,0.68,0.71,0.64,5594,4422666.5,10.61,3.03,0.02,0.97
1999-09-08,612,0.67,0.68,0.72,0.66,3250,2580879.0,8.82,0.0,0.0,0.56
1999-09-09,612,0.7,0.8,0.8,0.7,10189,8357819.5,14.71,17.65,0.12,1.77
1999-09-10,612,0.8,0.75,0.81,0.74,9666,7978232.0,8.75,-6.25,-0.05,1.68
1999-09-13,612,0.73,0.76,0.79,0.71,8153,6672767.5,10.67,1.33,0.01,1.42
1999-09-14,612,0.77,0.78,0.8,0.74,8939,7432678.5,7.89,2.63,0.02,1.55
1999-09-15,612,0.79,0.74,0.79,0.73,6328,5182736.5,7.69,-5.13,-0.04,1.1
1999-09-16,612,0.75,0.73,0.77,0.73,5540,4526576.5,5.41,-1.35,-0.01,0.96
1999-09-17,612,0.73,0.71,0.75,0.7,7535,6066756.5,6.85,-2.74,-0.02,1.31
1999-09-20,612,0.67,0.68,0.72,0.66,26550,20966656.0,8.45,-4.23,-0.03,3.14
1999-09-21,612,0.66,0.68,0.69,0.66,7909,6221547.5,4.41,0.0,0.0,0.94
1999-09-22,612,0.68,0.68,0.69,0.67,4232,3336631.25,2.94,0.0,0.0,0.5
1999-09-23,612,0.68,0.65,0.68,0.63,6153,4782589.0,7.35,-4.41,-0.03,0.73
1999-09-24,612,0.59,0.67,0.68,0.59,3985,3113584.75,13.85,3.08,0.02,0.47
1999-09-27,612,0.66,0.66,0.68,0.62,3699,2865969.0,8.96,-1.49,-0.01,0.44
1999-09-28,612,0.64,0.62,0.65,0.62,3333,2554624.0,4.55,-6.06,-0.04,0.39
1999-09-29,612,0.62,0.62,0.65,0.62,2095,1603063.0,4.84,0.0,0.0,0.25
1999-09-30,612,0.64,0.62,0.64,0.62,2528,1933868.38,3.23,0.0,0.0,0.3
1999-10-08,612,0.64,0.64,0.68,0.62,2159,1666207.5,9.68,3.23,0.02,0.26
1999-10-11,612,0.63,0.73,0.74,0.63,10353,8249651.0,17.19,14.06,0.09,1.23
1999-10-12,612,0.72,0.74,0.75,0.7,9146,7396516.5,6.85,1.37,0.01,1.08
1999-10-13,612,0.73,0.67,0.75,0.66,4760,3770819.5,12.16,-9.46,-0.07,0.56
1999-10-14,612,0.66,0.66,0.7,0.63,1881,1478188.25,10.45,-1.49,-0.01,0.22
1999-10-15,612,0.68,0.72,0.72,0.67,4716,3772908.0,7.58,9.09,0.06,0.56
1999-10-18,612,0.72,0.73,0.75,0.7,6970,5623103.0,6.94,1.39,0.01,0.83
1999-10-19,612,0.71,0.71,0.73,0.69,6391,5126835.0,5.48,-2.74,-0.02,0.76
1999-10-20,612,0.71,0.77,0.78,0.71,24240,20035124.0,9.86,8.45,0.06,2.87
1999-10-21,612,0.77,0.77,0.8,0.74,21881,18242566.0,7.79,0.0,0.0,2.59
1999-10-22,612,0.77,0.83,0.84,0.76,29344,24899556.0,10.39,7.79,0.06,3.47
1999-10-25,612,0.84,0.86,0.92,0.81,51020,44884604.0,13.25,3.61,0.03,6.04
1999-10-26,612,0.86,0.84,0.88,0.83,19356,16740632.0,5.81,-2.33,-0.02,2.29
1999-10-27,612,0.86,0.9,0.92,0.85,28891,25590676.0,8.33,7.14,0.06,3.42
1999-10-28,612,0.92,0.91,0.92,0.86,16851,14945489.0,6.67,1.11,0.01,1.99
1999-10-29,612,0.92,0.83,0.92,0.83,17197,15005903.0,9.89,-8.79,-0.08,2.04
1999-11-01,612,0.73,0.78,0.87,0.73,14115,11918522.0,16.87,-6.02,-0.05,1.67
1999-11-02,612,0.77,0.93,0.95,0.77,28111,24877904.0,23.08,19.23,0.15,3.33
1999-11-03,612,0.93,0.87,0.93,0.85,15733,13939147.0,8.6,-6.45,-0.06,1.86
1999-11-04,612,0.86,0.87,0.9,0.82,12763,11052371.0,9.2,0.0,0.0,1.51
1999-11-05,612,0.87,0.9,1.02,0.87,31781,28879568.0,17.24,3.45,0.03,3.76
1999-11-08,612,0.86,0.91,0.92,0.86,8806,7780126.0,6.67,1.11,0.01,1.04
1999-11-09,612,0.91,0.98,0.98,0.89,16187,14730132.0,9.89,7.69,0.07,1.92
1999-11-10,612,0.97,0.97,1.0,0.93,14186,13002902.0,7.14,-1.02,-0.01,1.68
1999-11-11,612,0.97,0.9,0.97,0.89,13780,12336309.0,8.25,-7.22,-0.07,1.63
1999-11-12,612,0.88,0.9,0.92,0.86,9715,8571485.0,6.67,0.0,0.0,1.15
1999-11-15,612,0.89,0.88,0.91,0.86,5806,5124960.5,5.56,-2.22,-0.02,0.69
1999-11-16,612,0.85,0.87,0.9,0.82,11739,10125658.0,9.09,-1.14,-0.01,1.39
1999-11-17,612,0.87,0.88,0.88,0.85,6800,5932017.5,3.45,1.15,0.01,0.81
1999-11-18,612,0.88,0.93,0.94,0.86,9014,8105548.0,9.09,5.68,0.05,1.07
1999-11-19,612,0.93,0.88,0.96,0.88,4067,3617677.0,8.6,-5.38,-0.05,0.48
1999-11-22,612,0.88,0.92,0.92,0.85,7536,6591577.5,7.95,4.55,0.04,0.89
1999-11-23,612,0.91,0.89,0.93,0.88,3313,2941854.75,5.43,-3.26,-0.03,0.39
1999-11-24,612,0.88,0.93,0.94,0.86,11966,10639469.0,8.99,4.49,0.04,1.42
1999-11-25,612,0.93,0.97,0.98,0.93,23037,21146448.0,5.38,4.3,0.04,2.73
1999-11-26,612,0.98,0.95,1.0,0.95,15018,13898166.0,5.15,-2.06,-0.02,1.78
1999-11-29,612,0.95,0.94,0.99,0.94,6808,6258135.5,5.26,-1.05,-0.01,0.81
1999-11-30,612,0.96,0.88,0.96,0.88,11431,10180444.0,8.51,-6.38,-0.06,1.35
1999-12-01,612,0.91,0.89,0.91,0.87,7172,6334710.0,4.55,1.14,0.01,0.85
1999-12-02,612,0.9,0.86,0.92,0.85,8434,7357733.5,7.87,-3.37,-0.03,1.0
1999-12-03,612,0.86,0.83,0.88,0.82,12353,10631150.0,6.98,-3.49,-0.03,1.46
1999-12-06,612,0.97,0.87,0.97,0.84,5537,4887745.0,15.66,4.82,0.04,0.66
1999-12-07,612,0.88,0.84,0.89,0.84,4423,3832448.0,5.75,-3.45,-0.03,0.52
1999-12-08,612,0.84,0.86,0.93,0.84,8051,7116915.5,10.71,2.38,0.02,0.95
1999-12-09,612,0.84,0.87,0.89,0.84,1679,1466289.75,5.81,1.16,0.01,0.2
1999-12-10,612,0.87,0.9,0.9,0.84,2905,2528005.0,6.9,3.45,0.03,0.34
1999-12-13,612,0.86,0.84,0.9,0.84,3165,2752048.0,6.67,-6.67,-0.06,0.37
1999-12-14,612,0.84,0.83,0.88,0.83,4189,3630188.25,5.95,-1.19,-0.01,0.5
1999-12-15,612,0.88,0.85,0.88,0.83,4327,3736791.5,6.02,2.41,0.02,0.51
1999-12-16,612,0.85,0.83,0.85,0.83,4689,4028776.0,2.35,-2.35,-0.02,0.56
1999-12-17,612,0.8,0.8,0.87,0.77,6331,5357901.0,12.05,-3.61,-0.03,0.75
1999-12-21,612,0.78,0.74,0.78,0.72,13498,11006795.0,7.5,-7.5,-0.06,1.6
1999-12-22,612,0.73,0.74,0.77,0.72,2561,2094399.5,6.76,0.0,0.0,0.3
1999-12-23,612,0.73,0.74,0.75,0.73,2932,2399330.0,2.7,0.0,0.0,0.35
1999-12-24,612,0.73,0.74,0.76,0.73,2906,2379263.5,4.05,0.0,0.0,0.34
1999-12-27,612,0.75,0.7,0.75,0.6,5067,4030842.75,20.27,-5.41,-0.04,0.6
1999-12-28,612,0.7,0.69,0.75,0.68,4904,3912132.25,10.0,-1.43,-0.01,0.58
1999-12-29,612,0.7,0.7,0.71,0.68,6817,5413084.5,4.35,1.45,0.01,0.81
1999-12-30,612,0.68,0.74,0.74,0.68,4691,3754415.5,8.57,5.71,0.04,0.56
2000-01-04,612,0.74,0.81,0.82,0.71,2832,2352379.75,14.86,9.46,0.07,0.34
2000-01-05,612,0.77,0.79,0.83,0.77,3737,3146553.0,7.41,-2.47,-0.02,0.44
2000-01-06,612,0.82,0.87,0.88,0.78,4607,3920929.75,12.66,10.13,0.08,0.55
2000-01-10,612,0.98,0.97,1.07,0.9,20372,18764934.0,19.54,11.49,0.1,2.41
2000-01-11,612,0.97,0.85,0.97,0.83,9206,8135786.5,14.43,-12.37,-0.12,1.09
2000-01-12,612,0.84,0.82,0.87,0.79,5574,4745774.5,9.41,-3.53,-0.03,0.66
2000-01-13,612,0.82,0.89,0.93,0.81,8555,7544190.5,14.63,8.54,0.07,1.01
2000-01-14,612,0.93,0.9,0.93,0.88,5941,5268810.5,5.62,1.12,0.01,0.7
2000-01-17,612,0.9,0.92,0.92,0.83,5872,5183252.5,10.0,2.22,0.02,0.7
2000-01-18,612,0.92,0.9,0.93,0.86,9702,8624433.0,7.61,-2.17,-0.02,1.15
2000-01-19,612,0.92,0.96,1.03,0.88,27164,24859790.0,16.67,6.67,0.06,3.22
2000-01-20,612,0.94,1.03,1.06,0.91,58067,54422436.0,15.63,7.29,0.07,6.87
2000-01-21,612,1.0,0.97,1.08,0.93,41645,39225236.0,14.56,-5.83,-0.06,4.93
2000-01-24,612,0.99,1.0,1.02,0.93,18868,17238698.0,9.28,3.09,0.03,2.23
2000-01-25,612,0.98,1.01,1.06,0.96,19573,18341380.0,10.0,1.0,0.01,2.32
2000-01-26,612,0.98,0.97,1.01,0.96,6603,6081149.5,4.95,-3.96,-0.04,0.78
2000-01-27,612,0.96,0.92,0.99,0.89,18863,16991670.0,10.31,-5.15,-0.05,2.23
2000-01-28,612,0.93,0.96,0.97,0.89,15440,13861905.0,8.7,4.35,0.04,1.83
2000-02-14,612,1.01,1.14,1.16,0.97,35776,34619456.0,19.79,18.75,0.18,4.24
2000-02-15,612,1.14,1.04,1.18,1.03,37827,37023576.0,13.16,-8.77,-0.1,4.48
2000-02-16,612,1.06,1.25,1.25,1.04,37153,37838880.0,20.19,20.19,0.21,4.4
2000-02-17,612,1.48,1.25,1.48,1.15,81321,89446616.0,26.4,0.0,0.0,9.63
2000-02-18,612,1.15,1.44,1.48,1.15,38118,41646116.0,26.4,15.2,0.19,4.51
2000-02-21,612,1.48,1.54,1.64,1.44,44041,51885232.0,13.89,6.94,0.1,5.21
2000-02-22,612,1.54,1.39,1.55,1.37,29254,33149092.0,11.69,-9.74,-0.15,3.46
2000-02-23,612,1.33,1.32,1.42,1.26,30034,32482208.0,11.51,-5.04,-0.07,3.56
2000-02-24,612,1.31,1.42,1.43,1.29,14537,16024206.0,10.61,7.58,0.1,1.72
2000-02-25,612,1.43,1.35,1.47,1.35,15126,16850992.0,8.45,-4.93,-0.07,1.79
2000-02-28,612,1.37,1.48,1.48,1.35,17571,19651938.0,9.63,9.63,0.13,2.08
2000-02-29,612,1.47,1.38,1.47,1.37,14213,15957520.0,6.76,-6.76,-0.1,1.68
2000-03-01,612,1.39,1.54,1.59,1.39,22795,26660976.0,14.49,11.59,0.16,2.7
2000-03-02,612,1.57,1.55,1.65,1.49,25201,29755206.0,10.39,0.65,0.01,2.98
2000-03-03,612,1.59,1.81,1.81,1.55,39514,49141956.0,16.77,16.77,0.26,4.68
2000-03-06,612,2.1,1.72,2.1,1.72,60350,80453512.0,20.99,-4.97,-0.09,7.14
2000-03-07,612,1.72,2.0,2.0,1.72,59066,79719080.0,16.28,16.28,0.28,6.99
2000-03-08,612,2.0,1.97,2.06,1.91,27853,38079812.0,7.5,-1.5,-0.03,3.3
2000-03-09,612,2.04,2.06,2.15,1.97,42558,59683288.0,9.14,4.57,0.09,5.04
2000-03-10,612,2.05,1.88,2.05,1.86,25674,34396876.0,9.22,-8.74,-0.18,3.04
2000-03-13,612,1.85,1.86,1.93,1.78,28459,36982996.0,7.98,-1.06,-0.02,3.37
2000-03-14,612,1.84,1.68,1.84,1.56,30585,37792924.0,15.05,-9.68,-0.18,3.62
2000-03-15,612,1.67,1.69,1.77,1.64,20608,25884834.0,7.74,0.6,0.01,2.44
2000-03-16,612,1.66,1.46,1.68,1.44,18393,21696444.0,14.2,-13.61,-0.23,2.18
2000-03-17,612,1.46,1.64,1.68,1.41,26050,31136846.0,18.49,12.33,0.18,3.08
2000-03-20,612,1.59,1.69,1.71,1.51,16912,20737506.0,12.2,3.05,0.05,2.0
2000-03-21,612,1.69,1.67,1.69,1.59,14002,17056272.0,5.92,-1.18,-0.02,1.66
2000-03-22,612,1.67,1.7,1.73,1.63,14511,18042702.0,5.99,1.8,0.03,1.72
2000-03-23,612,1.73,1.85,1.88,1.72,29351,38020136.0,9.41,8.82,0.15,3.47
2000-03-24,612,1.87,1.75,1.92,1.74,18850,24511904.0,9.73,-5.41,-0.1,2.23
2000-03-27,612,1.74,1.8,1.81,1.73,14897,19061400.0,4.57,2.86,0.05,1.76
2000-03-28,612,1.82,1.81,1.9,1.78,18203,23678206.0,6.67,0.56,0.01,2.15
2000-03-29,612,1.84,1.8,1.86,1.56,17054,21939914.0,16.57,-0.55,-0.01,2.02
2000-03-30,612,1.82,1.89,1.91,1.75,20114,26329494.0,8.89,5.0,0.09,2.38
2000-03-31,612,1.86,1.84,1.89,1.79,13214,17345266.0,5.29,-2.65,-0.05,1.56
2000-04-03,612,1.84,1.88,1.93,1.81,24310,32259900.0,6.52,2.17,0.04,2.88
2000-04-04,612,1.87,1.79,1.88,1.75,11798,15300537.0,6.91,-4.79,-0.09,1.4
2000-04-05,612,1.77,1.78,1.82,1.72,10108,12885023.0,5.59,-0.56,-0.01,1.2
2000-04-06,612,1.78,1.84,1.88,1.76,15041,19489924.0,6.74,3.37,0.06,1.78
2000-04-07,612,1.86,1.84,1.9,1.79,18298,24000914.0,5.98,0.0,0.0,2.17
2000-04-11,612,1.85,1.88,1.98,1.84,34092,45826852.0,7.61,2.17,0.04,4.04
2000-04-12,612,1.86,1.81,1.9,1.78,17703,23041232.0,6.38,-3.72,-0.07,2.1
2000-04-13,612,1.82,1.81,1.86,1.78,15198,19659156.0,4.42,0.0,0.0,1.8
2000-04-14,612,1.84,1.74,1.84,1.73,15565,19860678.0,6.08,-3.87,-0.07,1.84
2000-04-17,612,1.74,1.64,1.75,1.62,17720,21786158.0,7.47,-5.75,-0.1,2.1
2000-04-18,612,1.65,1.71,1.73,1.63,9532,11849270.0,6.1,4.27,0.07,1.13
2000-04-19,612,1.71,1.71,1.75,1.69,10293,12949762.0,3.51,0.0,0.0,1.22
2000-04-20,612,1.71,1.68,1.73,1.64,9864,12220643.0,5.26,-1.75,-0.03,1.17
2000-04-21,612,1.74,1.76,1.81,1.74,14525,18575470.0,4.17,4.76,0.08,1.72
2000-04-24,612,1.77,1.83,1.84,1.75,15735,20236794.0,5.11,3.98,0.07,1.86
2000-04-25,612,1.86,1.78,1.86,1.76,8716,11261822.0,5.46,-2.73,-0.05,1.03
2000-04-26,612,1.78,1.76,1.81,1.76,8811,11281852.0,2.81,-1.12,-0.02,1.04
2000-04-27,612,1.75,1.7,1.78,1.69,10832,13603239.0,5.11,-3.41,-0.06,1.28
2000-04-28,612,1.72,1.74,1.75,1.62,8550,8847796.0,7.65,2.35,0.04,0.84
2000-05-08,612,1.66,1.67,1.75,1.66,6396,6536207.5,5.17,-4.02,-0.07,0.63
2000-05-09,612,1.67,1.59,1.69,1.57,8579,8576875.0,7.19,-4.79,-0.08,0.85
2000-05-10,612,1.59,1.44,1.59,1.43,9248,8756355.0,10.06,-9.43,-0.15,0.91
2000-05-11,612,1.42,1.42,1.48,1.42,5140,4814358.5,4.17,-1.39,-0.02,0.51
2000-05-12,612,1.43,1.4,1.46,1.39,5491,5080897.0,4.93,-1.41,-0.02,0.54
2000-05-15,612,1.4,1.32,1.41,1.31,4628,4130716.75,7.14,-5.71,-0.08,0.46
2000-05-16,612,1.32,1.36,1.4,1.31,4647,4210664.0,6.82,3.03,0.04,0.46
2000-05-17,612,1.38,1.38,1.4,1.35,3788,3443732.5,3.68,1.47,0.02,0.37
2000-05-18,612,1.38,1.42,1.43,1.35,5772,5275147.5,5.8,2.9,0.04,0.57
2000-05-19,612,1.42,1.49,1.51,1.42,9164,8635392.0,6.34,4.93,0.07,0.9
2000-05-22,612,1.52,1.53,1.54,1.46,13822,13270889.0,5.37,2.68,0.04,1.36
2000-05-23,612,1.53,1.73,1.75,1.53,21746,21866500.0,14.38,13.07,0.2,2.14
2000-05-24,612,1.72,1.68,1.75,1.67,18323,18941572.0,4.62,-2.89,-0.05,1.81
2000-05-25,612,1.71,1.74,1.75,1.68,16751,17333844.0,4.17,3.57,0.06,1.65
2000-05-26,612,1.75,1.68,1.75,1.66,12261,12595302.0,5.17,-3.45,-0.06,1.21
2000-05-29,612,1.7,1.64,1.7,1.62,13433,13614479.0,4.76,-2.38,-0.04,1.32
2000-05-30,612,1.65,1.63,1.67,1.62,9504,9602880.0,3.05,-0.61,-0.01,0.94
2000-05-31,612,1.63,1.64,1.68,1.59,12317,12454975.0,5.52,0.61,0.01,1.21
2000-06-01,612,1.65,1.63,1.7,1.61,9928,10001622.0,5.49,-0.61,-0.01,0.98
2000-06-02,612,1.64,1.64,1.65,1.61,9218,9246122.0,2.45,0.61,0.01,0.91
2000-06-05,612,1.64,1.64,1.67,1.61,14496,14602394.0,3.66,0.0,0.0,1.43
2000-06-06,612,1.65,1.66,1.67,1.62,6327,6392712.5,3.05,1.22,0.02,0.62
2000-06-07,612,1.7,1.75,1.8,1.64,27375,28597180.0,9.64,5.42,0.09,2.7
2000-06-08,612,1.76,1.77,1.83,1.72,28106,29823818.0,6.29,1.14,0.02,2.77
2000-06-09,612,1.75,1.71,1.82,1.7,12056,12651497.0,6.78,-3.39,-0.06,1.19
2000-06-12,612,1.7,1.67,1.7,1.57,7467,7578048.5,7.6,-2.34,-0.04,0.74
2000-06-13,612,1.66,1.72,1.72,1.66,7639,7835045.5,3.59,2.99,0.05,0.75
2000-06-14,612,1.72,1.77,1.8,1.72,19358,20522414.0,4.65,2.91,0.05,1.91
2000-06-15,612,1.77,1.79,1.8,1.77,12928,13718475.0,1.69,1.13,0.02,1.27
2000-06-16,612,1.8,1.75,1.83,1.75,13255,14104993.0,4.47,-2.23,-0.04,1.31
2000-06-19,612,1.76,1.83,1.85,1.75,21936,23518252.0,5.71,4.57,0.08,2.16
2000-06-20,612,1.83,1.77,1.84,1.75,11347,12066232.0,4.92,-3.28,-0.06,1.12
2000-06-21,612,1.75,1.76,1.79,1.74,8486,8939493.0,2.82,-0.56,-0.01,0.84
2000-06-22,612,1.76,1.71,1.77,1.7,8788,9111267.0,3.98,-2.84,-0.05,0.87
2000-06-23,612,1.72,1.72,1.75,1.65,10533,10820200.0,5.85,0.58,0.01,1.04
2000-06-26,612,1.76,1.72,1.76,1.72,9921,10347676.0,2.33,0.0,0.0,0.98
2000-06-27,612,1.72,1.74,1.76,1.72,8459,8849615.0,2.33,1.16,0.02,0.83
2000-06-28,612,1.73,1.93,1.94,1.71,58396,63390236.0,13.22,10.92,0.19,5.76
2000-06-29,612,1.93,1.89,1.98,1.88,91814,102481264.0,5.18,-2.07,-0.04,9.05
2000-06-30,612,1.91,1.84,1.92,1.82,24531,26722656.0,5.29,-2.65,-0.05,2.42
2000-07-03,612,1.83,1.76,1.83,1.75,13479,14235474.0,4.35,-4.35,-0.08,1.33
2000-07-04,612,1.72,1.8,1.8,1.72,7686,8109228.5,4.55,2.27,0.04,0.76
2000-07-05,612,1.8,1.77,1.8,1.76,5168,5497743.5,2.22,-1.67,-0.03,0.51
2000-07-06,612,1.77,1.74,1.78,1.73,6630,6948865.0,2.82,-1.69,-0.03,0.65
2000-07-07,612,1.75,1.8,1.8,1.75,9939,10581207.0,2.87,3.45,0.06,0.98
2000-07-10,612,1.8,1.88,1.88,1.8,16981,18500738.0,4.44,4.44,0.08,1.67
2000-07-11,612,1.9,1.84,1.9,1.84,13200,14356803.0,3.19,-2.13,-0.04,1.3
2000-07-12,612,1.86,1.85,1.88,1.82,11423,12448132.0,3.26,0.54,0.01,1.13
2000-07-13,612,1.85,1.81,1.88,1.79,10725,11592764.0,4.86,-2.16,-0.04,1.06
2000-07-14,612,1.8,1.82,1.86,1.79,10399,11193624.0,3.87,0.55,0.01,1.03
2000-07-17,612,1.78,1.83,1.88,1.78,8860,9581648.0,5.49,0.55,0.01,0.87
2000-07-18,612,1.84,1.91,1.94,1.84,45741,50515956.0,5.46,4.37,0.08,4.51
2000-07-19,612,1.93,1.88,1.94,1.86,17488,19276640.0,4.19,-1.57,-0.03,1.72
2000-07-20,612,1.88,1.88,1.88,1.84,10147,11079881.0,2.13,0.0,0.0,1.0
2000-07-21,612,1.9,1.85,1.91,1.84,14386,15798570.0,3.72,-1.6,-0.03,1.42
2000-07-24,612,1.85,1.85,1.87,1.83,9521,10355020.0,2.16,0.0,0.0,0.94
2000-07-25,612,1.84,1.8,1.84,1.78,12437,13331865.0,3.24,-2.7,-0.05,1.23
2000-07-26,612,1.8,1.81,1.83,1.79,12117,12973764.0,2.22,0.56,0.01,1.19
2000-07-27,612,1.83,1.83,1.86,1.8,13258,14304729.0,3.31,1.1,0.02,1.31
2000-07-28,612,1.86,1.83,1.86,1.82,8692,9376767.0,2.19,0.0,0.0,0.86
2000-07-31,612,1.83,1.83,1.86,1.76,16621,17718420.0,5.46,0.0,0.0,1.64
2000-08-01,612,1.93,1.98,2.1,1.89,99896,114203880.0,11.48,8.2,0.15,9.85
2000-08-02,612,2.01,1.97,2.07,1.95,94018,108498688.0,6.06,-0.51,-0.01,9.27
2000-08-03,612,1.95,1.92,2.01,1.87,48373,54342700.0,7.11,-2.54,-0.05,4.77
2000-08-04,612,1.92,1.97,2.01,1.91,34496,38915356.0,5.21,2.6,0.05,3.4
2000-08-07,612,1.98,2.0,2.0,1.94,28013,31916324.0,3.05,1.52,0.03,2.76
2000-08-08,612,1.87,1.84,1.97,1.83,49568,54081620.0,7.0,-8.0,-0.16,4.89
2000-08-09,612,1.83,1.8,1.87,1.77,37331,39967480.0,5.43,-2.17,-0.04,3.68
2000-08-10,612,1.78,1.78,1.83,1.77,23195,24674902.0,3.33,-1.11,-0.02,2.29
2000-08-11,612,1.8,1.79,1.81,1.78,14149,15086207.0,1.69,0.56,0.01,1.4
2000-08-14,612,1.79,1.72,1.79,1.68,26765,27896548.0,6.15,-3.91,-0.07,2.64
2000-08-15,612,1.72,1.78,1.79,1.72,13363,14078146.0,4.07,3.49,0.06,1.32
2000-08-16,612,1.79,1.75,1.8,1.75,10571,11133864.0,2.81,-1.69,-0.03,1.04
2000-08-17,612,1.75,1.72,1.76,1.69,16522,17159430.0,4.0,-1.71,-0.03,1.63
2000-08-18,612,1.73,1.76,1.77,1.72,10619,11163273.0,2.91,2.33,0.04,1.05
2000-08-21,612,1.76,1.75,1.76,1.7,12589,13110042.0,3.41,-0.57,-0.01,1.24
2000-08-22,612,1.75,1.75,1.8,1.74,14786,15654962.0,3.43,0.0,0.0,1.46
2000-08-23,612,1.72,1.69,1.73,1.61,19529,19966396.0,6.86,-3.43,-0.06,1.93
2000-08-24,612,1.7,1.72,1.72,1.68,13294,13701213.0,2.37,1.78,0.03,1.31
2000-08-25,612,1.72,1.7,1.72,1.69,10938,11277899.0,1.74,-1.16,-0.02,1.08
2000-08-28,612,1.7,1.69,1.71,1.67,13902,14214137.0,2.35,-0.59,-0.01,1.37
2000-08-29,612,1.68,1.74,1.76,1.68,15025,15511926.0,4.73,2.96,0.05,1.48
2000-08-30,612,1.75,1.7,1.76,1.7,7313,7596829.5,3.45,-2.3,-0.04,0.72
2000-08-31,612,1.68,1.63,1.7,1.63,11569,11773427.0,4.12,-4.12,-0.07,1.14
2000-09-01,612,1.62,1.64,1.66,1.59,9828,9872750.0,4.29,0.61,0.01,0.97
2000-09-04,612,1.64,1.64,1.64,1.61,6955,6979028.0,1.83,0.0,0.0,0.69
2000-09-05,612,1.64,1.58,1.66,1.58,6872,6871602.0,4.88,-3.66,-0.06,0.68
2000-09-06,612,1.5,1.6,1.63,1.5,10754,10593610.0,8.23,1.27,0.02,1.06
2000-09-07,612,1.61,1.6,1.62,1.58,4756,4739642.0,2.5,0.0,0.0,0.47
2000-09-08,612,1.6,1.58,1.62,1.54,4729,4687061.5,5.0,-1.25,-0.02,0.47
2000-09-11,612,1.56,1.59,1.62,1.54,5166,5079677.5,5.06,0.63,0.01,0.51
2000-09-12,612,1.58,1.6,1.6,1.55,3778,3719951.0,3.14,0.63,0.01,0.37
2000-09-13,612,1.59,1.62,1.64,1.56,5971,5976800.0,5.0,1.25,0.02,0.59
2000-09-14,612,1.62,1.67,1.72,1.62,5677,5796888.0,6.17,3.09,0.05,0.56
2000-09-15,612,1.67,1.7,1.73,1.66,11429,11816604.0,4.19,1.8,0.03,1.13
2000-09-18,612,1.7,1.64,1.72,1.64,3786,3869989.25,4.71,-3.53,-0.06,0.37
2000-09-19,612,1.62,1.59,1.62,1.56,4488,4464663.0,3.66,-3.05,-0.05,0.44
2000-09-20,612,1.59,1.62,1.62,1.56,2762,2743153.25,3.77,1.89,0.03,0.27
2000-09-21,612,1.64,1.63,1.69,1.6,3656,3696568.5,5.56,0.62,0.01,0.36
2000-09-22,612,1.62,1.61,1.64,1.59,2675,2667429.0,3.07,-1.23,-0.02,0.26
2000-09-25,612,1.6,1.59,1.62,1.59,2986,2970918.5,1.86,-1.24,-0.02,0.29
2000-09-26,612,1.59,1.57,1.6,1.56,4720,4652098.0,2.52,-1.26,-0.02,0.47
2000-09-27,612,1.57,1.59,1.66,1.57,2667,2663637.0,5.73,1.27,0.02,0.26
2000-09-28,612,1.59,1.62,1.64,1.58,3603,3594304.75,3.77,1.89,0.03,0.36
2000-09-29,612,1.62,1.62,1.64,1.62,1887,1891716.12,1.23,0.0,0.0,0.19
2000-10-09,612,1.62,1.64,1.65,1.61,2133,2140595.0,2.47,1.23,0.02,0.21
2000-10-10,612,1.64,1.69,1.72,1.64,3044,3111785.25,4.88,3.05,0.05,0.3
2000-10-11,612,1.71,1.66,1.72,1.64,4062,4185865.5,4.73,-1.78,-0.03,0.4
2000-10-12,612,1.66,1.6,1.66,1.59,3627,3639549.75,4.22,-3.61,-0.06,0.36
2000-10-13,612,1.63,1.56,1.65,1.54,10719,10613747.0,6.88,-2.5,-0.04,1.06
2000-10-16,612,1.59,1.7,1.72,1.59,23379,23913114.0,8.33,8.97,0.14,2.31
2000-10-17,612,1.71,1.69,1.72,1.65,5883,6029270.5,4.12,-0.59,-0.01,0.58
2000-10-18,612,1.71,1.72,1.74,1.68,9575,9942973.0,3.55,1.78,0.03,0.94
2000-10-19,612,1.72,1.72,1.77,1.72,7516,7861351.0,2.91,0.0,0.0,0.74
2000-10-20,612,1.72,1.72,1.74,1.66,5406,5583726.0,4.65,0.0,0.0,0.53
2000-10-23,612,1.75,1.72,1.76,1.68,4793,4987243.0,4.65,0.0,0.0,0.47
2000-10-24,612,1.72,1.69,1.72,1.68,4199,4325773.0,2.33,-1.74,-0.03,0.41
2000-10-25,612,1.72,1.81,1.85,1.69,52461,55576668.0,9.47,7.1,0.12,5.17
2000-10-26,612,1.81,1.78,1.81,1.76,7292,7757910.0,2.76,-1.66,-0.03,0.72
2000-10-27,612,1.76,1.76,1.8,1.75,7420,7838220.5,2.81,-1.12,-0.02,0.73
2000-10-30,612,1.76,1.82,1.82,1.74,20383,21555248.0,4.55,3.41,0.06,2.01
2000-10-31,612,1.84,1.77,1.84,1.76,7356,7861643.0,4.4,-2.75,-0.05,0.73
2000-11-01,612,1.76,1.78,1.82,1.76,6512,6934916.5,3.39,0.56,0.01,0.64
2000-11-02,612,1.79,1.77,1.79,1.76,4759,5037056.0,1.69,-0.56,-0.01,0.47
2000-11-03,612,1.77,1.73,1.78,1.73,4931,5169205.5,2.82,-2.26,-0.04,0.49
2000-11-06,612,1.72,1.73,1.75,1.71,4047,4211393.0,2.31,0.0,0.0,0.4
2000-11-07,612,1.72,1.72,1.73,1.7,4604,4766778.0,1.73,-0.58,-0.01,0.45
2000-11-08,612,1.73,1.73,1.74,1.7,5603,5806302.5,2.33,0.58,0.01,0.55
2000-11-09,612,1.73,1.75,1.78,1.73,6139,6459092.5,2.89,1.16,0.02,0.61
2000-11-10,612,1.75,1.75,1.75,1.72,8147,8497566.0,1.71,0.0,0.0,0.8
2000-11-13,612,1.75,1.79,1.8,1.75,8685,9205614.0,2.86,2.29,0.04,0.86
2000-11-14,612,1.79,1.77,1.8,1.75,7148,7539561.0,2.79,-1.12,-0.02,0.7
2000-11-15,612,1.78,1.8,1.8,1.77,12559,13350953.0,1.69,1.69,0.03,1.24
2000-11-16,612,1.81,1.8,1.83,1.78,7930,8479512.0,2.78,0.0,0.0,0.78
2000-11-17,612,1.8,1.83,1.87,1.79,19732,21262540.0,4.44,1.67,0.03,1.95
2000-11-20,612,1.83,1.94,2.02,1.8,35955,39825652.0,12.02,6.01,0.11,3.55
2000-11-21,612,1.94,2.01,2.02,1.91,38539,43513912.0,5.67,3.61,0.07,3.8
2000-11-22,612,2.01,2.04,2.09,1.96,50233,58257648.0,6.47,1.49,0.03,4.95
2000-11-23,612,2.04,2.09,2.1,2.01,51010,59308068.0,4.41,2.45,0.05,5.03
2000-11-24,612,2.1,1.95,2.12,1.89,30215,34686764.0,11.0,-6.7,-0.14,2.98
2000-11-27,612,1.91,1.94,1.96,1.86,15307,17051102.0,5.13,-0.51,-0.01,1.51
2000-11-28,612,1.94,1.97,1.98,1.94,10755,12138921.0,2.06,1.55,0.03,1.06
2000-11-29,612,1.98,1.91,1.99,1.89,8280,9244750.0,5.08,-3.05,-0.06,0.82
2000-11-30,612,1.96,1.98,2.06,1.93,21522,24672106.0,6.81,3.66,0.07,2.12
2000-12-01,612,2.0,2.0,2.07,1.9,20093,23108748.0,8.59,1.01,0.02,1.98
2000-12-04,612,2.0,2.0,2.02,1.94,7767,8797961.0,4.0,0.0,0.0,0.77
2000-12-05,612,2.0,1.97,2.06,1.96,9637,11030605.0,5.0,-1.5,-0.03,0.95
2000-12-06,612,1.96,1.97,1.99,1.9,11239,12568569.0,4.57,0.0,0.0,1.11
2000-12-07,612,1.96,2.07,2.25,1.95,41505,48553136.0,15.23,5.08,0.1,4.09
2000-12-08,612,2.07,2.07,2.09,2.02,15773,18388080.0,3.38,0.0,0.0,1.56
2000-12-11,612,2.07,2.04,2.08,1.96,10939,12613554.0,5.8,-1.45,-0.03,1.08
2000-12-12,612,2.02,2.03,2.06,2.0,6252,7221762.0,2.94,-0.49,-0.01,0.62
2000-12-13,612,2.03,2.14,2.17,2.01,35247,41759684.0,7.88,5.42,0.11,3.48
2000-12-14,612,2.14,2.15,2.2,2.12,29532,35589832.0,3.74,0.47,0.01,2.91
2000-12-15,612,2.18,2.14,2.22,2.1,19925,23907720.0,5.58,-0.47,-0.01,1.96
2000-12-18,612,2.15,2.16,2.18,2.07,14159,16868452.0,5.14,0.93,0.02,1.4
2000-12-19,612,2.19,2.23,2.27,2.16,28286,34783672.0,5.09,3.24,0.07,2.79
2000-12-20,612,2.24,2.23,2.26,2.2,15350,18897336.0,2.69,0.0,0.0,1.51
2000-12-21,612,2.23,2.19,2.26,2.18,16241,19864514.0,3.59,-1.79,-0.04,1.6
2000-12-22,612,2.18,2.24,2.24,2.17,12248,15008592.0,3.2,2.28,0.05,1.21
2000-12-25,612,2.28,2.27,2.34,2.26,22140,27831138.0,3.57,1.34,0.03,2.18
2000-12-26,612,2.3,2.25,2.32,2.23,19536,24356600.0,3.96,-0.88,-0.02,1.93
2000-12-27,612,2.26,2.28,2.31,2.23,11103,13785127.0,3.56,1.33,0.03,1.09
2000-12-28,612,2.28,2.28,2.33,2.23,17533,21962042.0,4.39,0.0,0.0,1.73
2000-12-29,612,2.27,2.24,2.31,2.23,12199,15172680.0,3.51,-1.75,-0.04,1.2
2001-01-02,612,2.24,2.24,2.27,2.17,18932,23156866.0,4.46,0.0,0.0,1.87
2001-01-03,612,2.13,2.31,2.36,2.13,24931,31112428.0,10.27,3.13,0.07,2.46
2001-01-04,612,2.35,2.33,2.36,2.3,11832,14982113.0,2.6,0.87,0.02,1.17
2001-01-05,612,2.33,2.31,2.36,2.31,10690,13517793.0,2.15,-0.86,-0.02,1.05
2001-01-08,612,2.31,2.21,2.35,2.19,16365,20191740.0,6.93,-4.33,-0.1,1.61
2001-01-09,612,2.21,2.2,2.23,2.15,13271,16073560.0,3.62,-0.45,-0.01,1.31
2001-01-10,612,2.2,2.19,2.23,2.17,11855,14409527.0,2.73,-0.45,-0.01,1.17
2001-01-11,612,2.2,2.19,2.23,2.19,11971,14599932.0,1.83,0.0,0.0,1.18
2001-01-12,612,2.19,2.22,2.23,2.19,7927,9695446.0,1.83,1.37,0.03,0.78
2001-01-15,612,2.2,2.03,2.2,2.03,15419,18131636.0,7.66,-8.56,-0.19,1.52
2001-01-16,612,2.01,2.04,2.1,1.99,8089,9353043.0,5.42,0.49,0.01,0.8
2001-01-17,612,2.05,2.04,2.09,2.02,5541,6435872.5,3.43,0.0,0.0,0.55
2001-01-18,612,2.05,2.06,2.07,2.04,5690,6629675.0,1.47,0.98,0.02,0.56
2001-01-19,612,2.07,2.08,2.12,2.07,6736,7912532.0,2.43,0.97,0.02,0.66
2001-02-05,612,2.08,2.07,2.1,1.96,5712,6602054.0,6.73,-0.48,-0.01,0.56
2001-02-06,612,2.01,2.01,2.02,1.93,5668,6384913.5,4.35,-2.9,-0.06,0.56
2001-02-07,612,2.02,1.96,2.02,1.96,2070,2345940.0,2.99,-2.49,-0.05,0.2
2001-02-08,612,1.96,1.92,1.97,1.87,4745,5266520.0,5.1,-2.04,-0.04,0.47
2001-02-09,612,1.94,1.93,1.96,1.9,3499,3897805.25,3.13,0.52,0.01,0.35
2001-02-12,612,1.91,1.92,1.93,1.9,2578,2862352.25,1.55,-0.52,-0.01,0.25
2001-02-13,612,2.02,1.95,2.02,1.92,2755,3110699.0,5.21,1.56,0.03,0.27
2001-02-14,612,1.93,1.97,1.98,1.93,1574,1777019.5,2.56,1.03,0.02,0.16
2001-02-15,612,1.96,1.94,1.98,1.92,2238,2519802.5,3.05,-1.52,-0.03,0.22
2001-02-16,612,1.92,1.94,1.95,1.85,4105,4533164.0,5.15,0.0,0.0,0.4
2001-02-19,612,1.93,1.95,1.97,1.87,2395,2684030.25,5.15,0.52,0.01,0.24
2001-02-20,612,1.96,1.95,1.99,1.91,2995,3361534.75,4.1,0.0,0.0,0.3
2001-02-21,612,1.94,1.86,1.95,1.86,4997,5507498.5,4.62,-4.62,-0.09,0.49
2001-02-22,612,1.85,1.9,1.96,1.83,4470,4910570.0,6.99,2.15,0.04,0.44
2001-02-23,612,1.91,1.93,1.93,1.86,3023,3326224.5,3.68,1.58,0.03,0.3
2001-02-26,612,1.94,1.95,1.96,1.91,2801,3141326.0,2.59,1.04,0.02,0.28
2001-02-27,612,1.96,1.96,1.97,1.94,2859,3221157.5,1.54,0.51,0.01,0.28
2001-02-28,612,1.96,1.97,1.99,1.95,2583,2927559.75,2.04,0.51,0.01,0.25
2001-03-01,612,1.98,2.0,2.01,1.97,3908,4456228.5,2.03,1.52,0.03,0.39
2001-03-02,612,2.01,2.07,2.11,2.01,11798,13799866.0,5.0,3.5,0.07,1.16
2001-03-05,612,2.07,2.04,2.09,2.02,4198,4880993.0,3.38,-1.45,-0.03,0.41
2001-03-06,612,2.02,2.14,2.14,1.98,12205,14247679.0,7.84,4.9,0.1,1.2
2001-03-07,612,2.14,2.14,2.17,2.12,14106,16904862.0,2.34,0.0,0.0,1.39
2001-03-08,612,2.15,2.15,2.16,2.11,12458,14917875.0,2.34,0.47,0.01,1.23
2001-03-09,612,2.15,2.2,2.2,2.12,16361,19789152.0,3.72,2.33,0.05,1.61
2001-03-12,612,2.25,2.21,2.25,2.18,18107,22188564.0,3.18,0.45,0.01,1.79
2001-03-13,612,2.2,2.14,2.21,2.12,12352,14824791.0,4.07,-3.17,-0.07,1.22
2001-03-14,612,2.22,2.19,2.22,2.14,10815,13097776.0,3.74,2.34,0.05,1.07
2001-03-15,612,2.2,2.16,2.2,2.15,9668,11655115.0,2.28,-1.37,-0.03,0.95
2001-03-16,612,2.16,2.19,2.2,2.16,8908,10809072.0,1.85,1.39,0.03,0.88
2001-03-19,612,2.19,2.19,2.2,2.16,7830,9470529.0,1.83,0.0,0.0,0.77
2001-03-20,612,2.19,2.26,2.28,2.19,16825,20810594.0,4.11,3.2,0.07,1.66
2001-03-21,612,2.28,2.24,2.28,2.23,10138,12566003.0,2.21,-0.88,-0.02,1.0
2001-03-22,612,2.24,2.21,2.27,2.17,15366,18818608.0,4.46,-1.34,-0.03,1.52
2001-03-23,612,2.21,2.11,2.22,2.11,12795,15419330.0,4.98,-4.52,-0.1,1.26
2001-03-26,612,2.14,2.19,2.19,2.13,7558,9096714.0,2.84,3.79,0.08,0.75
2001-03-27,612,2.23,2.18,2.24,2.15,8478,10254808.0,4.11,-0.46,-0.01,0.84
2001-03-28,612,2.19,2.14,2.2,2.12,11084,13295455.0,3.67,-1.83,-0.04,1.09
2001-03-29,612,2.18,2.16,2.18,2.14,9109,10960845.0,1.87,0.93,0.02,0.9
2001-03-30,612,2.17,2.16,2.19,2.15,8135,9804165.0,1.85,0.0,0.0,0.8
2001-04-02,612,2.16,2.24,2.24,2.16,11097,13544944.0,3.7,3.7,0.08,1.09
2001-04-03,612,2.24,2.19,2.26,2.17,7575,9228547.0,4.02,-2.23,-0.05,0.75
2001-04-04,612,2.19,2.13,2.2,2.12,9186,11063690.0,3.65,-2.74,-0.06,0.91
2001-04-05,612,2.13,2.15,2.15,2.1,6551,7790927.0,2.35,0.94,0.02,0.65
2001-04-06,612,2.15,2.11,2.15,2.1,7429,8807454.0,2.33,-1.86,-0.04,0.73
2001-04-10,612,2.16,2.12,2.16,2.1,5798,6897712.0,2.84,0.47,0.01,0.57
2001-04-11,612,2.12,2.07,2.13,2.04,12981,15195202.0,4.25,-2.36,-0.05,1.28
2001-04-12,612,2.06,2.07,2.08,2.04,10335,12056449.0,1.93,0.0,0.0,1.02
2001-04-13,612,2.07,2.05,2.08,2.04,8123,9439941.0,1.93,-0.97,-0.02,0.8
2001-04-16,612,2.05,2.11,2.12,2.02,12417,14442339.0,4.88,2.93,0.06,1.22
2001-04-17,612,2.11,2.09,2.12,2.07,8331,9796290.0,2.37,-0.95,-0.02,0.82
2001-04-18,612,2.08,2.05,2.08,2.03,6797,7889233.0,2.39,-1.91,-0.04,0.67
2001-04-19,612,2.04,1.97,2.04,1.92,12971,14706663.0,5.85,-3.9,-0.08,1.28
2001-04-20,612,1.96,1.93,2.0,1.93,16922,19083966.0,3.55,-2.03,-0.04,1.67
2001-04-23,612,1.92,1.95,1.98,1.89,9704,10826126.0,4.66,1.04,0.02,0.96
2001-04-24,612,1.96,1.94,1.98,1.94,5066,5712352.5,2.05,-0.51,-0.01,0.5
2001-04-25,612,1.95,1.91,1.96,1.91,5254,5878529.5,2.58,-1.55,-0.03,0.52
2001-04-26,612,1.9,1.92,1.92,1.88,3678,4079995.75,2.09,0.52,0.01,0.36
2001-04-27,612,1.91,1.96,1.96,1.91,3666,4112494.75,2.6,2.08,0.04,0.36
2001-04-30,612,1.96,2.01,2.01,1.96,5553,6328318.0,2.55,2.55,0.05,0.55
2001-05-08,612,2.01,1.99,2.01,1.99,3423,3916111.0,1.0,-1.0,-0.02,0.34
2001-05-09,612,2.15,2.04,2.15,1.99,6798,7874958.0,8.04,2.51,0.05,0.67
2001-05-10,612,2.04,2.01,2.06,2.0,3523,4061003.25,2.94,-1.47,-0.03,0.35
2001-05-11,612,2.04,2.01,2.04,2.0,2643,3008475.25,1.99,0.0,0.0,0.26
2001-05-14,612,2.02,1.97,2.04,1.96,7996,8989699.0,3.98,-1.99,-0.04,0.79
2001-05-15,612,1.98,1.99,2.0,1.97,6356,7150114.0,1.52,1.02,0.02,0.63
2001-05-16,612,1.99,2.03,2.03,1.96,7116,8029085.5,3.52,2.01,0.04,0.7
2001-05-17,612,2.02,1.99,2.03,1.97,6015,6808773.0,2.96,-1.97,-0.04,0.59
2001-05-18,612,1.94,1.97,1.99,1.94,5121,5732298.0,2.51,-1.01,-0.02,0.5
2001-05-22,612,2.02,1.96,2.07,1.94,4363,4898821.5,6.6,-0.51,-0.01,0.43
2001-05-23,612,1.96,1.94,1.99,1.92,9626,10675665.0,3.57,-1.02,-0.02,0.95
2001-05-24,612,1.94,1.94,1.96,1.91,11738,12966580.0,2.58,0.0,0.0,1.16
2001-05-25,612,1.94,1.9,1.95,1.9,8870,9768772.0,2.58,-2.06,-0.04,0.87
2001-05-28,612,1.9,1.83,1.91,1.82,9847,10629255.0,4.74,-3.68,-0.07,0.97
2001-05-29,612,1.83,1.82,1.83,1.77,6819,7226939.0,3.28,-0.55,-0.01,0.67
2001-05-30,612,1.82,1.89,1.91,1.82,7085,7720805.0,4.95,3.85,0.07,0.7
2001-05-31,612,1.9,1.91,1.94,1.88,4339,4765012.0,3.17,1.06,0.02,0.43
2001-06-01,612,1.91,1.94,1.95,1.91,4845,5350065.5,2.09,1.57,0.03,0.48
2001-06-04,612,1.96,1.95,1.98,1.94,6913,7748246.0,2.06,0.52,0.01,0.68
2001-06-05,612,1.96,1.94,1.96,1.93,6348,7044334.0,1.54,-0.51,-0.01,0.63
2001-06-06,612,1.94,1.99,2.0,1.94,8340,9357505.0,3.09,2.58,0.05,0.82
2001-06-07,612,2.0,1.99,2.01,1.97,5387,6093040.0,2.01,0.0,0.0,0.53
2001-06-08,612,1.99,2.0,2.0,1.96,4663,5254251.0,2.01,0.5,0.01,0.46
2001-06-11,612,1.99,1.98,1.99,1.95,4991,5619715.0,2.0,-1.0,-0.02,0.49
2001-06-12,612,1.96,2.02,2.02,1.96,7327,8318286.0,3.03,2.02,0.04,0.72
2001-06-13,612,2.04,2.07,2.09,2.03,27144,31431916.0,2.97,2.48,0.05,2.68
2001-06-14,612,2.08,2.01,2.08,2.01,7983,9144982.0,3.38,-2.9,-0.06,0.79
2001-06-15,612,1.99,2.0,2.04,1.98,4589,5202450.0,2.99,-0.5,-0.01,0.45
2001-06-18,612,1.99,1.92,2.0,1.91,5545,6158317.0,4.5,-4.0,-0.08,0.55
2001-06-19,612,1.9,1.93,1.95,1.9,2511,2778240.0,2.6,0.52,0.01,0.25
2001-06-20,612,1.93,1.93,1.95,1.92,2452,2722884.0,1.55,0.0,0.0,0.24
2001-06-21,612,1.96,1.98,1.99,1.95,1976,2214987.5,2.07,2.59,0.05,0.19
2001-06-22,612,1.98,1.98,1.99,1.98,3163,3569975.0,0.51,0.0,0.0,0.31
2001-06-25,612,1.98,1.99,2.0,1.96,4068,4594868.0,2.02,0.51,0.01,0.4
2001-06-26,612,2.0,1.99,2.0,1.98,4771,5395577.0,1.01,0.0,0.0,0.47
2001-06-27,612,1.99,2.01,2.03,1.99,4968,5637503.0,2.01,1.01,0.02,0.49
2001-06-28,612,2.03,1.97,2.03,1.96,3628,4100293.5,3.48,-1.99,-0.04,0.36
2001-06-29,612,1.99,2.01,2.08,1.99,6639,7576484.0,4.57,2.03,0.04,0.65
2001-07-02,612,2.02,2.05,2.07,2.0,10436,12034722.0,3.48,1.99,0.04,1.03
2001-07-03,612,2.05,2.15,2.17,2.03,29534,34712560.0,6.83,4.88,0.1,2.91
2001-07-04,612,2.17,2.16,2.17,2.07,18922,22346106.0,4.65,0.47,0.01,1.86
2001-07-05,612,2.19,2.18,2.23,2.11,41104,49291676.0,5.56,0.93,0.02,4.05
2001-07-06,612,2.18,2.17,2.18,2.1,15807,18720908.0,3.67,-0.46,-0.01,1.56
2001-07-09,612,2.16,2.13,2.16,2.1,10836,12783273.0,2.76,-1.84,-0.04,1.07
2001-07-10,612,2.18,2.18,2.18,2.12,18204,21728128.0,2.82,2.35,0.05,1.79
2001-07-11,612,2.22,2.19,2.27,2.18,69372,84487880.0,4.13,0.46,0.01,6.84
2001-07-12,612,2.19,2.15,2.2,2.12,16069,19172454.0,3.65,-1.83,-0.04,1.58
2001-07-13,612,2.16,2.11,2.19,2.11,7936,9429727.0,3.72,-1.86,-0.04,0.78
2001-07-16,612,2.15,2.04,2.15,2.02,9325,10838700.0,6.16,-3.32,-0.07,0.92
2001-07-17,612,2.04,1.98,2.04,1.94,10764,12093813.0,4.9,-2.94,-0.06,1.06
2001-07-18,612,1.99,1.98,2.02,1.96,3389,3823282.0,3.03,0.0,0.0,0.33
2001-07-19,612,1.98,2.0,2.01,1.97,3278,3706999.5,2.02,1.01,0.02,0.32
2001-07-20,612,1.99,2.02,2.04,1.98,4326,4934077.5,3.0,1.0,0.02,0.43
2001-07-23,612,2.03,2.04,2.07,2.03,3917,4506781.0,1.98,0.99,0.02,0.39
2001-07-24,612,2.03,1.99,2.03,1.97,4102,4630460.0,2.94,-2.45,-0.05,0.4
2001-07-25,612,1.98,1.94,1.99,1.94,5414,6034055.5,2.51,-2.51,-0.05,0.53
2001-07-26,612,1.94,1.95,1.98,1.94,3544,3948110.5,2.06,0.52,0.01,0.35
2001-07-27,612,1.95,1.95,1.98,1.95,2280,2548401.0,1.54,0.0,0.0,0.22
2001-07-30,612,1.94,1.78,1.94,1.78,5904,6302976.5,8.21,-8.72,-0.17,0.58
2001-07-31,612,1.77,1.68,1.85,1.66,3848,4018811.0,10.67,-5.62,-0.1,0.38
2001-08-01,612,1.67,1.8,1.8,1.67,3254,3365802.0,7.74,7.14,0.12,0.32
2001-08-02,612,1.78,1.7,1.78,1.62,7182,7253662.0,8.89,-5.56,-0.1,0.71
2001-08-03,612,1.71,1.69,1.71,1.64,3757,3806767.25,4.12,-0.59,-0.01,0.37
2001-08-06,612,1.7,1.6,1.7,1.59,3901,3874274.0,6.51,-5.33,-0.09,0.38
2001-08-07,612,1.59,1.55,1.59,1.51,4735,4549934.0,5.0,-3.13,-0.05,0.47
2001-08-08,612,1.58,1.56,1.58,1.52,1441,1398577.12,3.87,0.65,0.01,0.14
2001-08-09,612,1.57,1.63,1.64,1.57,1649,1629078.5,4.49,4.49,0.07,0.16
2001-08-10,612,1.64,1.68,1.72,1.63,2418,2448039.75,5.52,3.07,0.05,0.24
2001-08-13,612,1.64,1.68,1.68,1.62,2181,2201518.5,3.57,0.0,0.0,0.21
2001-08-14,612,1.67,1.72,1.72,1.67,4242,4333397.5,2.98,2.38,0.04,0.42
2001-08-15,612,1.75,1.76,1.78,1.72,6821,7097702.5,3.49,2.33,0.04,0.67
2001-08-16,612,1.76,1.7,1.76,1.69,2591,2665248.5,3.98,-3.41,-0.06,0.26
2001-08-17,612,1.69,1.68,1.69,1.66,1897,1917978.62,1.76,-1.18,-0.02,0.19
2001-08-20,612,1.67,1.67,1.7,1.65,1318,1335131.5,2.98,-0.6,-0.01,0.13
2001-08-21,612,1.68,1.67,1.7,1.66,1579,1599561.0,2.4,0.0,0.0,0.16
2001-08-22,612,1.67,1.64,1.67,1.61,1737,1725795.0,3.59,-1.8,-0.03,0.17
2001-08-23,612,1.61,1.64,1.64,1.57,1604,1582137.88,4.27,0.0,0.0,0.16
2001-08-24,612,1.64,1.62,1.66,1.62,1284,1276946.0,2.44,-1.22,-0.02,0.13
2001-08-27,612,1.61,1.55,1.62,1.54,3842,3729183.5,4.94,-4.32,-0.07,0.38
2001-08-28,612,1.56,1.59,1.59,1.54,2350,2273542.75,3.23,2.58,0.04,0.23
2001-08-29,612,1.6,1.59,1.6,1.55,1113,1085703.5,3.14,0.0,0.0,0.11
2001-08-30,612,1.58,1.59,1.62,1.57,640,626045.75,3.14,0.0,0.0,0.06
2001-08-31,612,1.59,1.59,1.61,1.56,409,400031.91,3.14,0.0,0.0,0.04
2001-09-03,612,1.58,1.54,1.6,1.53,804,774117.62,4.4,-3.14,-0.05,0.08
2001-09-04,612,1.54,1.58,1.59,1.54,1122,1086093.88,3.25,2.6,0.04,0.11
2001-09-05,612,1.58,1.58,1.6,1.51,3439,3337888.0,5.7,0.0,0.0,0.34
2001-09-06,612,1.58,1.54,1.58,1.53,2207,2122507.25,3.16,-2.53,-0.04,0.22
2001-09-07,612,1.51,1.36,1.51,1.36,3885,3521969.0,9.74,-11.69,-0.18,0.38
2001-09-10,612,1.32,1.4,1.42,1.21,5391,4709183.0,15.44,2.94,0.04,0.53
2001-09-11,612,1.37,1.36,1.37,1.25,2519,2242008.0,8.57,-2.86,-0.04,0.25
2001-09-12,612,1.27,1.29,1.37,1.16,4223,3625975.75,15.44,-5.15,-0.07,0.42
2001-09-13,612,1.3,1.32,1.33,1.28,2079,1819691.25,3.88,2.33,0.03,0.2
2001-09-14,612,1.32,1.28,1.34,1.27,1548,1341310.75,5.3,-3.03,-0.04,0.15
2001-09-17,612,1.24,1.19,1.27,1.19,3186,2670429.25,6.25,-7.03,-0.09,0.31
2001-09-18,612,1.18,1.2,1.26,1.18,1247,1038367.69,6.72,0.84,0.01,0.12
2001-09-19,612,1.2,1.21,1.22,1.18,1089,907243.12,3.33,0.83,0.01,0.11
2001-09-20,612,1.22,1.21,1.26,1.21,1494,1265561.5,4.13,0.0,0.0,0.15
2001-09-21,612,1.21,1.22,1.26,1.21,702,591776.38,4.13,0.83,0.01,0.07
2001-09-24,612,1.22,1.23,1.25,1.22,903,763666.5,2.46,0.82,0.01,0.09
2001-09-25,612,1.24,1.23,1.27,1.23,496,421642.81,3.25,0.0,0.0,0.05
2001-09-26,612,1.23,1.18,1.23,1.18,934,775475.31,4.07,-4.07,-0.05,0.09
2001-09-27,612,1.16,1.15,1.18,1.13,1179,962869.38,4.24,-2.54,-0.03,0.12
2001-09-28,612,1.15,1.17,1.18,1.14,807,660609.25,3.48,1.74,0.02,0.08
2001-10-08,612,1.17,1.14,1.17,1.12,1302,1058475.5,4.27,-2.56,-0.03,0.13
2001-10-09,612,1.12,1.14,1.16,1.12,889,723353.0,3.51,0.0,0.0,0.09
2001-10-10,612,1.11,1.06,1.14,1.02,1609,1262458.75,10.53,-7.02,-0.08,0.16
2001-10-11,612,1.06,1.05,1.19,1.0,1571,1236862.0,17.92,-0.94,-0.01,0.15
2001-10-12,612,1.04,1.08,1.11,0.95,2461,1894642.38,15.24,2.86,0.03,0.24
2001-10-15,612,1.07,1.06,1.11,1.0,747,584327.31,10.19,-1.85,-0.02,0.07
2001-10-16,612,1.07,1.05,1.09,1.04,1024,800448.25,4.72,-0.94,-0.01,0.1
2001-10-17,612,1.01,1.03,1.06,1.01,484,373198.0,4.76,-1.9,-0.02,0.05
2001-10-18,612,1.05,1.01,1.05,0.92,1426,1068836.88,12.62,-1.94,-0.02,0.14
2001-10-19,612,0.97,0.84,0.98,0.81,6038,4237177.5,16.83,-16.83,-0.17,0.6
2001-10-22,612,0.82,0.75,0.84,0.71,3731,2509372.0,15.48,-10.71,-0.09,0.37
2001-10-23,612,0.93,0.93,0.93,0.88,5686,4149871.5,6.67,24.0,0.18,0.56
2001-10-24,612,1.05,1.11,1.13,1.01,28571,22459992.0,12.9,19.35,0.18,2.82
2001-10-25,612,1.08,1.02,1.08,0.98,4352,3362205.75,9.01,-8.11,-0.09,0.43
2001-10-26,612,0.99,1.0,1.03,0.95,3004,2284878.25,7.84,-1.96,-0.02,0.3
2001-10-29,612,1.05,1.05,1.07,1.0,1888,1459449.38,7.0,5.0,0.05,0.19
2001-10-30,612,1.02,1.02,1.07,1.0,1128,871465.25,6.67,-2.86,-0.03,0.11
2001-10-31,612,1.02,1.02,1.02,0.99,1277,972390.56,2.94,0.0,0.0,0.13
2001-11-01,612,1.02,1.06,1.11,1.02,2781,2183400.75,8.82,3.92,0.04,0.27
2001-11-02,612,1.06,1.07,1.11,1.06,1896,1502205.5,4.72,0.94,0.01,0.19
2001-11-05,612,1.09,1.07,1.09,1.04,1228,958505.62,4.67,0.0,0.0,0.12
2001-11-06,612,1.07,1.07,1.07,1.06,630,493780.0,0.93,0.0,0.0,0.06
2001-11-07,612,1.07,0.97,1.07,0.96,3450,2611611.0,10.28,-9.35,-0.1,0.34
2001-11-08,612,0.95,1.0,1.0,0.85,1678,1224268.5,15.46,3.09,0.03,0.17
2001-11-09,612,0.97,1.03,1.08,0.95,2035,1558743.25,13.0,3.0,0.03,0.2
2001-11-12,612,1.03,1.01,1.04,1.01,718,552424.94,2.91,-1.94,-0.02,0.07
2001-11-13,612,0.98,0.98,1.01,0.96,673,506927.0,4.95,-2.97,-0.03,0.07
2001-11-14,612,0.98,0.99,1.04,0.98,580,443618.0,6.12,1.02,0.01,0.06
2001-11-15,612,0.99,1.04,1.06,0.99,1171,908238.31,7.07,5.05,0.05,0.12
2001-11-16,612,1.24,1.04,1.24,1.04,4205,3388368.5,19.23,0.0,0.0,0.41
2001-11-19,612,1.06,1.1,1.11,1.04,4205,3388368.0,6.73,5.77,0.06,0.41
2001-11-20,612,1.1,1.13,1.14,1.1,1770,1400327.0,3.64,2.73,0.03,0.17
2001-11-21,612,1.12,1.12,1.12,1.1,2518,2013804.0,1.77,-0.88,-0.01,0.25
2001-11-22,612,1.13,1.22,1.23,1.13,10251,8512910.0,8.93,8.93,0.1,1.01
2001-11-23,612,1.23,1.3,1.37,1.23,20586,18033294.0,11.48,6.56,0.08,2.03
2001-11-26,612,1.29,1.31,1.31,1.24,3183,2753269.5,5.38,0.77,0.01,0.31
2001-11-27,612,1.31,1.32,1.33,1.3,2365,2066293.5,2.29,0.76,0.01,0.23
2001-11-28,612,1.31,1.31,1.33,1.3,3179,2791555.75,2.27,-0.76,-0.01,0.31
2001-11-29,612,1.3,1.27,1.31,1.24,4508,3872477.75,5.34,-3.05,-0.04,0.44
2001-11-30,612,1.26,1.3,1.3,1.26,2775,2395209.0,3.15,2.36,0.03,0.27
2001-12-03,612,1.3,1.3,1.32,1.27,3728,3245755.25,3.85,0.0,0.0,0.37
2001-12-04,612,1.29,1.32,1.32,1.28,3364,2939324.25,3.08,1.54,0.02,0.33
2001-12-05,612,1.32,1.32,1.41,1.31,6716,5998541.0,7.58,0.0,0.0,0.66
2001-12-06,612,1.3,1.32,1.34,1.27,2497,2183624.25,5.3,0.0,0.0,0.25
2001-12-07,612,1.31,1.32,1.37,1.3,2010,1766667.38,5.3,0.0,0.0,0.2
2001-12-10,612,1.31,1.34,1.35,1.31,1941,1717709.75,3.03,1.52,0.02,0.19
2001-12-11,612,1.35,1.27,1.35,1.24,3367,2920709.25,8.21,-5.22,-0.07,0.33
2001-12-12,612,1.24,1.24,1.29,1.24,2902,2483870.25,3.94,-2.36,-0.03,0.29
2001-12-13,612,1.22,1.16,1.25,1.16,2746,2294684.0,7.26,-6.45,-0.08,0.27
2001-12-14,612,1.14,1.15,1.16,1.12,2077,1688451.62,3.45,-0.86,-0.01,0.2
2001-12-17,612,1.14,1.1,1.14,1.09,1663,1333878.5,4.35,-4.35,-0.05,0.16
2001-12-18,612,1.1,1.15,1.15,1.1,1675,1350146.0,4.55,4.55,0.05,0.17
2001-12-19,612,1.15,1.13,1.16,1.13,1243,1013424.12,2.61,-1.74,-0.02,0.12
2001-12-20,612,1.11,1.09,1.11,1.08,1356,1076229.12,2.65,-3.54,-0.04,0.13
2001-12-21,612,1.09,1.1,1.1,1.07,1279,1010647.88,2.75,0.92,0.01,0.13
2001-12-24,612,1.08,1.08,1.11,1.06,2279,1792575.0,4.55,-1.82,-0.02,0.22
2001-12-25,612,1.07,1.08,1.09,1.01,1166,907941.38,7.41,0.0,0.0,0.11
2001-12-26,612,1.06,1.1,1.11,1.06,1495,1187949.12,4.63,1.85,0.02,0.15
2001-12-27,612,1.1,1.07,1.12,1.06,1475,1167832.0,5.45,-2.73,-0.03,0.15
2001-12-28,612,1.06,1.08,1.09,1.05,1337,1047618.5,3.74,0.93,0.01,0.13
2001-12-31,612,1.07,1.11,1.13,1.06,2131,1687089.88,6.48,2.78,0.03,0.21
2002-01-04,612,1.09,1.04,1.11,1.04,2088,1632039.0,6.31,-6.31,-0.07,0.21
2002-01-07,612,1.04,0.99,1.04,0.98,1416,1077447.0,5.77,-4.81,-0.05,0.14
2002-01-08,612,1.0,0.94,1.02,0.93,1362,1021851.0,9.09,-5.05,-0.05,0.13
2002-01-09,612,0.91,0.88,0.94,0.86,1744,1254320.5,8.51,-6.38,-0.06,0.17
2002-01-10,612,0.86,0.91,0.94,0.84,2512,1778911.88,11.36,3.41,0.03,0.25
2002-01-11,612,0.9,0.88,0.9,0.87,1924,1375711.0,3.3,-3.3,-0.03,0.19
2002-01-14,612,0.84,0.86,0.87,0.82,2739,1916594.75,5.68,-2.27,-0.02,0.27
2002-01-15,612,0.82,0.84,0.87,0.79,1777,1244123.25,9.3,-2.33,-0.02,0.18
2002-01-16,612,0.92,0.9,0.93,0.86,1872,1341057.12,8.33,7.14,0.06,0.18
2002-01-17,612,0.89,0.84,0.9,0.82,1850,1301585.88,8.89,-6.67,-0.06,0.18
2002-01-18,612,0.79,0.83,0.86,0.76,2807,1934845.88,11.9,-1.19,-0.01,0.28
2002-01-21,612,0.84,0.73,0.84,0.73,1917,1285611.0,13.25,-12.05,-0.1,0.19
2002-01-22,612,0.73,0.64,0.8,0.6,4330,2845364.5,27.4,-12.33,-0.09,0.43
2002-01-23,612,0.63,0.77,0.78,0.62,3733,2391441.0,25.0,20.31,0.13,0.37
2002-01-24,612,0.76,0.8,0.83,0.71,4155,2824521.0,15.58,3.9,0.03,0.41
2002-01-25,612,0.79,0.79,0.83,0.78,2758,1884290.75,6.25,-1.25,-0.01,0.27
2002-01-28,612,0.74,0.7,0.77,0.69,3747,2456654.75,10.13,-11.39,-0.09,0.37
2002-01-29,612,0.63,0.7,0.73,0.61,5047,3219007.75,17.14,0.0,0.0,0.5
2002-01-30,612,0.67,0.71,0.72,0.66,2651,1715163.5,8.57,1.43,0.01,0.26
2002-01-31,612,0.76,0.86,0.87,0.72,6176,4254686.0,21.13,21.13,0.15,0.61
2002-02-01,612,0.87,0.85,0.88,0.83,6685,4702966.5,5.81,-1.16,-0.01,0.66
2002-02-04,612,0.85,0.9,0.9,0.83,2996,2123502.25,8.24,5.88,0.05,0.3
2002-02-05,612,0.87,0.91,0.94,0.87,2113,1531309.75,7.78,1.11,0.01,0.21
2002-02-06,612,0.89,0.84,0.91,0.84,2310,1642895.75,7.69,-7.69,-0.07,0.23
2002-02-07,612,0.83,0.96,0.96,0.83,5876,4278111.5,15.48,14.29,0.12,0.58
2002-02-08,612,0.97,1.02,1.02,0.95,9312,7016424.5,7.29,6.25,0.06,0.92
2002-02-25,612,1.1,1.03,1.11,1.02,5591,4331938.0,8.82,0.98,0.01,0.55
2002-02-26,612,1.01,0.99,1.02,0.95,4025,3016806.0,6.8,-3.88,-0.04,0.4
2002-02-27,612,1.0,1.0,1.01,0.98,2396,1813837.0,3.03,1.01,0.01,0.24
2002-02-28,612,1.0,0.97,1.0,0.95,3083,2309678.25,5.0,-3.0,-0.03,0.3
2002-03-01,612,0.94,0.94,0.96,0.92,2147,1577568.62,4.12,-3.09,-0.03,0.21
2002-03-04,612,0.92,0.99,0.99,0.91,2338,1728409.62,8.51,5.32,0.05,0.23
2002-03-05,612,0.99,1.04,1.06,0.95,5768,4443124.5,11.11,5.05,0.05,0.57
2002-03-06,612,1.07,1.03,1.08,1.03,5064,3955189.5,4.81,-0.96,-0.01,0.5
2002-03-07,612,1.04,1.06,1.1,1.03,10392,8132612.0,6.8,2.91,0.03,1.02
2002-03-08,612,1.11,1.15,1.21,1.11,16339,13301688.0,9.43,8.49,0.09,1.61
2002-03-11,612,1.16,1.21,1.21,1.11,8874,7283455.0,8.7,5.22,0.06,0.87
2002-03-12,612,1.2,1.13,1.21,1.13,7619,6240309.0,6.61,-6.61,-0.08,0.75
2002-03-13,612,1.11,1.06,1.14,1.06,5911,4680296.5,7.08,-6.19,-0.07,0.58
2002-03-14,612,1.09,1.14,1.15,1.07,5648,4500683.5,7.55,7.55,0.08,0.56
2002-03-15,612,1.14,1.15,1.2,1.11,16925,13836656.0,7.89,0.88,0.01,1.67
2002-03-18,612,1.17,1.3,1.3,1.17,32143,27039252.0,11.3,13.04,0.15,3.17
2002-03-19,612,1.29,1.28,1.3,1.21,17494,14944277.0,6.92,-1.54,-0.02,1.72
2002-03-20,612,1.29,1.29,1.31,1.24,11790,10113011.0,5.47,0.78,0.01,1.16
2002-03-21,612,1.29,1.25,1.31,1.22,9054,7724664.0,6.98,-3.1,-0.04,0.89
2002-03-22,612,1.22,1.21,1.23,1.19,7183,6007665.5,3.2,-3.2,-0.04,0.71
2002-03-25,612,1.21,1.2,1.22,1.16,4766,3936596.25,4.96,-0.83,-0.01,0.47
2002-03-26,612,1.2,1.15,1.2,1.15,3983,3267016.25,4.17,-4.17,-0.05,0.39
2002-03-27,612,1.15,1.18,1.18,1.13,2738,2241153.5,4.35,2.61,0.03,0.27
2002-03-28,612,1.17,1.19,1.2,1.15,3089,2559918.5,4.24,0.85,0.01,0.3
2002-03-29,612,1.21,1.13,1.21,1.11,4708,3805110.25,8.4,-5.04,-0.06,0.46
2002-04-01,612,1.08,1.11,1.12,1.08,4287,3423318.0,3.54,-1.77,-0.02,0.42
2002-04-02,612,1.11,1.09,1.13,1.08,4101,3263473.25,4.5,-1.8,-0.02,0.4
2002-04-03,612,1.08,1.12,1.13,1.08,2668,2132041.75,4.59,2.75,0.03,0.26
2002-04-04,612,1.13,1.21,1.21,1.08,27384,22179912.0,11.61,8.04,0.09,2.7
2002-04-05,612,1.19,1.24,1.27,1.16,15411,12902977.0,9.09,2.48,0.03,1.52
2002-04-08,612,1.24,1.24,1.27,1.21,7264,6161688.5,4.84,0.0,0.0,0.72
2002-04-09,612,1.24,1.25,1.27,1.22,9683,8251321.5,4.03,0.81,0.01,0.95
2002-04-10,612,1.26,1.23,1.27,1.22,7535,6368642.5,4.0,-1.6,-0.02,0.74
2002-04-11,612,1.23,1.21,1.25,1.19,4551,3807182.25,4.88,-1.63,-0.02,0.45
2002-04-12,612,1.2,1.22,1.22,1.19,3091,2591436.0,2.48,0.83,0.01,0.3
2002-04-15,612,1.25,1.27,1.29,1.24,16148,13891532.0,4.1,4.1,0.05,1.59
2002-04-16,612,1.27,1.23,1.27,1.22,3486,2956870.75,3.94,-3.15,-0.04,0.34
2002-04-17,612,1.22,1.21,1.24,1.17,3365,2807230.75,5.69,-1.63,-0.02,0.33
2002-04-18,612,1.21,1.14,1.22,1.14,4470,3660242.5,6.61,-5.79,-0.07,0.44
2002-04-19,612,1.13,1.13,1.16,1.1,5686,4588214.0,5.26,-0.88,-0.01,0.56
2002-04-22,612,1.16,1.16,1.17,1.13,2170,1771772.38,3.54,2.65,0.03,0.21
2002-04-23,612,1.14,1.14,1.16,1.13,1821,1477905.88,2.59,-1.72,-0.02,0.18
2002-04-24,612,1.11,1.13,1.15,1.11,1580,1279284.75,3.51,-0.88,-0.01,0.16
2002-04-25,612,1.12,1.13,1.14,1.11,1351,1089474.88,2.65,0.0,0.0,0.13
2002-04-26,612,1.17,1.17,1.17,1.14,2305,1888192.25,2.65,3.54,0.04,0.23
2002-04-29,612,1.17,1.19,1.21,1.14,3635,3001267.75,5.98,1.71,0.02,0.36
2002-04-30,612,1.21,1.17,1.21,1.16,3812,3140749.5,4.2,-1.68,-0.02,0.38
2002-05-08,612,1.18,1.15,1.18,1.14,2026,1662349.12,3.42,-1.71,-0.02,0.2
2002-05-09,612,1.15,1.16,1.16,1.14,2648,2158381.25,1.74,0.87,0.01,0.26
2002-05-10,612,1.15,1.14,1.15,1.13,1462,1186853.5,1.72,-1.72,-0.02,0.14
2002-05-13,612,1.14,1.12,1.14,1.1,2697,2164541.25,3.51,-1.75,-0.02,0.27
2002-05-14,612,1.1,1.12,1.13,1.1,1851,1489705.88,2.68,0.0,0.0,0.18
2002-05-15,612,1.12,1.11,1.15,1.1,1527,1226058.0,4.46,-0.89,-0.01,0.15
2002-05-16,612,1.1,1.01,1.1,1.0,5247,4051652.25,9.01,-9.01,-0.1,0.52
2002-05-17,612,1.0,1.04,1.05,1.0,4035,3112218.25,4.95,2.97,0.03,0.4
2002-05-21,612,1.03,1.09,1.11,1.03,6163,4858739.0,7.69,4.81,0.05,0.61
2002-05-22,612,1.09,1.05,1.1,1.03,2890,2254319.5,6.42,-3.67,-0.04,0.28
2002-05-23,612,1.07,1.06,1.08,1.03,2231,1746016.12,4.76,0.95,0.01,0.22
2002-05-24,612,1.06,1.03,1.07,1.02,2173,1673831.0,4.72,-2.83,-0.03,0.21
2002-05-27,612,1.05,0.99,1.06,0.97,2514,1897087.5,8.74,-3.88,-0.04,0.25
2002-05-28,612,1.0,1.01,1.03,0.99,1163,886257.88,4.04,2.02,0.02,0.11
2002-05-29,612,1.01,0.95,1.01,0.95,3715,2774021.5,5.94,-5.94,-0.06,0.37
2002-05-30,612,0.94,0.98,0.98,0.94,2478,1841642.12,4.21,3.16,0.03,0.24
2002-05-31,612,0.98,0.98,1.0,0.97,1434,1079914.75,3.06,0.0,0.0,0.14
2002-06-03,612,0.98,0.94,0.98,0.94,2913,2152720.5,4.08,-4.08,-0.04,0.29
2002-06-04,612,0.92,0.98,1.05,0.92,1536,1144933.25,13.83,4.26,0.04,0.15
2002-06-05,612,0.98,0.92,1.0,0.92,4182,3081220.25,8.16,-6.12,-0.06,0.41
2002-06-06,612,0.91,1.0,1.02,0.91,2948,2201709.25,11.96,8.7,0.08,0.29
2002-06-07,612,0.84,1.04,1.06,0.84,5199,3997771.5,22.0,4.0,0.04,0.51
2002-06-10,612,1.03,1.04,1.06,1.01,1893,1461316.38,4.81,0.0,0.0,0.19
2002-06-11,612,1.06,1.06,1.07,1.03,1996,1553952.0,3.85,1.92,0.02,0.2
2002-06-12,612,1.06,1.05,1.06,1.03,1484,1145827.88,2.83,-0.94,-0.01,0.15
2002-06-13,612,1.04,1.05,1.07,1.03,3093,2412089.25,3.81,0.0,0.0,0.3
2002-06-14,612,1.03,1.03,1.06,1.01,2625,2027635.5,4.76,-1.9,-0.02,0.26
2002-06-17,612,1.02,1.05,1.05,0.99,1477,1132804.5,5.83,1.94,0.02,0.15
2002-06-18,612,1.06,1.11,1.13,1.06,6331,5027189.0,6.67,5.71,0.06,0.62
2002-06-19,612,1.11,1.11,1.12,1.08,3497,2779521.0,3.6,0.0,0.0,0.34
2002-06-20,612,1.12,1.18,1.19,1.12,12067,9943422.0,6.31,6.31,0.07,1.19
2002-06-21,612,1.18,1.27,1.29,1.17,21333,18099332.0,10.17,7.63,0.09,2.1
2002-06-24,612,1.5,1.5,1.5,1.4,45819,43009700.0,7.87,18.11,0.23,4.52
2002-06-25,612,1.54,1.44,1.61,1.43,22636,21597632.0,12.0,-4.0,-0.06,2.23
2002-06-26,612,1.44,1.43,1.48,1.37,14556,13318033.0,7.64,-0.69,-0.01,1.43
2002-06-27,612,1.42,1.43,1.45,1.4,5949,5471792.5,3.5,0.0,0.0,0.59
2002-06-28,612,1.43,1.4,1.44,1.35,6799,6154950.0,6.29,-2.1,-0.03,0.67
2002-07-01,612,1.46,1.46,1.56,1.44,30485,28823336.0,8.57,4.29,0.06,3.0
2002-07-02,612,1.46,1.46,1.47,1.41,6609,6115108.5,4.11,0.0,0.0,0.65
2002-07-03,612,1.47,1.45,1.48,1.42,4168,3862755.75,4.11,-0.68,-0.01,0.41
2002-07-04,612,1.46,1.43,1.46,1.42,4589,4219732.5,2.76,-1.38,-0.02,0.45
2002-07-05,612,1.43,1.44,1.44,1.4,2520,2312842.0,2.8,0.7,0.01,0.25
2002-07-08,612,1.44,1.46,1.48,1.41,4918,4561100.5,4.86,1.39,0.02,0.48
2002-07-09,612,1.46,1.43,1.46,1.43,2078,1920589.75,2.05,-2.05,-0.03,0.2
2002-07-10,612,1.44,1.41,1.44,1.4,3625,3308728.25,2.8,-1.4,-0.02,0.36
2002-07-11,612,1.4,1.44,1.46,1.4,3392,3129970.25,4.26,2.13,0.03,0.33
2002-07-12,612,1.45,1.48,1.53,1.45,12968,12289225.0,5.56,2.78,0.04,1.28
2002-07-15,612,1.5,1.49,1.5,1.46,4155,3908570.5,2.7,0.68,0.01,0.41
2002-07-16,612,1.49,1.54,1.55,1.49,12368,11830460.0,4.03,3.36,0.05,1.22
2002-07-17,612,1.54,1.6,1.6,1.52,14835,14375053.0,5.19,3.9,0.06,1.46
2002-07-18,612,1.6,1.58,1.6,1.57,7218,7068295.0,1.88,-1.25,-0.02,0.71
2002-07-19,612,1.59,1.56,1.6,1.55,4726,4588678.5,3.16,-1.27,-0.02,0.47
2002-07-22,612,1.56,1.52,1.59,1.5,6673,6450771.0,5.77,-2.56,-0.04,0.66
2002-07-23,612,1.55,1.49,1.56,1.47,4286,4066756.75,5.92,-1.97,-0.03,0.42
2002-07-24,612,1.47,1.47,1.51,1.46,3504,3290406.0,3.36,-1.34,-0.02,0.35
2002-07-25,612,1.47,1.46,1.49,1.44,2556,2380519.5,3.4,-0.68,-0.01,0.25
2002-07-26,612,1.46,1.45,1.47,1.44,1727,1604154.12,2.05,-0.68,-0.01,0.17
2002-07-29,612,1.44,1.47,1.47,1.42,1461,1353689.25,3.45,1.38,0.02,0.14
2002-07-30,612,1.47,1.48,1.49,1.45,1707,1598176.25,2.72,0.68,0.01,0.17
2002-07-31,612,1.47,1.45,1.48,1.43,3855,3575916.75,3.38,-2.03,-0.03,0.38
2002-08-01,612,1.43,1.45,1.46,1.43,1250,1157201.5,2.07,0.0,0.0,0.12
2002-08-02,612,1.45,1.45,1.46,1.43,1118,1034758.44,2.07,0.0,0.0,0.11
2002-08-05,612,1.45,1.44,1.46,1.38,4419,4036938.75,5.52,-0.69,-0.01,0.44
2002-08-06,612,1.38,1.43,1.45,1.38,1610,1479626.25,4.86,-0.69,-0.01,0.16
2002-08-07,612,1.41,1.42,1.43,1.41,738,676056.62,1.4,-0.7,-0.01,0.07
2002-08-08,612,1.46,1.43,1.46,1.42,924,851152.12,2.82,0.7,0.01,0.09
2002-08-09,612,1.42,1.4,1.42,1.4,965,880766.38,1.4,-2.1,-0.03,0.1
2002-08-12,612,1.38,1.38,1.4,1.38,1720,1554662.0,1.43,-1.43,-0.02,0.17
2002-08-13,612,1.38,1.38,1.39,1.37,1555,1401366.25,1.45,0.0,0.0,0.15
2002-08-14,612,1.38,1.42,1.42,1.38,1397,1277877.12,2.9,2.9,0.04,0.14
2002-08-15,612,1.42,1.4,1.42,1.39,1158,1055856.5,2.11,-1.41,-0.02,0.11
2002-08-16,612,1.42,1.43,1.43,1.4,1174,1075544.12,2.14,2.14,0.03,0.12
2002-08-19,612,1.45,1.42,1.45,1.4,819,751008.06,3.5,-0.7,-0.01,0.08
2002-08-20,612,1.42,1.46,1.47,1.4,2678,2464288.0,4.93,2.82,0.04,0.26
2002-08-21,612,1.45,1.42,1.45,1.41,1937,1781109.12,2.74,-2.74,-0.04,0.19
2002-08-22,612,1.43,1.44,1.45,1.41,1497,1381849.25,2.82,1.41,0.02,0.15
2002-08-23,612,1.45,1.45,1.47,1.44,1350,1252114.88,2.08,0.69,0.01,0.13
2002-08-26,612,1.47,1.41,1.47,1.4,1212,1115495.5,4.83,-2.76,-0.04,0.12
2002-08-27,612,1.45,1.43,1.45,1.41,1461,1343805.12,2.84,1.42,0.02,0.14
2002-08-28,612,1.44,1.43,1.45,1.43,1261,1163181.38,1.4,0.0,0.0,0.12
2002-08-29,612,1.44,1.41,1.45,1.41,1561,1430801.62,2.8,-1.4,-0.02,0.15
2002-08-30,612,1.43,1.4,1.43,1.4,1294,1178893.5,2.13,-0.71,-0.01,0.13
2002-09-02,612,1.4,1.41,1.42,1.39,990,902652.62,2.14,0.71,0.01,0.1
2002-09-03,612,1.41,1.4,1.41,1.4,1573,1433132.38,0.71,-0.71,-0.01,0.16
2002-09-04,612,1.4,1.43,1.44,1.4,1536,1405416.0,2.86,2.14,0.03,0.15
2002-09-05,612,1.43,1.41,1.43,1.4,1703,1551397.75,2.1,-1.4,-0.02,0.17
2002-09-06,612,1.41,1.41,1.41,1.4,1090,993166.56,0.71,0.0,0.0,0.11
2002-09-09,612,1.41,1.38,1.41,1.37,3388,3059000.25,2.84,-2.13,-0.03,0.33
2002-09-10,612,1.35,1.39,1.41,1.3,1716,1550641.88,7.97,0.72,0.01,0.17
2002-09-11,612,1.36,1.37,1.39,1.36,1822,1637504.25,2.16,-1.44,-0.02,0.18
2002-09-12,612,1.38,1.37,1.38,1.36,1414,1273175.38,1.46,0.0,0.0,0.14
2002-09-16,612,1.37,1.34,1.37,1.3,1319,1166272.12,5.11,-2.19,-0.03,0.13
2002-09-17,612,1.36,1.34,1.36,1.31,873,771643.62,3.73,0.0,0.0,0.09
2002-09-18,612,1.36,1.32,1.36,1.32,1295,1143861.0,2.99,-1.49,-0.02,0.13
2002-09-19,612,1.34,1.41,1.41,1.34,4628,4170713.5,5.3,6.82,0.09,0.46
2002-09-20,612,1.41,1.41,1.43,1.35,1153,1053533.0,5.67,0.0,0.0,0.11
2002-09-23,612,1.37,1.47,1.47,1.37,4366,4050319.0,7.09,4.26,0.06,0.43
2002-09-24,612,1.46,1.51,1.52,1.44,9232,8718299.0,5.44,2.72,0.04,0.91
2002-09-25,612,1.51,1.51,1.52,1.49,5790,5495924.5,1.99,0.0,0.0,0.57
2002-09-26,612,1.51,1.5,1.51,1.44,5838,5492113.0,4.64,-0.66,-0.01,0.58
2002-09-27,612,1.5,1.5,1.5,1.46,3739,3505114.75,2.67,0.0,0.0,0.37
2002-10-08,612,1.44,1.49,1.49,1.43,1486,1387407.12,4.0,-0.67,-0.01,0.15
2002-10-09,612,1.48,1.47,1.51,1.46,3935,3704942.5,3.36,-1.34,-0.02,0.39
2002-10-10,612,1.46,1.5,1.5,1.45,2991,2792952.25,3.4,2.04,0.03,0.29
2002-10-11,612,1.43,1.49,1.49,1.43,1802,1680811.38,4.0,-0.67,-0.01,0.18
2002-10-14,612,1.5,1.51,1.53,1.4,9699,9098880.0,8.72,1.34,0.02,0.96
2002-10-15,612,1.51,1.51,1.52,1.47,2296,2172273.25,3.31,0.0,0.0,0.23
2002-10-16,612,1.5,1.52,1.54,1.5,5759,5499876.5,2.65,0.66,0.01,0.57
2002-10-17,612,1.53,1.5,1.53,1.39,3705,3452139.25,9.21,-1.32,-0.02,0.37
2002-10-18,612,1.5,1.48,1.5,1.46,1448,1360179.5,2.67,-1.33,-0.02,0.14
2002-10-21,612,1.48,1.43,1.48,1.42,2212,2037564.38,4.05,-3.38,-0.05,0.22
2002-10-22,612,1.45,1.44,1.46,1.42,3523,3257562.5,2.8,0.7,0.01,0.35
2002-10-23,612,1.46,1.43,1.46,1.4,2969,2717456.5,4.17,-0.69,-0.01,0.29
2002-10-24,612,1.43,1.45,1.46,1.41,1981,1828093.88,3.5,1.4,0.02,0.2
2002-10-25,612,1.45,1.45,1.47,1.42,3250,3011802.75,3.45,0.0,0.0,0.32
2002-10-28,612,1.46,1.41,1.47,1.38,2062,1902163.88,6.21,-2.76,-0.04,0.2
2002-10-29,612,1.39,1.41,1.43,1.32,3939,3537702.0,7.8,0.0,0.0,0.39
2002-10-30,612,1.34,1.41,1.41,1.32,3286,2952066.5,6.38,0.0,0.0,0.32
2002-10-31,612,1.39,1.41,1.42,1.36,2887,2614511.0,4.26,0.0,0.0,0.28
2002-11-01,612,1.38,1.4,1.4,1.36,3350,3034784.25,2.84,-0.71,-0.01,0.33
2002-11-04,612,1.38,1.38,1.4,1.38,2383,2151409.0,1.43,-1.43,-0.02,0.23
2002-11-05,612,1.39,1.39,1.4,1.36,5182,4684710.5,2.9,0.72,0.01,0.51
2002-11-06,612,1.4,1.36,1.4,1.36,3166,2844155.75,2.88,-2.16,-0.03,0.31
2002-11-07,612,1.36,1.31,1.38,1.31,4414,3894380.0,5.15,-3.68,-0.05,0.44
2002-11-11,612,1.13,1.17,1.24,1.13,4610,3842727.0,8.4,-10.69,-0.14,0.45
2002-11-12,612,1.16,1.06,1.18,1.05,4648,3699941.5,11.11,-9.4,-0.11,0.46
2002-11-13,612,1.06,1.09,1.1,1.04,2858,2255207.0,5.66,2.83,0.03,0.28
2002-11-14,612,1.11,1.06,1.11,1.06,2381,1877211.62,4.59,-2.75,-0.03,0.23
2002-11-15,612,1.06,1.03,1.08,1.01,5096,3959376.5,6.6,-2.83,-0.03,0.5
2002-11-18,612,1.03,1.0,1.07,0.99,4408,3362244.0,7.77,-2.91,-0.03,0.43
2002-11-19,612,1.01,1.03,1.04,0.99,1739,1325665.12,5.0,3.0,0.03,0.13
2002-11-20,612,1.03,0.99,1.03,0.97,2296,1737906.12,5.83,-3.88,-0.04,0.17
2002-11-21,612,0.98,0.97,0.99,0.94,2602,1948157.88,5.05,-2.02,-0.02,0.2
2002-11-22,612,0.98,0.98,1.01,0.94,1724,1291735.0,7.22,1.03,0.01,0.13
2002-11-25,612,0.95,0.99,1.01,0.95,1662,1248899.25,6.12,1.02,0.01,0.13
2002-11-26,612,1.01,0.95,1.01,0.95,2236,1678395.0,6.06,-4.04,-0.04,0.17
2002-11-27,612,0.95,0.99,0.99,0.95,1780,1330290.25,4.21,4.21,0.04,0.13
2002-11-28,612,0.99,1.04,1.05,0.95,2781,2106659.25,10.1,5.05,0.05,0.21
2002-11-29,612,1.05,1.05,1.08,1.01,17591,13569947.0,6.73,0.96,0.01,1.33
2002-12-02,612,1.04,1.0,1.04,0.98,14281,10843460.0,5.71,-4.76,-0.05,1.08
2002-12-03,612,1.01,1.03,1.04,0.99,7977,6077698.5,5.0,3.0,0.03,0.6
2002-12-04,612,1.04,1.03,1.08,1.01,8717,6706390.5,6.8,0.0,0.0,0.66
2002-12-05,612,1.03,1.0,1.03,0.98,5417,4101371.75,4.85,-2.91,-0.03,0.41
2002-12-06,612,1.0,1.02,1.03,0.99,3217,2453302.5,4.0,2.0,0.02,0.24
2002-12-09,612,1.0,0.99,1.03,0.97,4461,3365063.25,5.88,-2.94,-0.03,0.34
2002-12-10,612,0.98,0.95,1.0,0.94,4193,3132300.0,6.06,-4.04,-0.04,0.32
2002-12-11,612,0.94,0.9,0.95,0.86,5817,4237243.0,9.47,-5.26,-0.05,0.44
2002-12-12,612,0.88,0.91,0.94,0.88,3982,2919534.25,6.67,1.11,0.01,0.3
2002-12-13,612,0.89,0.92,0.95,0.86,11227,8191492.0,9.89,1.1,0.01,0.85
2002-12-16,612,0.94,0.96,0.97,0.91,4222,3130355.0,6.52,4.35,0.04,0.32
2002-12-17,612,0.96,0.98,0.99,0.95,2901,2171154.25,4.17,2.08,0.02,0.22
2002-12-18,612,0.99,0.96,1.0,0.95,3695,2773464.75,5.1,-2.04,-0.02,0.28
2002-12-19,612,0.97,0.98,0.98,0.94,3407,2534542.5,4.17,2.08,0.02,0.26
2002-12-20,612,0.98,1.0,1.01,0.95,2548,1919316.0,6.12,2.04,0.02,0.19
2002-12-23,612,1.0,1.01,1.07,0.98,8255,6326854.5,9.0,1.0,0.01,0.63
2002-12-24,612,1.02,1.06,1.1,1.01,16154,12537580.0,8.91,4.95,0.05,1.22
2002-12-25,612,1.08,1.01,1.08,1.01,10599,8140278.0,6.6,-4.72,-0.05,0.8
2002-12-26,612,1.01,0.94,1.02,0.94,59904,44931928.0,7.92,-6.93,-0.07,4.54
2002-12-27,612,0.91,1.07,1.13,0.91,164395,125076080.0,23.4,13.83,0.13,12.46
2002-12-30,612,1.04,0.95,1.04,0.94,32665,24544374.0,9.35,-11.21,-0.12,2.48
2002-12-31,612,0.9,0.83,0.97,0.82,21611,15713990.0,15.79,-12.63,-0.12,1.64
2003-01-02,612,0.82,0.73,0.82,0.72,16822,11554236.0,12.05,-12.05,-0.1,1.28
2003-01-03,612,0.72,0.75,0.78,0.71,7581,5174357.0,9.59,2.74,0.02,0.57
2003-01-06,612,0.75,0.78,0.79,0.73,5490,3788405.25,8.0,4.0,0.03,0.42
2003-01-07,612,0.78,0.79,0.81,0.76,9299,6445107.0,6.41,1.28,0.01,0.7
2003-01-08,612,0.77,0.9,0.91,0.77,11779,8403943.0,17.72,13.92,0.11,0.89
2003-01-09,612,0.88,0.92,0.94,0.85,36926,26792386.0,10.0,2.22,0.02,2.8
2003-01-10,612,0.91,0.87,0.97,0.84,34536,25091926.0,14.13,-5.43,-0.05,2.62
2003-01-13,612,0.84,0.88,0.89,0.84,6521,4695917.0,5.75,1.15,0.01,0.49
2003-01-14,612,0.89,1.02,1.09,0.88,35351,26728940.0,23.86,15.91,0.14,2.68
2003-01-15,612,1.01,1.02,1.07,0.97,42045,32022976.0,9.8,0.0,0.0,3.19
2003-01-16,612,0.99,1.03,1.03,0.99,24069,18313264.0,3.92,0.98,0.01,1.82
2003-01-17,612,1.05,1.1,1.14,1.05,34533,26988298.0,8.74,6.8,0.07,2.62
2003-01-20,612,1.1,1.08,1.11,1.06,18974,14813933.0,4.55,-1.82,-0.02,1.44
2003-01-21,612,1.11,1.01,1.14,1.01,14714,11457716.0,12.04,-6.48,-0.07,1.12
2003-01-23,612,1.04,1.03,1.08,1.02,9420,7241558.0,5.94,1.98,0.02,0.71
2003-01-24,612,1.01,1.08,1.09,1.01,9179,7105230.5,7.77,4.85,0.05,0.7
2003-01-27,612,1.1,1.15,1.17,1.09,22369,17829040.0,7.41,6.48,0.07,1.7
2003-01-28,612,1.16,1.16,1.17,1.11,15753,12548285.0,5.22,0.87,0.01,1.19
2003-01-29,612,1.16,1.18,1.2,1.14,13287,10728443.0,5.17,1.72,0.02,1.01
2003-02-10,612,1.18,1.15,1.18,1.14,8954,7196902.5,3.39,-2.54,-0.03,0.68
2003-02-11,612,1.15,1.2,1.2,1.15,5053,4075141.0,4.35,4.35,0.05,0.38
2003-02-12,612,1.2,1.23,1.25,1.18,7614,6256688.0,5.83,2.5,0.03,0.58
2003-02-13,612,1.22,1.18,1.26,1.18,7983,6533792.5,6.5,-4.07,-0.05,0.61
2003-02-14,612,1.18,1.18,1.2,1.17,6286,5089453.5,2.54,0.0,0.0,0.48
2003-02-17,612,1.18,1.17,1.2,1.16,8051,6507983.5,3.39,-0.85,-0.01,0.61
2003-02-18,612,1.17,1.19,1.2,1.16,3952,3198013.0,3.42,1.71,0.02,0.3
2003-02-19,612,1.21,1.21,1.22,1.18,3871,3146701.75,3.36,1.68,0.02,0.29
2003-02-20,612,1.2,1.23,1.23,1.2,3701,3033302.25,2.48,1.65,0.02,0.28
2003-02-21,612,1.22,1.15,1.23,1.15,10570,8531285.0,6.5,-6.5,-0.08,0.8
2003-02-24,612,1.14,1.16,1.16,1.11,4781,3816980.25,4.35,0.87,0.01,0.36
2003-02-25,612,1.16,1.2,1.2,1.15,3768,3060575.75,4.31,3.45,0.04,0.29
2003-02-26,612,1.2,1.19,1.2,1.17,2966,2404085.5,2.5,-0.83,-0.01,0.22
2003-02-27,612,1.2,1.19,1.21,1.17,3396,2753412.0,3.36,0.0,0.0,0.26
2003-02-28,612,1.2,1.18,1.2,1.15,3586,2881935.75,4.2,-0.84,-0.01,0.27
2003-03-03,612,1.17,1.18,1.18,1.15,5384,4326626.5,2.54,0.0,0.0,0.41
2003-03-04,612,1.2,1.19,1.2,1.17,4058,3288544.5,2.54,0.85,0.01,0.31
2003-03-05,612,1.2,1.28,1.28,1.19,19462,16159015.0,7.56,7.56,0.09,1.48
2003-03-06,612,1.29,1.27,1.29,1.23,8837,7346581.5,4.69,-0.78,-0.01,0.67
2003-03-07,612,1.26,1.34,1.35,1.26,21723,18410540.0,7.09,5.51,0.07,1.65
2003-03-10,612,1.34,1.34,1.4,1.32,38860,33457092.0,5.97,0.0,0.0,2.95
2003-03-11,612,1.39,1.33,1.4,1.32,55165,47560560.0,5.97,-0.75,-0.01,4.18
2003-03-12,612,1.33,1.43,1.45,1.32,56818,49631052.0,9.77,7.52,0.1,4.31
2003-03-13,612,1.42,1.4,1.45,1.38,19982,17519982.0,4.9,-2.1,-0.03,1.51
2003-03-14,612,1.4,1.36,1.42,1.35,11826,10226706.0,5.0,-2.86,-0.04,0.9
2003-03-17,612,1.36,1.43,1.43,1.35,15728,13730516.0,5.88,5.15,0.07,1.19
2003-03-18,612,1.42,1.36,1.45,1.36,11109,9739689.0,6.29,-4.9,-0.07,0.84
2003-03-19,612,1.36,1.34,1.38,1.32,11276,9662138.0,4.41,-1.47,-0.02,0.85
2003-03-20,612,1.34,1.32,1.36,1.32,8059,6871084.5,2.99,-1.49,-0.02,0.61
2003-03-21,612,1.32,1.39,1.41,1.32,7423,6405110.0,6.82,5.3,0.07,0.56
2003-03-24,612,1.39,1.39,1.41,1.36,5996,5195287.5,3.6,0.0,0.0,0.45
2003-03-25,612,1.39,1.35,1.39,1.33,5543,4751382.5,4.32,-2.88,-0.04,0.42
2003-03-26,612,1.34,1.35,1.38,1.33,5873,5031497.5,3.7,0.0,0.0,0.45
2003-03-27,612,1.37,1.43,1.45,1.33,17036,14854578.0,8.89,5.93,0.08,1.29
2003-03-28,612,1.42,1.39,1.44,1.38,10521,9209005.0,4.2,-2.8,-0.04,0.8
2003-03-31,612,1.41,1.42,1.42,1.37,16563,14395318.0,3.6,2.16,0.03,1.26
2003-04-01,612,1.42,1.47,1.48,1.4,32491,28786784.0,5.63,3.52,0.05,2.46
2003-04-02,612,1.48,1.46,1.48,1.44,9656,8568254.0,2.72,-0.68,-0.01,0.73
2003-04-03,612,1.46,1.44,1.47,1.43,7940,7031072.5,2.74,-1.37,-0.02,0.6
2003-04-04,612,1.44,1.47,1.48,1.44,11716,10413879.0,2.78,2.08,0.03,0.89
2003-04-07,612,1.47,1.38,1.47,1.37,17115,14987237.0,6.8,-6.12,-0.09,1.3
2003-04-08,612,1.39,1.42,1.42,1.36,14226,12331889.0,4.35,2.9,0.04,1.08
2003-04-09,612,1.41,1.47,1.48,1.38,15145,13336957.0,7.04,3.52,0.05,1.15
2003-04-10,612,1.48,1.49,1.55,1.44,31184,28079156.0,7.48,1.36,0.02,2.36
2003-04-11,612,1.48,1.56,1.58,1.47,40649,37169024.0,7.38,4.7,0.07,3.08
2003-04-14,612,1.57,1.75,1.79,1.57,60775,58072732.0,14.1,12.18,0.19,4.61
2003-04-16,612,1.95,1.95,2.09,1.88,150567,159111680.0,12.0,11.43,0.2,11.41
2003-04-17,612,1.93,1.83,1.93,1.77,60088,59722516.0,8.21,-6.15,-0.12,4.55
2003-04-18,612,1.91,2.05,2.07,1.88,72631,75691288.0,10.38,12.02,0.22,5.51
2003-04-21,612,2.08,1.92,2.08,1.9,47890,49490420.0,8.78,-6.34,-0.13,3.63
2003-04-22,612,1.93,1.98,2.0,1.88,31947,32778696.0,6.25,3.13,0.06,2.42
2003-04-23,612,1.98,1.89,1.98,1.88,23152,23609098.0,5.05,-4.55,-0.09,1.75
2003-04-24,612,1.89,1.7,1.89,1.64,49144,47861044.0,13.23,-10.05,-0.19,3.73
2003-04-25,612,1.61,1.48,1.67,1.47,32397,18233160.0,11.76,-12.94,-0.22,1.53
2003-04-28,612,1.44,1.59,1.62,1.29,39259,21245122.0,22.3,7.43,0.11,1.86
2003-04-29,612,1.59,1.46,1.59,1.44,33697,18528260.0,9.43,-8.18,-0.13,1.6
2003-04-30,612,1.45,1.53,1.6,1.45,29463,16429112.0,10.27,4.79,0.07,1.4
2003-05-12,612,1.53,1.56,1.61,1.5,13383,7487901.0,7.19,1.96,0.03,0.63
2003-05-13,612,1.57,1.35,1.57,1.34,55111,29501730.0,14.74,-13.46,-0.21,2.61
2003-05-14,612,1.34,1.39,1.44,1.33,22085,11649606.0,8.15,2.96,0.04,1.05
2003-05-15,612,1.4,1.42,1.45,1.35,22516,11992580.0,7.19,2.16,0.03,1.07
2003-05-16,612,1.42,1.53,1.55,1.42,32842,18016196.0,9.15,7.75,0.11,1.56
2003-05-19,612,1.53,1.72,1.83,1.53,69551,40858844.0,19.61,12.42,0.19,3.3
2003-05-20,612,1.72,1.76,1.77,1.66,34416,20279372.0,6.4,2.33,0.04,1.63
2003-05-21,612,1.76,1.7,1.82,1.66,38966,23163542.0,9.09,-3.41,-0.06,1.85
2003-05-22,612,1.68,1.74,1.79,1.66,30520,18109206.0,7.65,2.35,0.04,1.45
2003-05-23,612,1.73,1.77,1.8,1.73,41845,25077510.0,4.02,1.72,0.03,1.98
2003-05-26,612,1.81,1.82,1.86,1.81,31786,19410858.0,2.82,2.82,0.05,1.51
2003-05-27,612,1.82,1.77,1.86,1.75,23445,14096355.0,6.04,-2.75,-0.05,1.11
2003-05-28,612,1.77,1.72,1.8,1.67,20230,11983704.0,7.34,-2.82,-0.05,0.96
2003-05-29,612,1.66,1.66,1.67,1.56,25460,14546689.0,6.4,-3.49,-0.06,1.21
2003-05-30,612,1.66,1.62,1.66,1.6,22203,12731654.0,3.61,-2.41,-0.04,1.05
2003-06-02,612,1.62,1.68,1.76,1.6,14875,8718691.0,9.88,3.7,0.06,0.7
2003-06-03,612,1.69,1.64,1.72,1.64,10774,6280817.0,4.76,-2.38,-0.04,0.51
2003-06-04,612,1.67,1.72,1.77,1.67,15821,9358312.0,6.1,4.88,0.08,0.75
2003-06-05,612,1.77,1.71,1.77,1.69,6063,3566948.5,4.65,-0.58,-0.01,0.29
2003-06-06,612,1.72,1.63,1.73,1.62,10020,5814223.5,6.43,-4.68,-0.08,0.47
2003-06-09,612,1.63,1.54,1.63,1.54,10663,6054208.5,5.52,-5.52,-0.09,0.51
2003-06-10,612,1.52,1.57,1.6,1.52,5913,3327177.25,5.19,1.95,0.03,0.28
2003-06-11,612,1.54,1.63,1.64,1.54,6347,3609081.5,6.37,3.82,0.06,0.3
2003-06-12,612,1.64,1.57,1.65,1.57,5222,2962941.5,4.91,-3.68,-0.06,0.25
2003-06-13,612,1.57,1.59,1.61,1.54,7508,4223871.0,4.46,1.27,0.02,0.36
2003-06-16,612,1.62,1.54,1.62,1.52,12032,6701256.0,6.29,-3.14,-0.05,0.57
2003-06-17,612,1.54,1.5,1.54,1.5,10671,5889077.0,2.6,-2.6,-0.04,0.51
2003-06-18,612,1.52,1.5,1.52,1.49,6298,3474232.75,2.0,0.0,0.0,0.3
2003-06-19,612,1.51,1.45,1.51,1.45,8654,4706532.0,4.0,-3.33,-0.05,0.41
2003-06-20,612,1.45,1.51,1.51,1.44,8440,4642670.0,4.83,4.14,0.06,0.4
2003-06-23,612,1.51,1.47,1.51,1.46,3872,2114382.0,3.31,-2.65,-0.04,0.18
2003-06-24,612,1.47,1.5,1.5,1.47,3463,1899180.12,2.04,2.04,0.03,0.16
2003-06-25,612,1.5,1.46,1.5,1.44,3377,1841078.75,4.0,-2.67,-0.04,0.16
2003-06-26,612,1.45,1.45,1.47,1.41,4106,2214880.25,4.11,-0.68,-0.01,0.19
2003-06-27,612,1.5,1.41,1.5,1.4,3692,1983381.75,6.9,-2.76,-0.04,0.17
2003-06-30,612,1.41,1.4,1.44,1.39,2876,1539883.0,3.55,-0.71,-0.01,0.14
2003-07-01,612,1.4,1.41,1.47,1.4,5441,2934489.5,5.0,0.71,0.01,0.26
2003-07-02,612,1.41,1.46,1.46,1.4,3184,1712828.12,4.26,3.55,0.05,0.15
2003-07-03,612,1.47,1.44,1.47,1.42,2596,1402902.12,3.42,-1.37,-0.02,0.12
2003-07-04,612,1.44,1.49,1.5,1.41,6081,3309980.5,6.25,3.47,0.05,0.29
2003-07-07,612,1.49,1.5,1.51,1.46,3732,2046470.38,3.36,0.67,0.01,0.18
2003-07-08,612,1.5,1.51,1.54,1.49,8500,4684308.5,3.33,0.67,0.01,0.4
2003-07-09,612,1.5,1.48,1.51,1.47,4339,2378221.75,2.65,-1.99,-0.03,0.21
2003-07-10,612,1.48,1.55,1.55,1.47,9247,5107888.0,5.41,4.73,0.07,0.44
2003-07-11,612,1.55,1.52,1.55,1.5,4380,2425746.0,3.23,-1.94,-0.03,0.21
2003-07-14,612,1.51,1.49,1.52,1.48,3729,2046541.0,2.63,-1.97,-0.03,0.18
2003-07-15,612,1.49,1.47,1.49,1.45,4362,2371543.0,2.68,-1.34,-0.02,0.21
2003-07-16,612,1.46,1.45,1.47,1.44,5464,2956526.5,2.04,-1.36,-0.02,0.26
2003-07-17,612,1.47,1.46,1.48,1.45,5868,3188850.5,2.07,0.69,0.01,0.28
2003-07-18,612,1.48,1.41,1.49,1.41,4627,2506248.75,5.48,-3.42,-0.05,0.22
2003-07-21,612,1.39,1.4,1.42,1.39,4718,2511643.75,2.13,-0.71,-0.01,0.22
2003-07-22,612,1.4,1.43,1.46,1.4,8583,4615737.5,4.29,2.14,0.03,0.41
2003-07-23,612,1.42,1.39,1.42,1.37,8933,4743659.0,3.5,-2.8,-0.04,0.42
2003-07-24,612,1.42,1.39,1.42,1.39,4041,2147731.5,2.16,0.0,0.0,0.19
2003-07-25,612,1.38,1.38,1.41,1.37,6031,3196942.25,2.88,-0.72,-0.01,0.29
2003-07-28,612,1.37,1.39,1.39,1.36,3659,1930761.38,2.17,0.72,0.01,0.17
2003-07-29,612,1.39,1.39,1.42,1.37,3150,1673050.88,3.6,0.0,0.0,0.15
2003-07-30,612,1.37,1.37,1.39,1.36,4184,2206871.75,2.16,-1.44,-0.02,0.2
2003-07-31,612,1.37,1.35,1.37,1.33,7991,4173715.25,2.92,-1.46,-0.02,0.38
2003-08-01,612,1.35,1.31,1.36,1.29,18187,9375566.0,5.19,-2.96,-0.04,0.86
2003-08-04,612,1.3,1.39,1.4,1.29,8115,4221473.0,8.4,6.11,0.08,0.38
2003-08-05,612,1.39,1.36,1.39,1.33,3921,2048153.38,4.32,-2.16,-0.03,0.19
2003-08-06,612,1.33,1.34,1.37,1.32,4338,2256835.0,3.68,-1.47,-0.02,0.21
2003-08-07,612,1.35,1.37,1.4,1.34,3933,2070869.38,4.48,2.24,0.03,0.19
2003-08-08,612,1.36,1.32,1.37,1.29,8998,4675344.0,5.84,-3.65,-0.05,0.43
2003-08-11,612,1.3,1.31,1.31,1.27,3646,1869496.75,3.03,-0.76,-0.01,0.17
2003-08-12,612,1.31,1.31,1.32,1.29,1434,739895.0,2.29,0.0,0.0,0.07
2003-08-13,612,1.31,1.31,1.31,1.29,2932,1506245.62,1.53,0.0,0.0,0.14
2003-08-14,612,1.3,1.24,1.3,1.23,7293,3706546.25,5.34,-5.34,-0.07,0.35
2003-08-15,612,1.24,1.25,1.27,1.21,7702,3878511.5,4.84,0.81,0.01,0.36
2003-08-18,612,1.24,1.23,1.24,1.22,3501,1757430.5,1.6,-1.6,-0.02,0.17
2003-08-19,612,1.22,1.23,1.25,1.22,3421,1717771.12,2.44,0.0,0.0,0.16
2003-08-20,612,1.22,1.21,1.23,1.16,13760,6797835.5,5.69,-1.63,-0.02,0.65
2003-08-21,612,1.2,1.22,1.22,1.16,4190,2078211.0,4.96,0.83,0.01,0.2
2003-08-22,612,1.22,1.21,1.22,1.19,2622,1307377.75,2.46,-0.82,-0.01,0.12
2003-08-25,612,1.16,1.2,1.2,1.12,13807,6742445.0,6.61,-0.83,-0.01,0.65
2003-08-26,612,1.19,1.19,1.2,1.12,3658,1786596.38,6.67,-0.83,-0.01,0.17
2003-08-27,612,1.16,1.21,1.23,1.16,2848,1409363.0,5.88,1.68,0.02,0.13
2003-08-28,612,1.21,1.15,1.21,1.15,8102,3974696.25,4.96,-4.96,-0.06,0.38
2003-08-29,612,1.19,1.19,1.19,1.12,1890,921329.19,6.09,3.48,0.04,0.09
2003-09-01,612,1.14,1.26,1.27,1.0,5908,2935890.75,22.69,5.88,0.07,0.28
2003-09-02,612,1.22,1.24,1.25,1.19,5289,2660956.75,4.76,-1.59,-0.02,0.25
2003-09-03,612,1.24,1.3,1.36,1.24,11747,6072823.5,9.68,4.84,0.06,0.56
2003-09-04,612,1.32,1.33,1.33,1.29,4908,2540885.75,3.08,2.31,0.03,0.23
2003-09-05,612,1.3,1.27,1.31,1.26,6128,3128101.25,3.76,-4.51,-0.06,0.29
2003-09-08,612,1.27,1.25,1.27,1.22,1907,960804.12,3.94,-1.57,-0.02,0.09
2003-09-09,612,1.27,1.25,1.27,1.22,1997,1004240.25,4.0,0.0,0.0,0.09
2003-09-10,612,1.25,1.25,1.27,1.23,1108,559634.5,3.2,0.0,0.0,0.05
2003-09-11,612,1.16,1.34,1.34,1.16,5608,2873010.75,14.4,7.2,0.09,0.27
2003-09-12,612,1.34,1.32,1.34,1.26,4150,2135578.5,5.97,-1.49,-0.02,0.2
2003-09-15,612,1.3,1.33,1.37,1.3,13349,6967610.5,5.3,0.76,0.01,0.63
2003-09-16,612,1.42,1.35,1.42,1.31,11538,6024151.5,8.27,1.5,0.02,0.55
2003-09-17,612,1.33,1.31,1.33,1.27,3988,2050630.5,4.44,-2.96,-0.04,0.19
2003-09-18,612,1.35,1.31,1.35,1.29,1558,807095.94,4.58,0.0,0.0,0.07
2003-09-19,612,1.31,1.31,1.33,1.27,2221,1142463.62,4.58,0.0,0.0,0.11
2003-09-22,612,1.37,1.32,1.37,1.31,4353,2270140.0,4.58,0.76,0.01,0.21
2003-09-23,612,1.32,1.34,1.34,1.3,1394,722400.38,3.03,1.52,0.02,0.07
2003-09-24,612,1.33,1.35,1.37,1.27,14582,7541563.0,7.46,0.75,0.01,0.69
2003-09-25,612,1.35,1.32,1.36,1.3,6243,3229866.75,4.44,-2.22,-0.03,0.3
2003-09-26,612,1.35,1.3,1.35,1.29,1114,573123.88,4.55,-1.52,-0.02,0.05
2003-09-29,612,1.3,1.25,1.3,1.25,2486,1262627.88,3.85,-3.85,-0.05,0.12
2003-09-30,612,1.25,1.3,1.31,1.23,8300,4227490.0,6.4,4.0,0.05,0.39
2003-10-08,612,1.33,1.29,1.33,1.27,1063,544566.56,4.62,-0.77,-0.01,0.05
2003-10-09,612,1.32,1.3,1.33,1.29,1360,698910.88,3.1,0.78,0.01,0.06
2003-10-10,612,1.3,1.38,1.4,1.29,7696,4039377.5,8.46,6.15,0.08,0.36
2003-10-13,612,1.38,1.36,1.39,1.33,1952,1025798.12,4.35,-1.45,-0.02,0.09
2003-10-14,612,1.36,1.43,1.44,1.36,9316,4960678.0,5.88,5.15,0.07,0.44
2003-10-15,612,1.43,1.43,1.46,1.39,6148,3319091.0,4.9,0.0,0.0,0.29
2003-10-16,612,1.41,1.37,1.41,1.35,4020,2118690.5,4.2,-4.2,-0.06,0.19
2003-10-17,612,1.36,1.36,1.37,1.33,2655,1390005.75,2.92,-0.73,-0.01,0.13
2003-10-20,612,1.37,1.47,1.49,1.37,13871,7507977.0,8.82,8.09,0.11,0.66
2003-10-21,612,1.47,1.59,1.62,1.47,39419,22137480.0,10.2,8.16,0.12,1.87
2003-10-22,612,1.59,1.65,1.72,1.57,40245,23308184.0,9.43,3.77,0.06,1.91
2003-10-23,612,1.63,1.6,1.65,1.58,10203,5819362.5,4.24,-3.03,-0.05,0.48
2003-10-24,612,1.59,1.62,1.64,1.59,6847,3909747.75,3.13,1.25,0.02,0.32
2003-10-27,612,1.61,1.52,1.64,1.5,8006,4486405.5,8.64,-6.17,-0.1,0.38
2003-10-28,612,1.5,1.55,1.57,1.46,5970,3311058.0,7.24,1.97,0.03,0.28
2003-10-29,612,1.56,1.49,1.57,1.44,7106,3905756.75,8.39,-3.87,-0.06,0.34
2003-10-30,612,1.49,1.51,1.55,1.44,5659,3123684.25,7.38,1.34,0.02,0.27
2003-10-31,612,1.49,1.52,1.56,1.48,4319,2397887.25,5.3,0.66,0.01,0.2
2003-11-03,612,1.5,1.6,1.61,1.47,6646,3720049.75,9.21,5.26,0.08,0.31
2003-11-04,612,1.55,1.62,1.69,1.55,19612,11322691.0,8.75,1.25,0.02,0.93
2003-11-05,612,1.62,1.59,1.64,1.56,5597,3178973.25,4.94,-1.85,-0.03,0.27
2003-11-06,612,1.56,1.55,1.66,1.52,11628,6598167.0,8.81,-2.52,-0.04,0.55
2003-11-07,612,1.55,1.51,1.61,1.5,11689,6524729.0,7.1,-2.58,-0.04,0.55
2003-11-10,612,1.51,1.57,1.57,1.49,6611,3666008.0,5.3,3.97,0.06,0.31
2003-11-11,612,1.58,1.54,1.59,1.5,3824,2141176.5,5.73,-1.91,-0.03,0.18
2003-11-12,612,1.54,1.4,1.54,1.39,8262,4488409.5,9.74,-9.09,-0.14,0.39
2003-11-13,612,1.39,1.41,1.49,1.36,5385,2902029.75,9.29,0.71,0.01,0.26
2003-11-14,612,1.44,1.43,1.45,1.4,2451,1316317.5,3.55,1.42,0.02,0.12
2003-11-17,612,1.47,1.45,1.48,1.42,2760,1501467.25,4.2,1.4,0.02,0.13
2003-11-18,612,1.44,1.4,1.47,1.39,2208,1185366.88,5.52,-3.45,-0.05,0.1
2003-11-19,612,1.39,1.42,1.46,1.38,3234,1736670.0,5.71,1.43,0.02,0.15
2003-11-20,612,1.42,1.54,1.54,1.41,9083,4986933.5,9.15,8.45,0.12,0.43
2003-11-21,612,1.53,1.46,1.55,1.46,6270,3454052.5,5.84,-5.19,-0.08,0.3
2003-11-24,612,1.49,1.53,1.54,1.44,5052,2776981.0,6.85,4.79,0.07,0.24
2003-11-25,612,1.53,1.59,1.65,1.53,18003,10239934.0,7.84,3.92,0.06,0.85
2003-11-26,612,1.59,1.57,1.59,1.55,7194,4043377.0,2.52,-1.26,-0.02,0.34
2003-11-27,612,1.6,1.5,1.6,1.5,5388,2997562.5,6.37,-4.46,-0.07,0.26
2003-11-28,612,1.5,1.53,1.54,1.5,2127,1176963.5,2.67,2.0,0.03,0.1
2003-12-01,612,1.53,1.6,1.6,1.53,7271,4110043.75,4.58,4.58,0.07,0.34
2003-12-02,612,1.62,1.62,1.71,1.61,40345,23406750.0,6.25,1.25,0.02,1.91
2003-12-03,612,1.62,1.6,1.66,1.59,9704,5564675.0,4.32,-1.23,-0.02,0.46
2003-12-04,612,1.6,1.59,1.66,1.56,13680,7775763.0,6.25,-0.63,-0.01,0.65
2003-12-05,612,1.6,1.66,1.7,1.6,21506,12433206.0,6.29,4.4,0.07,1.02
2003-12-08,612,1.71,1.66,1.72,1.64,10922,6353066.5,4.82,0.0,0.0,0.52
2003-12-09,612,1.67,1.69,1.7,1.64,8380,4860493.0,3.61,1.81,0.03,0.4
2003-12-10,612,1.71,1.75,1.75,1.68,28747,16999860.0,4.14,3.55,0.06,1.36
2003-12-11,612,1.75,1.74,1.78,1.71,22036,13125098.0,4.0,-0.57,-0.01,1.04
2003-12-12,612,1.73,1.71,1.75,1.66,13874,8096152.0,5.17,-1.72,-0.03,0.66
2003-12-15,612,1.71,1.72,1.77,1.68,12638,7514263.5,5.26,0.58,0.01,0.6
2003-12-16,612,1.72,1.77,1.8,1.62,41338,24484116.0,10.47,2.91,0.05,1.96
2003-12-17,612,1.76,1.71,1.84,1.7,42808,25833492.0,7.91,-3.39,-0.06,2.03
2003-12-18,612,1.69,1.77,1.83,1.67,33611,20135168.0,9.36,3.51,0.06,1.59
2003-12-19,612,1.78,1.96,1.99,1.74,98347,60738260.0,14.12,10.73,0.19,4.66
2003-12-22,612,1.96,1.97,2.06,1.93,89481,57181196.0,6.63,0.51,0.01,4.24
2003-12-23,612,1.99,2.02,2.05,1.97,44067,28337632.0,4.06,2.54,0.05,2.09
2003-12-24,612,2.05,2.04,2.05,1.95,43858,28249682.0,4.95,0.99,0.02,2.08
2003-12-25,612,2.05,2.07,2.15,2.04,73318,48131680.0,5.39,1.47,0.03,3.47
2003-12-26,612,2.07,2.01,2.08,1.99,23409,15064962.0,4.35,-2.9,-0.06,1.11
2003-12-29,612,1.97,1.87,1.99,1.78,34262,21342386.0,10.45,-6.97,-0.14,1.62
2003-12-30,612,1.87,1.92,1.95,1.85,19164,11985579.0,5.35,2.67,0.05,0.91
2003-12-31,612,1.94,1.94,1.97,1.89,20843,13158721.0,4.17,1.04,0.02,0.99
2004-01-02,612,1.92,1.91,1.97,1.89,12328,7749138.0,4.12,-1.55,-0.03,0.58
2004-01-05,612,1.9,2.01,2.01,1.84,41817,26272602.0,8.9,5.24,0.1,1.98
2004-01-06,612,2.0,2.06,2.09,1.99,38775,25167398.0,4.98,2.49,0.05,1.84
2004-01-07,612,2.06,2.07,2.11,2.02,49625,32541616.0,4.37,0.49,0.01,2.35
2004-01-08,612,2.09,1.97,2.09,1.94,49244,31361900.0,7.25,-4.83,-0.1,2.33
2004-01-09,612,1.97,1.88,2.09,1.87,62898,40142384.0,11.17,-4.57,-0.09,2.98
2004-01-12,612,1.86,1.97,1.98,1.86,35354,22035970.0,6.38,4.79,0.09,1.67
2004-01-13,612,1.97,1.94,1.99,1.9,26247,16533773.0,4.57,-1.52,-0.03,1.24
2004-01-14,612,1.91,1.94,1.97,1.88,16498,10372408.0,4.64,0.0,0.0,0.78
2004-01-15,612,1.94,2.0,2.0,1.93,22902,14536444.0,3.61,3.09,0.06,1.09
2004-01-16,612,2.0,2.09,2.09,1.98,40408,26250912.0,5.5,4.5,0.09,1.91
2004-01-29,612,2.11,2.1,2.14,2.04,26297,17236976.0,4.78,0.48,0.01,1.25
2004-01-30,612,2.1,1.91,2.1,1.91,29768,18950236.0,9.05,-9.05,-0.19,1.41
2004-02-02,612,1.93,1.94,2.02,1.85,31342,19722004.0,8.9,1.57,0.03,1.48
2004-02-03,612,1.94,2.05,2.06,1.86,42678,27376700.0,10.31,5.67,0.11,2.02
2004-02-04,612,2.07,2.06,2.08,2.0,44485,28801584.0,3.9,0.49,0.01,2.11
2004-02-05,612,2.06,2.06,2.06,1.99,34906,22466190.0,3.4,0.0,0.0,1.65
2004-02-06,612,2.06,2.14,2.27,2.06,105464,71084920.0,10.19,3.88,0.08,5.0
2004-02-09,612,2.15,2.31,2.36,2.14,101720,70204992.0,10.28,7.94,0.17,4.82
2004-02-10,612,2.33,2.27,2.33,2.22,48658,33500104.0,4.76,-1.73,-0.04,2.31
2004-02-11,612,2.27,2.2,2.27,2.16,37089,25043028.0,4.85,-3.08,-0.07,1.76
2004-02-12,612,2.2,2.27,2.3,2.2,38771,26557560.0,4.55,3.18,0.07,1.84
2004-02-13,612,2.29,2.22,2.29,2.2,26480,18077760.0,3.96,-2.2,-0.05,1.25
2004-02-16,612,2.22,2.27,2.3,2.2,27258,18704982.0,4.5,2.25,0.05,1.29
2004-02-17,612,2.3,2.3,2.32,2.24,36119,24964300.0,3.52,1.32,0.03,1.71
2004-02-18,612,2.31,2.31,2.38,2.22,40437,28204156.0,6.96,0.43,0.01,1.92
2004-02-19,612,2.31,2.49,2.52,2.29,90752,65568788.0,9.96,7.79,0.18,4.3
2004-02-20,612,2.49,2.48,2.49,2.39,28169,20220756.0,4.02,-0.4,-0.01,1.33
2004-02-23,612,2.49,2.41,2.61,2.4,47167,34575040.0,8.47,-2.82,-0.07,2.23
2004-02-24,612,2.4,2.51,2.55,2.36,51861,37295948.0,7.88,4.15,0.1,2.46
2004-02-25,612,2.52,2.37,2.58,2.36,48370,34752500.0,8.76,-5.58,-0.14,2.29
2004-02-26,612,2.27,2.23,2.37,2.16,57086,39034896.0,8.86,-5.91,-0.14,2.7
2004-02-27,612,2.22,2.3,2.34,2.21,44600,31005942.0,5.83,3.14,0.07,2.11
2004-03-01,612,2.3,2.37,2.41,2.19,30605,21310302.0,9.57,3.04,0.07,1.45
2004-03-02,612,2.41,2.45,2.49,2.37,49626,35575888.0,5.06,3.38,0.08,2.35
2004-03-03,612,2.44,2.42,2.49,2.39,42688,30641464.0,4.08,-1.22,-0.03,2.02
2004-03-04,612,2.42,2.53,2.57,2.41,56638,41320956.0,6.61,4.55,0.11,2.68
2004-03-05,612,2.53,2.52,2.56,2.49,36124,26594820.0,2.77,-0.4,-0.01,1.71
2004-03-08,612,2.5,2.39,2.54,2.34,25105,17955790.0,7.94,-5.16,-0.13,1.19
2004-03-09,612,2.39,2.34,2.41,2.33,20149,14245815.0,3.35,-2.09,-0.05,0.95
2004-03-10,612,2.33,2.4,2.41,2.29,21459,15092043.0,5.13,2.56,0.06,1.02
2004-03-11,612,2.43,2.55,2.6,2.41,59582,43927132.0,7.92,6.25,0.15,2.82
2004-03-12,612,2.56,2.64,2.67,2.56,92827,69788392.0,4.31,3.53,0.09,4.4
2004-03-15,612,2.8,2.76,3.02,2.74,146380,116097248.0,10.61,4.55,0.12,6.93
2004-03-16,612,2.76,3.06,3.16,2.75,171682,140753936.0,14.86,10.87,0.3,8.13
2004-03-17,612,3.08,3.09,3.16,3.02,83431,69914976.0,4.58,0.98,0.03,3.95
2004-03-18,612,3.08,2.94,3.08,2.91,88366,72178760.0,5.5,-4.85,-0.15,4.19
2004-03-19,612,2.94,3.25,3.26,2.92,77666,65147732.0,11.56,10.54,0.31,3.68
2004-03-22,612,3.1,3.35,3.39,3.1,78194,68459768.0,8.92,3.08,0.1,3.7
2004-03-23,612,3.35,3.28,3.36,3.21,49388,43049016.0,4.48,-2.09,-0.07,2.34
2004-03-24,612,3.36,3.23,3.37,3.21,39575,34587288.0,4.88,-1.52,-0.05,1.87
2004-03-25,612,3.23,3.22,3.26,3.12,35797,30512510.0,4.33,-0.31,-0.01,1.7
2004-03-26,612,3.22,3.39,3.49,3.17,57423,50760212.0,9.94,5.28,0.17,2.72
2004-03-29,612,3.34,3.44,3.61,3.34,56936,51888956.0,7.96,1.47,0.05,2.7
2004-03-31,612,3.44,3.5,3.56,3.4,44824,40735160.0,4.65,1.74,0.06,2.12
2004-04-01,612,3.54,3.47,3.58,3.42,33444,30478196.0,4.57,-0.86,-0.03,1.58
2004-04-02,612,3.5,3.53,3.53,3.44,43929,40008284.0,2.59,1.73,0.06,2.08
2004-04-05,612,3.53,3.74,3.76,3.5,57371,53967440.0,7.37,5.95,0.21,2.72
2004-04-06,612,3.72,3.72,3.78,3.66,26718,25457470.0,3.21,-0.53,-0.02,1.27
2004-04-07,612,3.75,3.79,3.81,3.69,31731,30338516.0,3.23,1.88,0.07,1.5
2004-04-08,612,3.79,3.94,4.0,3.79,48895,48170220.0,5.54,3.96,0.15,2.32
2004-04-09,612,3.94,3.93,4.26,3.89,68137,68706160.0,9.39,-0.25,-0.01,3.23
2004-04-12,612,3.9,3.67,3.94,3.61,63601,60469220.0,8.4,-6.62,-0.26,3.01
2004-04-13,612,3.64,3.45,3.66,3.45,65986,60512112.0,5.72,-5.99,-0.22,3.13
2004-04-14,612,3.39,3.52,3.54,3.28,57858,51835372.0,7.54,2.03,0.07,2.74
2004-04-15,612,3.48,3.41,3.55,3.39,28206,25552620.0,4.55,-3.13,-0.11,1.34
2004-04-16,612,3.43,3.49,3.54,3.34,25764,23225652.0,5.87,2.35,0.08,1.22
2004-04-19,612,3.5,3.46,3.55,3.45,15287,13941101.0,2.87,-0.86,-0.03,0.72
2004-04-20,612,3.44,3.1,3.49,3.1,44353,38164104.0,11.27,-10.4,-0.36,2.1
2004-04-21,612,3.1,2.9,3.12,2.66,59370,47443036.0,14.84,-6.45,-0.2,2.81
2004-04-22,612,2.77,2.93,2.94,2.69,34546,27233248.0,8.62,1.03,0.03,1.64
2004-04-23,612,2.9,2.8,2.92,2.78,14307,11321729.0,4.78,-4.44,-0.13,0.68
2004-04-26,612,2.79,2.87,2.94,2.76,14018,11156914.0,6.43,2.5,0.07,0.66
2004-04-27,612,2.93,2.66,2.98,2.52,59320,45189568.0,16.03,-7.32,-0.21,2.81
2004-04-28,612,2.59,2.66,2.74,2.47,34629,25453414.0,10.15,0.0,0.0,1.64
2004-04-29,612,2.66,2.52,2.72,2.48,34840,25723664.0,9.02,-5.26,-0.14,1.65
2004-04-30,612,2.54,2.38,2.57,2.31,46709,32857668.0,10.32,-5.56,-0.14,2.21
2004-05-10,612,2.41,2.39,2.47,2.37,24605,17344890.0,4.2,0.42,0.01,1.17
2004-05-11,612,2.39,2.41,2.47,2.37,26594,18768390.0,4.18,0.84,0.02,1.26
2004-05-12,612,2.44,2.64,2.67,2.41,77982,56712912.0,10.79,9.54,0.23,3.69
2004-05-13,612,2.67,2.74,2.76,2.6,52460,39374672.0,6.06,3.79,0.1,2.49
2004-05-14,612,2.74,2.51,2.74,2.49,40733,30019118.0,9.12,-8.39,-0.23,1.93
2004-05-17,612,2.45,2.47,2.59,2.4,21607,15552402.0,7.57,-1.59,-0.04,1.02
2004-05-18,612,2.44,2.65,2.65,2.44,17510,12768487.0,8.5,7.29,0.18,0.83
2004-05-19,612,2.64,2.58,2.68,2.55,23957,17768048.0,4.91,-2.64,-0.07,1.14
2004-05-20,612,2.57,2.5,2.64,2.48,19153,13929571.0,6.2,-3.1,-0.08,0.91
2004-05-21,612,2.51,2.54,2.55,2.49,10606,7678489.0,2.4,1.6,0.04,0.5
2004-05-24,612,2.5,2.44,2.55,2.4,11076,7907197.0,5.91,-3.94,-0.1,0.52
2004-05-25,612,2.42,2.04,2.44,2.04,72306,46915772.0,16.39,-16.39,-0.4,3.43
2004-05-26,612,1.97,1.97,2.03,1.84,35911,22167756.0,9.31,-3.43,-0.07,1.7
2004-05-27,612,1.95,2.1,2.11,1.91,34961,22283550.0,10.15,6.6,0.13,1.66
2004-05-28,612,2.1,2.0,2.1,1.99,20725,13184814.0,5.24,-4.76,-0.1,0.98
2004-05-31,612,2.0,2.1,2.1,1.99,19479,12465840.0,5.5,5.0,0.1,0.92
2004-06-01,612,2.09,2.15,2.17,2.05,30131,19726164.0,5.71,2.38,0.05,1.43
2004-06-02,612,2.14,2.04,2.14,2.0,23666,15178030.0,6.51,-5.12,-0.11,1.12
2004-06-03,612,2.0,2.01,2.04,1.94,24301,15223856.0,4.9,-1.47,-0.03,1.15
2004-06-04,612,1.98,2.03,2.11,1.98,12104,7762352.5,6.47,1.0,0.02,0.57
2004-06-07,612,2.03,1.99,2.03,1.89,15250,9542535.0,6.9,-1.97,-0.04,0.72
2004-06-08,612,1.94,1.88,1.98,1.84,11300,6942776.5,7.04,-5.53,-0.11,0.54
2004-06-09,612,1.87,1.72,1.89,1.61,57771,33455504.0,14.89,-8.51,-0.16,2.74
2004-06-10,612,1.69,1.8,1.81,1.65,27477,16124990.0,9.3,4.65,0.08,1.3
2004-06-11,612,1.79,1.75,1.88,1.73,15903,9484047.0,8.33,-2.78,-0.05,0.75
2004-06-14,612,1.75,1.71,1.79,1.65,10046,5772798.5,8.0,-2.29,-0.04,0.48
2004-06-15,612,1.71,1.79,1.82,1.69,8826,5186746.5,7.6,4.68,0.08,0.42
2004-06-16,612,1.81,1.88,1.97,1.75,26462,16168894.0,12.29,5.03,0.09,1.25
2004-06-17,612,1.88,1.77,1.9,1.76,13415,7993602.5,7.45,-5.85,-0.11,0.64
2004-06-18,612,1.79,1.77,1.79,1.68,10921,6341782.0,6.21,0.0,0.0,0.52
2004-06-21,612,1.68,1.8,1.8,1.68,7526,4431367.0,6.78,1.69,0.03,0.36
2004-06-22,612,1.73,1.8,1.84,1.73,9483,5664898.5,6.11,0.0,0.0,0.45
2004-06-23,612,1.77,1.74,1.79,1.66,12550,7280457.5,7.22,-3.33,-0.06,0.59
2004-06-24,612,1.74,1.68,1.75,1.66,11966,6878734.5,5.17,-3.45,-0.06,0.57
2004-06-25,612,1.65,1.58,1.71,1.54,26974,15020912.0,10.12,-5.95,-0.1,1.28
2004-06-28,612,1.55,1.47,1.58,1.44,20710,11205263.0,8.86,-6.96,-0.11,0.98
2004-06-29,612,1.45,1.64,1.65,1.45,25211,13784479.0,13.61,11.56,0.17,1.19
2004-06-30,612,1.62,1.52,1.62,1.51,34305,18853590.0,6.71,-7.32,-0.12,1.63
2004-07-01,612,1.52,1.77,1.79,1.5,58225,33446714.0,19.08,16.45,0.25,2.76
2004-07-02,612,1.76,1.76,1.79,1.69,41946,24521872.0,5.65,-0.56,-0.01,1.99
2004-07-05,612,1.75,1.71,1.76,1.65,25951,14882435.0,6.25,-2.84,-0.05,1.23
2004-07-06,612,1.72,1.87,1.97,1.72,71301,43415508.0,14.62,9.36,0.16,3.38
2004-07-07,612,1.86,1.88,1.91,1.82,33767,20491298.0,4.81,0.53,0.01,1.6
2004-07-08,612,1.87,1.94,1.95,1.77,40157,24340106.0,9.57,3.19,0.06,1.9
2004-07-09,612,1.94,1.91,2.03,1.9,46685,29154620.0,6.7,-1.55,-0.03,2.21
2004-07-12,612,1.89,1.8,1.89,1.79,28196,16873932.0,5.24,-5.76,-0.11,1.34
2004-07-13,612,1.8,1.85,1.87,1.77,15559,9290046.0,5.56,2.78,0.05,0.74
2004-07-14,612,1.86,1.89,1.89,1.77,19201,11483857.0,6.49,2.16,0.04,0.91
2004-07-15,612,1.87,1.96,1.97,1.85,27188,16713735.0,6.35,3.7,0.07,1.29
2004-07-16,612,1.97,2.07,2.1,1.97,53914,34492916.0,6.63,5.61,0.11,2.55
2004-07-19,612,2.06,2.14,2.2,2.01,47682,31094244.0,9.18,3.38,0.07,2.26
2004-07-20,612,2.14,2.12,2.16,2.07,35361,23006928.0,4.21,-0.93,-0.02,1.68
2004-07-21,612,2.12,2.06,2.12,2.01,20836,13362106.0,5.19,-2.83,-0.06,0.99
2004-07-22,612,2.02,1.87,2.08,1.87,27324,17016980.0,10.19,-9.22,-0.19,1.29
2004-07-23,612,1.85,1.96,1.96,1.81,20912,12717989.0,8.02,4.81,0.09,0.99
2004-07-26,612,1.94,1.86,1.94,1.8,24961,15112173.0,7.14,-5.1,-0.1,1.18
2004-07-27,612,1.83,1.88,1.9,1.81,18003,10927519.0,4.84,1.08,0.02,0.85
2004-07-28,612,1.88,1.91,1.93,1.86,18776,11501603.0,3.72,1.6,0.03,0.89
2004-07-29,612,1.91,1.96,1.97,1.89,19921,12298540.0,4.19,2.62,0.05,0.94
2004-07-30,612,1.97,1.89,1.99,1.86,15668,9605553.0,6.63,-3.57,-0.07,0.74
2004-08-02,612,1.86,1.87,1.9,1.85,7195,4381448.5,2.65,-1.06,-0.02,0.34
2004-08-03,612,1.86,1.53,1.89,1.53,59028,32972040.0,19.25,-18.18,-0.34,2.8
2004-08-04,612,1.45,1.59,1.66,1.4,39231,21441852.0,16.99,3.92,0.06,1.86
2004-08-05,612,1.56,1.5,1.59,1.49,19174,10447975.0,6.29,-5.66,-0.09,0.91
2004-08-06,612,1.47,1.5,1.54,1.47,10023,5419093.0,4.67,0.0,0.0,0.47
2004-08-09,612,1.58,1.6,1.64,1.54,16334,9075460.0,6.67,6.67,0.1,0.77
2004-08-10,612,1.6,1.59,1.61,1.56,7206,4008603.75,3.13,-0.63,-0.01,0.34
2004-08-11,612,1.59,1.49,1.59,1.47,13002,7027774.0,7.55,-6.29,-0.1,0.62
2004-08-12,612,1.47,1.5,1.51,1.43,9152,4878077.0,5.37,0.67,0.01,0.43
2004-08-13,612,1.45,1.47,1.51,1.45,6074,3265625.5,4.0,-2.0,-0.03,0.29
2004-08-16,612,1.45,1.26,1.47,1.22,26769,13515793.0,17.01,-14.29,-0.21,1.27
2004-08-17,612,1.27,1.27,1.31,1.24,12068,6021490.0,5.56,0.79,0.01,0.57
2004-08-18,612,1.29,1.25,1.29,1.24,12067,5999194.5,3.94,-1.57,-0.02,0.57
2004-08-19,612,1.25,1.16,1.25,1.06,14082,6714738.5,15.2,-7.2,-0.09,0.67
2004-08-20,612,1.17,1.26,1.26,1.14,10741,5237347.5,10.34,8.62,0.1,0.51
2004-08-23,612,1.21,1.24,1.25,1.07,14213,6818559.0,14.29,-1.59,-0.02,0.67
2004-08-24,612,1.18,1.27,1.3,1.16,16899,8379296.0,11.29,2.42,0.03,0.8
2004-08-25,612,1.27,1.24,1.28,1.24,8949,4431242.0,3.15,-2.36,-0.03,0.42
2004-08-26,612,1.24,1.21,1.25,1.17,10238,4973946.0,6.45,-2.42,-0.03,0.49
2004-08-27,612,1.21,1.21,1.22,1.15,6940,3348438.25,5.79,0.0,0.0,0.33
2004-08-30,612,1.16,1.2,1.2,1.14,3213,1551337.0,4.96,-0.83,-0.01,0.15
2004-08-31,612,1.37,1.26,1.37,1.24,22096,11049742.0,10.83,5.0,0.06,1.05
2004-09-01,612,1.26,1.2,1.26,1.19,4940,2404923.5,5.56,-4.76,-0.06,0.23
2004-09-02,612,1.19,1.24,1.24,1.17,4310,2098072.75,5.83,3.33,0.04,0.2
2004-09-03,612,1.25,1.24,1.26,1.21,4219,2081539.12,4.03,0.0,0.0,0.2
2004-09-06,612,1.24,1.22,1.25,1.21,5603,2752229.75,3.23,-1.61,-0.02,0.27
2004-09-07,612,1.22,1.21,1.22,1.2,8302,4062175.75,1.64,-0.82,-0.01,0.39
2004-09-08,612,1.22,1.22,1.25,1.22,4504,2219260.75,2.48,0.83,0.01,0.21
2004-09-09,612,1.22,1.15,1.22,1.15,8243,3972007.5,5.74,-5.74,-0.07,0.39
2004-09-10,612,1.14,1.15,1.16,1.12,4626,2201254.25,3.48,0.0,0.0,0.22
2004-09-13,612,1.15,1.05,1.16,1.05,8747,4066708.0,9.57,-8.7,-0.1,0.41
2004-09-14,612,1.08,1.13,1.19,1.08,6884,3267764.5,10.48,7.62,0.08,0.33
2004-09-15,612,1.14,1.29,1.37,1.14,31837,15990620.0,20.35,14.16,0.16,1.51
2004-09-16,612,1.32,1.42,1.43,1.26,25648,13134240.0,13.18,10.08,0.13,1.22
2004-09-17,612,1.41,1.49,1.51,1.35,32989,17480972.0,11.27,4.93,0.07,1.56
2004-09-20,612,1.51,1.59,1.59,1.44,55904,30338424.0,10.07,6.71,0.1,2.65
2004-09-21,612,1.57,1.5,1.59,1.45,42427,23156406.0,8.81,-5.66,-0.09,2.01
2004-09-22,612,1.47,1.37,1.5,1.36,32383,17076822.0,9.33,-8.67,-0.13,1.53
2004-09-23,612,1.37,1.49,1.5,1.35,28187,14813736.0,10.95,8.76,0.12,1.34
2004-09-24,612,1.52,1.49,1.69,1.47,81313,45175868.0,14.77,0.0,0.0,3.85
2004-09-27,612,1.54,1.49,1.6,1.43,28726,15684444.0,11.41,0.0,0.0,1.36
2004-09-28,612,1.49,1.47,1.52,1.45,14266,7674738.0,4.7,-1.34,-0.02,0.68
2004-09-29,612,1.5,1.41,1.5,1.4,10338,5470765.0,6.8,-4.08,-0.06,0.49
2004-09-30,612,1.41,1.33,1.43,1.31,12420,6371986.0,8.51,-5.67,-0.08,0.59
2004-10-08,612,1.32,1.36,1.37,1.27,15689,8006485.5,7.52,2.26,0.03,0.74
2004-10-12,612,1.28,1.11,1.28,1.07,54211,25653356.0,15.44,-18.38,-0.25,2.57
2004-10-13,612,1.1,0.99,1.14,0.94,33053,15077064.0,18.02,-10.81,-0.12,1.57
2004-10-14,612,0.97,0.78,0.97,0.75,40435,17072858.0,22.22,-21.21,-0.21,1.92
2004-10-15,612,0.78,0.81,0.91,0.76,26856,11156727.0,19.23,3.85,0.03,1.27
2004-10-18,612,0.83,0.79,0.86,0.75,22696,9318698.0,13.58,-2.47,-0.02,1.08
2004-10-19,612,0.81,0.83,0.87,0.8,17333,7301778.5,8.86,5.06,0.04,0.82
2004-10-20,612,0.93,0.95,1.02,0.89,65262,28789356.0,15.66,14.46,0.12,3.09
2004-10-21,612,0.93,0.88,0.94,0.86,21819,9412288.0,8.42,-7.37,-0.07,1.03
2004-10-22,612,0.9,0.81,0.92,0.75,22837,9474191.0,19.32,-7.95,-0.07,1.08
2004-10-25,612,0.82,0.82,0.85,0.6,81129,32386142.0,30.86,1.23,0.01,3.84
2004-10-26,612,0.8,0.81,0.82,0.71,26456,10843608.0,13.41,-1.22,-0.01,1.25
2004-10-27,612,0.81,0.81,0.82,0.75,18033,7439199.5,8.64,0.0,0.0,0.85
2004-10-28,612,0.81,0.82,0.86,0.79,28993,12188927.0,8.64,1.23,0.01,1.37
2004-10-29,612,0.72,0.78,0.79,0.71,24755,10047917.0,9.76,-4.88,-0.04,1.17
2004-11-01,612,0.77,0.72,0.77,0.67,15723,6270544.5,12.82,-7.69,-0.06,0.74
2004-11-02,612,0.71,0.71,0.72,0.66,8831,3495232.5,8.33,-1.39,-0.01,0.42
2004-11-03,612,0.72,0.74,0.74,0.66,14262,5667065.0,11.27,4.23,0.03,0.68
2004-11-04,612,0.74,0.71,0.75,0.66,10308,4082380.25,12.16,-4.05,-0.03,0.49
2004-11-05,612,0.72,0.67,0.72,0.66,9158,3583992.75,8.45,-5.63,-0.04,0.43
2004-11-08,612,0.67,0.7,0.7,0.67,5209,2054064.5,4.48,4.48,0.03,0.25
2004-11-09,612,0.7,0.69,0.7,0.66,5276,2068079.5,5.71,-1.43,-0.01,0.25
2004-11-10,612,0.68,0.76,0.77,0.66,17624,7062995.0,15.94,10.14,0.07,0.83
2004-11-11,612,0.76,0.81,0.86,0.72,34497,14391193.0,18.42,6.58,0.05,1.63
2004-11-12,612,0.79,0.79,0.85,0.77,11778,4890805.0,9.88,-2.47,-0.02,0.56
2004-11-15,612,0.8,0.8,0.82,0.78,13525,5597932.5,5.06,1.27,0.01,0.64
2004-11-16,612,0.81,0.89,0.9,0.81,48126,20582618.0,11.25,11.25,0.09,2.28
2004-11-17,612,0.89,0.8,0.89,0.8,21472,9016172.0,10.11,-10.11,-0.09,1.02
2004-11-18,612,0.81,0.82,0.82,0.79,10120,4203045.0,3.75,2.5,0.02,0.48
2004-11-19,612,0.82,0.86,0.86,0.8,13483,5655987.0,7.32,4.88,0.04,0.64
2004-11-22,612,0.86,0.87,0.87,0.82,29794,12601426.0,5.81,1.16,0.01,1.41
2004-11-23,612,0.87,0.89,0.92,0.84,46626,20005512.0,9.2,2.3,0.02,2.21
2004-11-24,612,0.91,0.92,1.07,0.91,96192,43107684.0,17.98,3.37,0.03,4.56
2004-11-25,612,0.91,0.87,0.94,0.85,29440,12672201.0,9.78,-5.43,-0.05,1.39
2004-11-26,612,0.89,0.89,0.92,0.84,16475,7113593.0,9.2,2.3,0.02,0.78
2004-11-29,612,0.87,0.83,0.89,0.83,13203,5579568.0,6.74,-6.74,-0.06,0.63
2004-11-30,612,0.82,0.82,0.84,0.8,12039,5027414.0,4.82,-1.2,-0.01,0.57
2004-12-01,612,0.81,0.85,0.86,0.81,9800,4129731.0,6.1,3.66,0.03,0.46
2004-12-02,612,0.84,0.89,0.96,0.82,29433,12731914.0,16.47,4.71,0.04,1.39
2004-12-03,612,0.9,0.91,0.92,0.86,15636,6736690.5,6.74,2.25,0.02,0.74
2004-12-06,612,0.9,0.94,0.95,0.87,18953,8249252.5,8.79,3.3,0.03,0.9
2004-12-07,612,0.94,0.88,0.94,0.88,11918,5154718.5,6.38,-6.38,-0.06,0.56
2004-12-08,612,0.87,0.89,0.9,0.86,9447,4047267.25,4.55,1.14,0.01,0.45
2004-12-09,612,0.87,0.95,0.97,0.86,46692,20537904.0,12.36,6.74,0.06,2.21
2004-12-10,612,0.96,0.89,1.02,0.89,62982,28046342.0,13.68,-6.32,-0.06,2.98
2004-12-13,612,0.86,0.79,0.86,0.77,20219,8433446.0,10.11,-11.24,-0.1,0.96
2004-12-14,612,0.79,0.77,0.81,0.76,10911,4476618.5,6.33,-2.53,-0.02,0.52
2004-12-15,612,0.77,0.74,0.79,0.68,18781,7551202.5,14.29,-3.9,-0.03,0.89
2004-12-16,612,0.74,0.72,0.76,0.71,8742,3510334.5,6.76,-2.7,-0.02,0.41
2004-12-17,612,0.71,0.7,0.72,0.69,7562,3003020.75,4.17,-2.78,-0.02,0.36
2004-12-20,612,0.68,0.65,0.7,0.62,40069,15458954.0,11.43,-7.14,-0.05,1.9
2004-12-21,612,0.66,0.68,0.77,0.65,38316,15171462.0,18.46,4.62,0.03,1.82
2004-12-22,612,0.68,0.71,0.74,0.65,38553,15202452.0,13.24,4.41,0.03,1.83
2004-12-23,612,0.7,0.67,0.75,0.67,16957,6748581.5,11.27,-5.63,-0.04,0.8
2004-12-24,612,0.66,0.67,0.69,0.65,5907,2319885.0,5.97,0.0,0.0,0.28
2004-12-27,612,0.67,0.7,0.7,0.67,7338,2889006.25,4.48,4.48,0.03,0.35
2004-12-28,612,0.7,0.7,0.73,0.69,17513,6980483.0,5.71,0.0,0.0,0.83
2004-12-29,612,0.67,0.59,0.7,0.55,21144,8119429.0,21.43,-15.71,-0.11,1.0
2004-12-30,612,0.59,0.52,0.59,0.44,23646,8486900.0,25.42,-11.86,-0.07,1.12
2004-12-31,612,0.49,0.4,0.53,0.39,22895,8022061.0,26.92,-23.08,-0.12,1.08
2005-01-04,612,0.4,0.37,0.4,0.33,7736,2607134.75,17.5,-7.5,-0.03,0.37
2005-01-05,612,0.37,0.44,0.47,0.37,16530,5770031.5,27.03,18.92,0.07,0.78
2005-01-06,612,0.43,0.41,0.44,0.39,7176,2465804.75,11.36,-6.82,-0.03,0.34
2005-01-07,612,0.4,0.45,0.45,0.4,12848,4489723.5,12.2,9.76,0.04,0.61
2005-01-10,612,0.46,0.5,0.5,0.44,18337,6536172.5,13.33,11.11,0.05,0.87
2005-01-11,612,0.49,0.49,0.51,0.46,9159,3275742.75,10.0,-2.0,-0.01,0.43
2005-01-12,612,0.49,0.49,0.51,0.46,8295,2966739.25,10.2,0.0,0.0,0.39
2005-01-13,612,0.48,0.48,0.5,0.46,6139,2187881.5,8.16,-2.04,-0.01,0.29
2005-01-14,612,0.48,0.42,0.49,0.4,11233,3946013.25,18.75,-12.5,-0.06,0.53
2005-01-17,612,0.41,0.39,0.41,0.37,6568,2224465.75,9.52,-7.14,-0.03,0.31
2005-01-18,612,0.39,0.41,0.42,0.36,9212,3143415.5,15.38,5.13,0.02,0.44
2005-01-19,612,0.42,0.42,0.42,0.39,5487,1889738.38,7.32,2.44,0.01,0.26
2005-01-20,612,0.41,0.39,0.42,0.36,4989,1697696.12,14.29,-7.14,-0.03,0.24
2005-01-21,612,0.37,0.44,0.45,0.35,11940,4108766.0,25.64,12.82,0.05,0.57
2005-01-24,612,0.48,0.47,0.52,0.43,33153,11700818.0,20.45,6.82,0.03,1.57
2005-01-25,612,0.44,0.51,0.54,0.43,44857,16106138.0,23.4,8.51,0.04,2.13
2005-01-26,612,0.51,0.42,0.51,0.39,35265,12389808.0,23.53,-17.65,-0.09,1.67
2005-01-27,612,0.4,0.41,0.43,0.39,8782,3024179.5,9.52,-2.38,-0.01,0.42
2005-01-28,612,0.25,0.22,0.3,0.22,48854,15307779.0,19.51,-46.34,-0.19,2.31
2005-01-31,612,0.16,0.19,0.19,0.13,25966,7791106.5,27.27,-13.64,-0.03,1.23
2005-02-01,612,0.17,0.08,0.19,0.05,45129,13005475.0,73.68,-57.89,-0.11,2.14
2005-02-02,612,0.07,0.16,0.17,0.04,47241,13820561.0,162.5,100.0,0.08,2.24
2005-02-03,612,0.16,0.09,0.16,0.09,33974,9936024.0,43.75,-43.75,-0.07,1.61
2005-02-04,612,0.09,0.14,0.14,0.06,23334,6804911.5,88.89,55.56,0.05,1.11
2005-02-16,612,0.14,0.19,0.21,0.13,33838,10289142.0,57.14,35.71,0.05,1.6
2005-02-17,612,0.19,0.21,0.22,0.17,15067,4612916.0,26.32,10.53,0.02,0.71
2005-02-18,612,0.21,0.2,0.24,0.19,18914,5828604.5,23.81,-4.76,-0.01,0.9
2005-02-21,612,0.21,0.26,0.26,0.21,26128,8199546.0,25.0,30.0,0.06,1.24
2005-02-22,612,0.26,0.29,0.3,0.21,46399,14714209.0,34.62,11.54,0.03,2.2
2005-02-23,612,0.3,0.32,0.36,0.28,67711,22258200.0,27.59,10.34,0.03,3.21
2005-02-24,612,0.32,0.31,0.33,0.28,29679,9639954.0,15.63,-3.13,-0.01,1.41
2005-02-25,612,0.31,0.3,0.35,0.3,38489,12670360.0,16.13,-3.23,-0.01,1.82
2005-02-28,612,0.29,0.26,0.3,0.25,36853,11743507.0,16.67,-13.33,-0.04,1.75
2005-03-01,612,0.26,0.36,0.37,0.26,82646,27375558.0,42.31,38.46,0.1,3.92
2005-03-02,612,0.36,0.27,0.36,0.26,44570,14468265.0,27.78,-25.0,-0.09,2.11
2005-03-03,612,0.27,0.25,0.28,0.22,31231,9828073.0,22.22,-7.41,-0.02,1.48
2005-03-04,612,0.25,0.25,0.27,0.24,13116,4149105.5,12.0,0.0,0.0,0.62
2005-03-07,612,0.25,0.25,0.27,0.24,9960,3139122.0,12.0,0.0,0.0,0.47
2005-03-08,612,0.26,0.28,0.29,0.24,16875,5365032.5,20.0,12.0,0.03,0.8
2005-03-09,612,0.29,0.31,0.32,0.27,28802,9352782.0,17.86,10.71,0.03,1.36
2005-03-10,612,0.32,0.22,0.32,0.18,45121,14138932.0,45.16,-29.03,-0.09,2.14
2005-03-11,612,0.21,0.2,0.22,0.18,29443,9009796.0,18.18,-9.09,-0.02,1.39
2005-03-14,612,0.2,0.16,0.21,0.14,27651,8279319.5,35.0,-20.0,-0.04,1.31
2005-03-15,612,0.17,0.15,0.18,0.15,12996,3894851.5,18.75,-6.25,-0.01,0.62
2005-03-16,612,0.17,0.2,0.21,0.15,23827,7221961.0,40.0,33.33,0.05,1.13
2005-03-17,612,0.19,0.18,0.2,0.15,21979,6621102.0,25.0,-10.0,-0.02,1.04
2005-03-18,612,0.19,0.12,0.19,0.11,23736,7050883.0,44.44,-33.33,-0.06,1.12
2005-03-21,612,0.14,0.18,0.2,0.11,25158,7534949.0,75.0,50.0,0.06,1.19
2005-03-22,612,0.19,0.14,0.19,0.09,15344,4521010.5,55.56,-22.22,-0.04,0.73
2005-03-23,612,0.14,0.15,0.16,0.1,14431,4254278.0,42.86,7.14,0.01,0.68
2005-03-24,612,0.16,0.19,0.19,0.14,46958,14147498.0,33.33,26.67,0.04,2.22
2005-03-25,612,0.18,0.19,0.19,0.16,19012,5747778.5,15.79,0.0,0.0,0.9
2005-03-28,612,0.17,0.15,0.18,0.13,11629,3442864.25,26.32,-21.05,-0.04,0.55
2005-03-29,612,0.15,0.12,0.16,0.12,8492,2508686.0,26.67,-20.0,-0.03,0.4
2005-03-30,612,0.11,-0.01,0.11,-0.03,26336,7264413.5,116.67,-108.33,-0.13,1.25
2005-03-31,612,-0.05,0.01,0.01,-0.06,15515,4107327.25,-700.0,200.0,0.02,0.74
2005-04-01,612,0.0,0.05,0.09,-0.05,17790,4863717.0,1400.0,400.0,0.04,0.84
2005-04-04,612,0.02,0.0,0.03,-0.03,10973,2983588.5,120.0,-100.0,-0.05,0.52
2005-04-05,612,-0.01,-0.01,0.01,-0.03,9866,2660906.25,-1163.2,0.0,-0.01,0.47
2005-04-06,612,-0.02,0.01,0.03,-0.03,12839,3484280.25,-600.0,200.0,0.02,0.61
2005-04-07,612,0.01,0.04,0.08,-0.01,27769,7697436.5,900.0,300.0,0.03,1.32
2005-04-08,612,0.04,0.2,0.2,0.02,74489,22138242.0,450.0,400.0,0.16,3.53
2005-04-11,612,0.23,0.31,0.34,0.22,161266,51996472.0,60.0,55.0,0.11,7.64
2005-04-12,612,0.31,0.22,0.31,0.22,40750,12902469.0,29.03,-29.03,-0.09,1.93
2005-04-13,612,0.22,0.35,0.39,0.22,94373,31244292.0,77.27,59.09,0.13,4.47
2005-04-14,612,0.35,0.3,0.37,0.27,37882,12396748.0,28.57,-14.29,-0.05,1.79
2005-04-15,612,0.27,0.21,0.27,0.2,38082,11821212.0,23.33,-30.0,-0.09,1.8
2005-04-18,612,0.21,0.12,0.21,0.04,38019,10922836.0,80.95,-42.86,-0.09,1.8
2005-04-19,612,0.09,0.11,0.13,0.09,16601,4826172.0,33.33,-8.33,-0.01,0.79
2005-04-20,612,0.1,0.16,0.21,0.02,32793,9772443.0,172.73,45.45,0.05,1.55
2005-04-21,612,0.14,0.22,0.23,0.12,32336,9876928.0,68.75,37.5,0.06,1.53
2005-04-22,612,0.21,0.17,0.22,0.16,19383,5891070.0,27.27,-22.73,-0.05,0.92
2005-04-25,612,0.15,0.02,0.15,0.0,30231,8425043.0,88.24,-88.24,-0.15,1.43
2005-04-26,612,0.0,-0.02,0.02,-0.13,57351,14887759.0,750.0,-200.0,-0.04,2.72
2005-04-27,612,-0.04,-0.09,-0.04,-0.11,23990,6128315.0,-350.0,-350.0,-0.07,1.14
2005-04-28,612,-0.11,-0.09,-0.07,-0.22,32850,8072865.0,-166.67,0.0,0.0,1.56
2005-04-29,612,-0.08,-0.1,-0.08,-0.13,17639,4430070.0,-55.56,-11.11,-0.01,0.84
2005-05-09,612,-0.06,-0.09,-0.02,-0.11,27480,7104130.5,-90.0,10.0,0.01,1.3
2005-05-10,612,-0.09,-0.09,-0.09,-0.2,15283,3765264.75,-122.22,0.0,0.0,0.72
2005-05-11,612,-0.09,-0.13,-0.09,-0.14,8775,2181889.5,-55.56,-44.44,-0.04,0.42
2005-05-12,612,-0.16,-0.15,-0.14,-0.16,6099,1486318.38,-15.38,-15.38,-0.02,0.29
2005-05-13,612,-0.16,-0.14,-0.13,-0.16,5817,1423861.38,-20.0,6.67,0.01,0.28
2005-05-16,612,-0.14,-0.18,-0.14,-0.19,8707,2080514.88,-35.71,-28.57,-0.04,0.41
2005-05-17,612,-0.18,-0.16,-0.14,-0.19,8876,2141863.25,-27.78,11.11,0.02,0.42
2005-05-18,612,-0.16,-0.08,-0.07,-0.17,22792,5695092.0,-62.5,50.0,0.08,1.08
2005-05-19,612,-0.11,-0.09,-0.07,-0.11,12333,3128271.5,-50.0,-12.5,-0.01,0.58
2005-05-20,612,-0.1,-0.1,-0.08,-0.11,11702,2980709.25,-33.33,-11.11,-0.01,0.55
2005-05-23,612,-0.1,-0.17,-0.1,-0.17,11665,2839843.75,-70.0,-70.0,-0.07,0.55
2005-05-24,612,-0.18,-0.13,-0.11,-0.18,9042,2231799.5,-41.18,23.53,0.04,0.43
2005-05-26,612,-0.12,-0.11,-0.09,-0.15,11231,2815334.0,-46.15,15.38,0.02,0.53
2005-05-27,612,-0.11,-0.12,-0.09,-0.13,6735,1683834.0,-36.36,-9.09,-0.01,0.32
2005-05-30,612,-0.12,-0.11,-0.09,-0.13,8050,2024295.88,-33.33,8.33,0.01,0.38
2005-05-31,612,-0.11,-0.08,-0.03,-0.11,25507,6562246.5,-72.73,27.27,0.03,1.21
2005-06-01,612,-0.08,-0.11,-0.06,-0.14,11463,2883083.0,-100.0,-37.5,-0.03,0.54
2005-06-02,612,-0.13,-0.11,-0.1,-0.14,8032,2010220.62,-36.36,0.0,0.0,0.38
2005-06-03,612,-0.12,-0.11,-0.09,-0.14,10292,2566563.5,-45.45,0.0,0.0,0.49
2005-06-06,612,-0.13,-0.11,-0.1,-0.15,9393,2336573.75,-45.45,0.0,0.0,0.45
2005-06-07,612,-0.11,-0.1,-0.07,-0.11,19233,4889398.5,-36.36,9.09,0.01,0.91
2005-06-08,612,-0.1,0.04,0.04,-0.1,63447,16960598.0,-140.0,140.0,0.14,3.01
2005-06-09,612,0.04,0.11,0.17,0.02,124803,36120568.0,375.0,175.0,0.07,5.91
2005-06-10,612,0.11,0.04,0.11,0.04,32511,9148684.0,63.64,-63.64,-0.07,1.54
2005-06-13,612,0.04,0.03,0.05,-0.01,19864,5427530.5,150.0,-25.0,-0.01,0.94
2005-06-14,612,0.04,0.0,0.05,0.0,13794,3794325.75,166.67,-100.0,-0.03,0.65
2005-06-15,612,0.0,-0.09,0.0,-0.11,20049,5194075.5,-3323.42,0.0,-0.09,0.95
2005-06-16,612,-0.1,-0.07,-0.06,-0.11,8314,2126823.5,-55.56,22.22,0.02,0.39
2005-06-17,612,-0.06,-0.06,-0.04,-0.09,7881,2045186.62,-71.43,14.29,0.01,0.37
2005-06-20,612,-0.06,-0.04,-0.03,-0.14,12256,3166331.0,-183.33,33.33,0.02,0.58
2005-06-21,612,-0.04,-0.09,-0.04,-0.09,22712,5823015.0,-125.0,-125.0,-0.05,1.08
2005-06-22,612,-0.09,-0.09,-0.08,-0.11,7959,2015325.5,-33.33,0.0,0.0,0.38
2005-06-23,612,-0.08,-0.11,-0.08,-0.12,10924,2750648.0,-44.44,-22.22,-0.02,0.52
2005-06-24,612,-0.13,-0.12,-0.11,-0.14,8655,2142866.75,-27.27,-9.09,-0.01,0.41
2005-06-27,612,-0.11,-0.09,-0.06,-0.11,19570,5006889.0,-41.67,25.0,0.03,0.93
2005-06-28,612,-0.09,-0.13,-0.09,-0.13,10547,2632851.0,-44.44,-44.44,-0.04,0.5
2005-06-29,612,-0.11,-0.14,-0.1,-0.14,10156,2505771.0,-30.77,-7.69,-0.01,0.48
2005-06-30,612,-0.14,-0.18,-0.14,-0.19,11738,2811640.0,-35.71,-28.57,-0.04,0.56
2005-07-01,612,-0.2,-0.22,-0.18,-0.23,14032,3276034.25,-27.78,-22.22,-0.04,0.66
2005-07-04,612,-0.22,-0.26,-0.22,-0.31,15155,3336798.5,-40.91,-18.18,-0.04,0.72
2005-07-05,612,-0.27,-0.27,-0.25,-0.29,5531,1226047.12,-15.38,-3.85,-0.01,0.26
2005-07-06,612,-0.25,-0.28,-0.25,-0.29,5178,1146887.25,-14.81,-3.7,-0.01,0.25
2005-07-07,612,-0.28,-0.26,-0.25,-0.28,6869,1526028.75,-10.71,7.14,0.02,0.33
2005-07-08,612,-0.26,-0.31,-0.25,-0.33,9723,2115399.25,-30.77,-19.23,-0.05,0.46
2005-07-11,612,-0.28,-0.33,-0.22,-0.34,11579,2510590.25,-38.71,-6.45,-0.02,0.55
2005-07-12,612,-0.31,-0.3,-0.26,-0.36,15571,3339665.5,-30.3,9.09,0.03,0.74
2005-07-13,612,-0.32,-0.33,-0.3,-0.33,7217,1539454.75,-10.0,-10.0,-0.03,0.34
2005-07-14,612,-0.34,-0.34,-0.31,-0.35,5235,1101484.25,-12.12,-3.03,-0.01,0.25
2005-07-15,612,-0.34,-0.4,-0.32,-0.41,17034,3444266.5,-26.47,-17.65,-0.06,0.81
2005-07-18,612,-0.4,-0.48,-0.39,-0.48,14984,2839154.25,-22.5,-20.0,-0.08,0.71
2005-07-19,612,-0.48,-0.45,-0.45,-0.5,11012,2039716.12,-10.42,6.25,0.03,0.52
2005-07-20,612,-0.45,-0.45,-0.44,-0.48,14508,2724870.0,-8.89,0.0,0.0,0.69
2005-07-21,612,-0.45,-0.44,-0.44,-0.48,6910,1301440.38,-8.89,2.22,0.01,0.33
2005-07-22,612,-0.45,-0.41,-0.39,-0.47,25007,4852797.5,-18.18,6.82,0.03,1.18
2005-07-25,612,-0.42,-0.41,-0.4,-0.45,21010,4059172.0,-12.2,0.0,0.0,1.0
2005-07-26,612,-0.41,-0.36,-0.36,-0.42,33184,6685711.5,-14.63,12.2,0.05,1.57
2005-07-27,612,-0.38,-0.36,-0.36,-0.4,27576,5581978.0,-11.11,0.0,0.0,1.31
2005-07-28,612,-0.29,-0.25,-0.25,-0.35,87325,19376912.0,-27.78,30.56,0.11,4.14
2005-07-29,612,-0.23,-0.28,-0.23,-0.31,52041,11415645.0,-32.0,-12.0,-0.03,2.47
2005-08-01,612,-0.31,-0.28,-0.26,-0.31,18776,4125566.5,-17.86,0.0,0.0,0.89
2005-08-02,612,-0.29,-0.24,-0.24,-0.3,27786,6207423.5,-21.43,14.29,0.04,1.32
2005-08-03,612,-0.24,-0.21,-0.12,-0.25,65989,15749081.0,-54.17,12.5,0.03,3.13
2005-08-04,612,-0.23,-0.18,-0.17,-0.25,25873,6090782.5,-38.1,14.29,0.03,1.23
2005-08-05,612,-0.18,-0.17,-0.16,-0.2,27501,6584634.0,-22.22,5.56,0.01,1.3
2005-08-08,612,-0.17,-0.19,-0.15,-0.21,25105,5907733.5,-35.29,-11.76,-0.02,1.19
2005-08-09,612,-0.2,-0.19,-0.18,-0.24,32283,7472889.0,-31.58,0.0,0.0,1.53
2005-08-10,612,-0.15,-0.14,-0.12,-0.19,78788,19231480.0,-36.84,26.32,0.05,3.73
2005-08-11,612,-0.15,-0.16,-0.14,-0.19,38939,9348961.0,-35.71,-14.29,-0.02,1.84
2005-08-12,612,-0.17,-0.23,-0.15,-0.24,34379,8074030.0,-56.25,-43.75,-0.07,1.63
2005-08-15,612,-0.24,-0.2,-0.18,-0.25,18348,4268250.0,-30.43,13.04,0.03,0.87
2005-08-16,612,-0.19,-0.21,-0.18,-0.23,19297,4531236.5,-25.0,-5.0,-0.01,0.91
2005-08-17,612,-0.22,-0.18,-0.17,-0.24,25619,6018357.0,-33.33,14.29,0.03,1.21
2005-08-18,612,-0.17,-0.23,-0.14,-0.24,41972,10060083.0,-55.56,-27.78,-0.05,1.99
2005-08-19,612,-0.23,-0.26,-0.22,-0.3,27106,6028797.0,-34.78,-13.04,-0.03,1.28
2005-08-22,612,-0.28,-0.25,-0.24,-0.3,17330,3861438.75,-23.08,3.85,0.01,0.82
2005-08-23,612,-0.24,-0.26,-0.23,-0.29,19792,4439149.5,-24.0,-4.0,-0.01,0.94
2005-08-24,612,-0.25,-0.25,-0.24,-0.27,15176,3409283.0,-11.54,3.85,0.01,0.72
2005-08-25,612,-0.25,-0.2,-0.2,-0.26,22282,5077090.5,-24.0,20.0,0.05,1.06
2005-08-26,612,-0.21,-0.15,-0.14,-0.21,67186,16178903.0,-35.0,25.0,0.05,3.18
2005-08-29,612,-0.14,-0.11,-0.1,-0.18,81250,19806672.0,-53.33,26.67,0.04,3.85
2005-08-30,612,-0.13,-0.17,-0.13,-0.17,21581,5250171.0,-36.36,-54.55,-0.06,1.02
2005-08-31,612,-0.17,-0.15,-0.15,-0.21,21495,5125428.5,-35.29,11.76,0.02,1.02
2005-09-01,612,-0.15,-0.14,-0.13,-0.18,36623,8946907.0,-33.33,6.67,0.01,1.74
2005-09-02,612,-0.14,-0.13,-0.13,-0.17,23967,5871810.5,-28.57,7.14,0.01,1.14
2005-09-05,612,-0.13,-0.11,-0.11,-0.14,27216,6755725.0,-23.08,15.38,0.02,1.29
2005-09-06,612,-0.13,-0.17,-0.1,-0.18,36036,8875816.0,-72.73,-54.55,-0.06,1.71
2005-09-07,612,-0.18,-0.12,-0.11,-0.21,33374,8033530.5,-58.82,29.41,0.05,1.58
2005-09-08,612,-0.1,-0.09,-0.02,-0.12,78298,20228262.0,-83.33,25.0,0.03,3.71
2005-09-09,612,-0.09,-0.14,-0.08,-0.15,33653,8352211.5,-77.78,-55.56,-0.05,1.59
2005-09-12,612,-0.14,-0.15,-0.13,-0.16,16510,4031925.25,-21.43,-7.14,-0.01,0.78
2005-09-13,612,-0.15,-0.09,-0.09,-0.15,36796,9224953.0,-40.0,40.0,0.06,1.74
2005-09-14,612,-0.09,-0.07,-0.05,-0.1,41175,10592712.0,-55.56,22.22,0.02,1.95
2005-09-15,612,-0.08,-0.02,0.02,-0.1,74780,19859916.0,-171.43,71.43,0.05,3.54
2005-09-16,612,-0.03,-0.03,-0.01,-0.05,27735,7326904.5,-200.0,-50.0,-0.01,1.31
2005-09-19,612,-0.03,-0.01,0.01,-0.05,27399,7364022.0,-200.0,66.67,0.02,1.3
2005-09-20,612,0.0,-0.04,0.01,-0.06,37464,9836868.0,-700.0,-300.0,-0.03,1.77
2005-09-21,612,-0.05,-0.03,-0.01,-0.09,43907,11426487.0,-200.0,25.0,0.01,2.08
2005-09-22,612,-0.04,-0.06,-0.01,-0.08,55985,14661848.0,-233.33,-100.0,-0.03,2.65
2005-09-23,612,-0.07,-0.09,-0.03,-0.13,63689,16464647.0,-166.67,-50.0,-0.03,3.02
2005-09-26,612,-0.12,-0.15,-0.09,-0.19,25908,6299526.0,-111.11,-66.67,-0.06,1.23
2005-09-27,612,-0.16,-0.23,-0.16,-0.25,25479,5916584.5,-60.0,-53.33,-0.08,1.21
2005-09-28,612,-0.23,-0.23,-0.2,-0.25,15012,3441287.25,-21.74,0.0,0.0,0.71
2005-09-29,612,-0.21,-0.21,-0.2,-0.23,10818,2516117.75,-13.04,8.7,0.02,0.51
2005-09-30,612,-0.2,-0.21,-0.2,-0.23,8383,1942907.88,-14.29,0.0,0.0,0.4
2005-10-10,612,-0.2,-0.29,-0.2,-0.29,14616,3278817.0,-42.86,-38.1,-0.08,0.69
2005-10-11,612,-0.29,-0.25,-0.25,-0.3,11705,2612868.5,-17.24,13.79,0.04,0.55
2005-10-12,612,-0.26,-0.24,-0.21,-0.26,11757,2679905.25,-20.0,4.0,0.01,0.56
2005-10-13,612,-0.24,-0.21,-0.21,-0.24,13440,3101349.5,-12.5,12.5,0.03,0.64
2005-10-14,612,-0.21,-0.25,-0.21,-0.25,13672,3108963.25,-19.05,-19.05,-0.04,0.65
2005-10-17,612,-0.25,-0.3,-0.25,-0.32,16427,3579911.75,-28.0,-20.0,-0.05,0.78
2005-10-18,612,-0.3,-0.26,-0.26,-0.32,9333,2063758.0,-20.0,13.33,0.04,0.44
2005-10-19,612,-0.26,-0.25,-0.23,-0.29,11581,2619070.0,-23.08,3.85,0.01,0.55
2005-10-20,612,-0.25,-0.28,-0.25,-0.29,9115,2014466.0,-16.0,-12.0,-0.03,0.43
2005-10-21,612,-0.28,-0.24,-0.24,-0.28,11063,2496944.0,-14.29,14.29,0.04,0.52
2005-10-24,612,-0.24,-0.25,-0.23,-0.25,8554,1942613.0,-8.33,-4.17,-0.01,0.41
2005-10-25,612,-0.28,-0.29,-0.23,-0.3,15689,3488219.25,-28.0,-16.0,-0.04,0.74
2005-10-26,612,-0.29,-0.31,-0.26,-0.31,15381,3351491.0,-17.24,-6.9,-0.02,0.73
2005-10-27,612,-0.31,-0.36,-0.31,-0.38,17712,3697328.25,-22.58,-16.13,-0.05,0.84
2005-10-28,612,-0.36,-0.38,-0.32,-0.4,18063,3660663.0,-22.22,-5.56,-0.02,0.86
2005-10-31,612,-0.39,-0.36,-0.34,-0.39,6307,1302822.62,-13.16,5.26,0.02,0.3
2005-11-01,612,-0.37,-0.37,-0.35,-0.39,6106,1238099.0,-11.11,-2.78,-0.01,0.29
2005-11-02,612,-0.38,-0.35,-0.34,-0.38,8600,1781723.62,-10.81,5.41,0.02,0.41
2005-11-03,612,-0.35,-0.35,-0.33,-0.36,6673,1391272.0,-8.57,0.0,0.0,0.32
2005-11-04,612,-0.35,-0.34,-0.33,-0.36,6944,1448320.5,-8.57,2.86,0.01,0.33
2005-11-07,612,-0.34,-0.34,-0.34,-0.36,9551,1977355.38,-5.88,0.0,0.0,0.45
2005-11-08,612,-0.35,-0.23,-0.23,-0.35,50473,11089588.0,-35.29,32.35,0.11,2.39
2005-11-09,612,-0.23,-0.25,-0.19,-0.25,36280,8364085.5,-26.09,-8.7,-0.02,1.72
2005-11-11,612,-0.32,-0.23,-0.19,-0.32,36421,8272003.0,-52.0,8.0,0.02,1.73
2005-11-14,612,-0.24,-0.23,-0.22,-0.25,10958,2502375.5,-13.04,0.0,0.0,0.52
2005-11-15,612,-0.24,-0.23,-0.22,-0.25,13620,3104823.25,-13.04,0.0,0.0,0.65
2005-11-16,612,-0.23,-0.19,-0.16,-0.23,27035,6378521.5,-30.43,17.39,0.04,1.28
2005-11-17,612,-0.18,-0.15,-0.13,-0.18,37461,9097260.0,-26.32,21.05,0.04,1.77
2005-11-18,612,-0.16,-0.14,-0.09,-0.16,47430,11816946.0,-46.67,6.67,0.01,2.25
2005-11-21,612,-0.11,-0.13,-0.09,-0.15,30668,7602286.5,-42.86,7.14,0.01,1.45
2005-11-22,612,-0.13,-0.18,-0.11,-0.23,34973,8403534.0,-92.31,-38.46,-0.05,1.66
2005-11-23,612,-0.21,-0.14,-0.13,-0.21,19235,4672446.0,-44.44,22.22,0.04,0.91
2005-11-24,612,-0.14,-0.17,-0.14,-0.18,16549,3996863.5,-28.57,-21.43,-0.03,0.78
2005-11-25,612,-0.16,-0.11,-0.09,-0.17,38260,9526923.0,-47.06,35.29,0.06,1.81
2005-11-28,612,-0.12,-0.13,-0.06,-0.14,21919,5535861.5,-72.73,-18.18,-0.02,1.04
2005-11-29,612,-0.13,-0.14,-0.11,-0.15,8760,2158587.75,-30.77,-7.69,-0.01,0.42
2005-11-30,612,-0.15,-0.12,-0.11,-0.17,24598,6027628.5,-42.86,14.29,0.02,1.17
2005-12-01,612,-0.13,-0.09,-0.08,-0.15,32993,8322309.0,-58.33,25.0,0.03,1.56
2005-12-02,612,-0.09,-0.04,-0.02,-0.09,70226,18319430.0,-77.78,55.56,0.05,3.33
2005-12-05,612,-0.05,-0.06,-0.03,-0.09,33783,8782202.0,-150.0,-50.0,-0.02,1.6
2005-12-06,612,-0.09,-0.01,-0.01,-0.1,49674,12912551.0,-150.0,83.33,0.05,2.35
2005-12-07,612,-0.01,0.05,0.08,-0.04,100954,27608754.0,-1200.0,600.0,0.06,4.78
2005-12-08,612,0.05,0.04,0.12,0.02,134249,37970340.0,200.0,-20.0,-0.01,6.36
2005-12-13,612,0.08,-0.01,0.08,-0.05,88237,23779204.0,325.0,-125.0,-0.05,4.18
2005-12-14,612,-0.01,0.14,0.14,-0.02,125384,35625784.0,-1600.0,1500.0,0.15,5.94
2005-12-15,612,0.16,0.15,0.2,0.09,136826,40455876.0,78.57,7.14,0.01,6.48
2005-12-16,612,0.12,0.11,0.12,0.06,66676,19161972.0,40.0,-26.67,-0.04,3.16
2005-12-19,612,0.11,0.09,0.11,0.05,37685,10729680.0,54.55,-18.18,-0.02,1.79
2005-12-20,612,0.08,0.11,0.14,0.06,64168,18515224.0,88.89,22.22,0.02,3.04
2005-12-21,612,0.1,0.01,0.11,-0.01,83785,23287198.0,109.09,-90.91,-0.1,3.97
2005-12-22,612,0.0,0.02,0.04,-0.04,63581,17169002.0,800.0,100.0,0.01,3.01
2005-12-23,612,0.01,0.04,0.09,-0.01,58919,16375708.0,500.0,100.0,0.02,2.79
2005-12-26,612,0.02,0.06,0.09,0.02,41505,11674775.0,175.0,50.0,0.02,1.97
2005-12-27,612,0.06,0.04,0.06,0.03,24870,6943868.0,50.0,-33.33,-0.02,1.18
2005-12-28,612,0.03,0.07,0.07,0.03,26128,7335685.0,100.0,75.0,0.03,1.24
2005-12-29,612,0.07,0.09,0.1,0.05,52716,15052485.0,71.43,28.57,0.02,2.5
2005-12-30,612,0.08,0.04,0.09,0.01,28771,8035393.5,88.89,-55.56,-0.05,1.36
2006-01-04,612,0.04,0.05,0.06,0.03,14174,3973648.25,75.0,25.0,0.01,0.67
2006-01-05,612,0.05,0.06,0.1,0.04,29391,8306476.5,120.0,20.0,0.01,1.39
2006-01-06,612,0.06,0.11,0.19,0.06,89630,26373126.0,216.67,83.33,0.05,4.25
2006-01-09,612,0.12,0.15,0.19,0.1,60497,17907306.0,81.82,36.36,0.04,2.87
2006-01-10,612,0.16,0.24,0.27,0.16,73367,22854398.0,73.33,60.0,0.09,3.48
2006-01-11,612,0.21,0.29,0.34,0.21,104010,33192254.0,54.17,20.83,0.05,4.93
2006-01-12,612,0.31,0.3,0.31,0.23,53694,17164150.0,27.59,3.45,0.01,2.54
2006-01-13,612,0.3,0.41,0.45,0.27,133511,45370072.0,60.0,36.67,0.11,6.33
2006-01-16,612,0.44,0.5,0.61,0.4,143762,52619656.0,51.22,21.95,0.09,6.81
2006-01-17,612,0.49,0.47,0.55,0.45,62019,22345070.0,20.0,-6.0,-0.03,2.94
2006-01-18,612,0.44,0.61,0.67,0.44,112559,42699376.0,48.94,29.79,0.14,5.33
2006-01-19,612,0.64,0.71,0.76,0.64,107137,42551292.0,19.67,16.39,0.1,5.08
2006-01-20,612,0.72,0.72,0.75,0.64,83962,33489672.0,15.49,1.41,0.01,3.98
2006-01-23,612,0.72,0.7,0.75,0.65,71204,28162686.0,13.89,-2.78,-0.02,3.37
2006-01-24,612,0.71,0.55,0.72,0.53,68999,26150224.0,27.14,-21.43,-0.15,3.27
2006-01-25,612,0.52,0.56,0.6,0.41,102583,37269344.0,34.55,1.82,0.01,4.86
2006-02-06,612,0.61,0.66,0.71,0.57,50792,19948422.0,25.0,17.86,0.1,2.41
2006-02-07,612,0.66,0.85,0.88,0.64,129225,53744292.0,36.36,28.79,0.19,6.12
2006-02-09,612,0.74,0.89,0.9,0.66,124614,52410416.0,28.24,4.71,0.04,5.9
2006-02-10,612,0.89,0.99,1.05,0.87,95204,42688672.0,20.22,11.24,0.1,4.51
2006-02-13,612,0.97,0.89,0.97,0.84,57886,24888722.0,13.13,-10.1,-0.1,2.74
2006-02-14,612,0.89,1.12,1.12,0.89,99777,45968320.0,25.84,25.84,0.23,4.73
2006-02-15,612,1.12,1.36,1.36,1.11,121127,60116008.0,22.32,21.43,0.24,5.74
2006-02-16,612,1.35,1.27,1.36,1.16,130297,64879172.0,14.71,-6.62,-0.09,6.17
2006-02-17,612,1.27,1.35,1.45,1.22,80543,41204492.0,18.11,6.3,0.08,3.82
2006-02-20,612,1.33,1.14,1.35,1.12,74926,36912596.0,17.04,-15.56,-0.21,3.55
2006-02-21,612,1.07,1.18,1.2,0.99,54419,25415272.0,18.42,3.51,0.04,2.58
2006-02-22,612,1.16,1.31,1.36,1.14,61443,30876830.0,18.64,11.02,0.13,2.91
2006-02-23,612,1.31,1.27,1.4,1.23,69322,35373720.0,12.98,-3.05,-0.04,3.28
2006-02-24,612,1.27,1.16,1.27,1.14,50806,24470094.0,10.24,-8.66,-0.11,2.41
2006-02-27,612,1.16,1.17,1.22,1.11,39852,19292936.0,9.48,0.86,0.01,1.89
2006-02-28,612,1.17,1.16,1.18,1.07,23629,11130238.0,9.4,-0.85,-0.01,1.12
2006-03-01,612,1.15,1.16,1.19,1.12,28716,13739952.0,6.03,0.0,0.0,1.36
2006-03-02,612,1.15,1.04,1.16,1.0,27239,12681647.0,13.79,-10.34,-0.12,1.29
2006-03-03,612,1.01,1.14,1.16,1.0,31579,14634997.0,15.38,9.62,0.1,1.5
2006-03-06,612,1.13,1.3,1.32,1.08,79764,39351416.0,21.05,14.04,0.16,3.78
2006-03-07,612,1.3,1.22,1.32,1.17,55450,27380814.0,11.54,-6.15,-0.08,2.63
2006-03-08,612,1.22,1.12,1.22,1.04,43330,20238868.0,14.75,-8.2,-0.1,2.05
2006-03-09,612,1.11,1.09,1.17,1.06,22153,10435713.0,9.82,-2.68,-0.03,1.05
2006-03-10,612,1.06,1.06,1.15,1.06,18273,8553687.0,8.26,-2.75,-0.03,0.87
2006-03-13,612,1.05,1.09,1.12,1.04,12578,5863989.0,7.55,2.83,0.03,0.6
2006-03-14,612,1.09,1.1,1.11,1.07,8989,4193293.5,3.67,0.92,0.01,0.43
2006-03-15,612,1.12,1.2,1.24,1.11,56723,27506140.0,11.82,9.09,0.1,2.69
2006-03-16,612,1.25,1.14,1.25,1.14,30680,14710304.0,9.17,-5.0,-0.06,1.45
2006-03-17,612,1.14,1.15,1.17,1.11,21203,10117357.0,5.26,0.88,0.01,1.0
2006-03-20,612,1.15,1.29,1.3,1.15,54804,27010592.0,13.04,12.17,0.14,2.6
2006-03-21,612,1.27,1.3,1.34,1.23,58718,29456878.0,8.53,0.78,0.01,2.78
2006-03-22,612,1.3,1.38,1.44,1.24,86466,44619936.0,15.38,6.15,0.08,4.1
2006-03-23,612,1.37,1.35,1.42,1.3,46779,24004144.0,8.7,-2.17,-0.03,2.22
2006-03-24,612,1.34,1.27,1.38,1.25,33944,17176090.0,9.63,-5.93,-0.08,1.61
2006-03-27,612,1.27,1.28,1.3,1.22,33114,16522606.0,6.3,0.79,0.01,1.57
2006-03-28,612,1.28,1.35,1.38,1.27,49316,25323912.0,8.59,5.47,0.07,2.34
2006-03-29,612,1.36,1.36,1.53,1.33,129673,68455200.0,14.81,0.74,0.01,6.14
2006-03-30,612,1.32,1.36,1.5,1.3,91645,48086396.0,14.71,0.0,0.0,4.34
2006-03-31,612,1.33,1.61,1.64,1.31,119204,64979236.0,24.26,18.38,0.25,5.65
2006-04-03,612,1.6,1.73,1.89,1.55,106168,62021844.0,21.12,7.45,0.12,5.03
2006-04-04,612,1.72,1.89,1.96,1.72,150995,91471248.0,13.87,9.25,0.16,7.15
2006-04-05,612,1.83,1.72,1.97,1.64,145198,87074792.0,17.46,-8.99,-0.17,6.88
2006-04-06,612,1.69,1.74,1.82,1.59,130728,75554672.0,13.37,1.16,0.02,6.19
2006-04-07,612,1.74,1.75,1.77,1.63,78885,45429896.0,8.05,0.57,0.01,3.74
2006-04-10,612,1.74,1.76,1.82,1.69,52690,30774324.0,7.43,0.57,0.01,2.5
2006-04-11,612,1.77,1.72,1.81,1.67,50876,29430572.0,7.95,-2.27,-0.04,2.41
2006-04-12,612,1.7,1.58,1.76,1.57,66097,37494080.0,11.05,-8.14,-0.14,3.13
2006-04-13,612,1.58,1.39,1.61,1.38,60558,32595524.0,14.56,-12.03,-0.19,2.87
2006-04-14,612,1.44,1.64,1.67,1.36,81041,44212784.0,22.3,17.99,0.25,3.84
2006-04-17,612,1.64,1.66,1.69,1.59,51888,29449592.0,6.1,1.22,0.02,2.46
2006-04-18,612,1.62,1.75,1.76,1.62,62072,35904452.0,8.43,5.42,0.09,2.94
2006-04-19,612,1.77,1.98,2.02,1.75,129061,79035544.0,15.43,13.14,0.23,6.11
2006-04-20,612,1.97,2.03,2.14,1.93,125245,80377248.0,10.61,2.53,0.05,5.93
2006-04-21,612,2.0,2.05,2.19,1.89,115375,74387480.0,14.78,0.99,0.02,5.47
2006-04-24,612,2.12,2.4,2.4,2.12,161295,110882976.0,13.66,17.07,0.35,7.64
2006-04-25,612,2.4,2.76,2.79,2.4,186452,138581440.0,16.25,15.0,0.36,8.83
2006-04-26,612,2.76,2.6,3.14,2.4,200189,154643664.0,26.81,-5.8,-0.16,9.48
2006-04-27,612,2.6,2.95,2.95,2.55,149105,114335552.0,15.38,13.46,0.35,7.06
2006-04-28,612,2.6,3.07,3.24,2.5,224234,178826208.0,25.08,4.07,0.12,10.62
2006-05-30,612,3.52,3.52,3.52,3.09,206651,180547296.0,14.01,14.66,0.45,9.79
2006-05-31,612,3.44,3.16,3.54,3.12,150898,131236552.0,11.93,-10.23,-0.36,7.15
2006-06-01,612,3.04,3.05,3.22,2.76,120179,97640256.0,14.56,-3.48,-0.11,5.69
2006-06-02,612,2.86,2.71,2.98,2.66,112287,86675048.0,10.49,-11.15,-0.34,5.32
2006-06-05,612,2.72,2.86,2.99,2.61,73159,56799064.0,14.02,5.54,0.15,3.47
2006-06-06,612,2.75,2.66,2.82,2.64,57534,43638724.0,6.29,-6.99,-0.2,2.73
2006-06-07,612,2.64,2.38,2.64,2.26,100606,71878968.0,14.29,-10.53,-0.28,4.77
2006-06-08,612,2.38,2.48,2.55,2.33,66451,47611628.0,9.24,4.2,0.1,3.15
2006-06-09,612,2.36,2.27,2.42,2.21,65241,44795060.0,8.47,-8.47,-0.21,3.09
2006-06-13,612,2.26,2.38,2.39,2.22,49987,34248032.0,7.49,4.85,0.11,2.37
2006-06-14,612,2.33,2.14,2.33,2.0,44265,28802286.0,13.87,-10.08,-0.24,2.1
2006-06-15,612,2.18,2.1,2.21,2.02,51461,33318416.0,8.88,-1.87,-0.04,2.44
2006-06-16,612,2.16,2.19,2.21,2.1,40086,26358330.0,5.24,4.29,0.09,1.9
2006-06-19,612,2.19,2.23,2.27,2.12,35546,23745364.0,6.85,1.83,0.04,1.68
2006-06-20,612,2.21,2.46,2.5,2.19,66215,46336296.0,13.9,10.31,0.23,3.14
2006-06-21,612,2.5,2.57,2.69,2.45,68829,50815592.0,9.76,4.47,0.11,3.26
2006-06-22,612,2.59,2.56,2.65,2.52,36509,26884988.0,5.06,-0.39,-0.01,1.73
2006-06-23,612,2.56,2.56,2.57,2.46,36697,26461374.0,4.3,0.0,0.0,1.74
2006-06-26,612,2.56,2.6,2.61,2.51,25483,18643892.0,3.91,1.56,0.04,1.21
2006-06-27,612,2.66,2.7,2.8,2.54,43030,32195454.0,10.0,3.85,0.1,2.04
2006-06-28,612,2.66,2.61,2.69,2.57,21536,16018004.0,4.44,-3.33,-0.09,1.02
2006-06-29,612,2.55,2.61,2.71,2.55,28823,21500266.0,6.13,0.0,0.0,1.37
2006-07-03,612,2.61,2.8,2.81,2.61,43378,33205332.0,7.66,7.28,0.19,2.06
2006-07-04,612,2.81,3.11,3.22,2.81,99310,81702536.0,14.64,11.07,0.31,4.7
2006-07-05,612,3.1,3.0,3.1,2.84,35435,28593198.0,8.36,-3.54,-0.11,1.68
2006-07-06,612,2.94,3.0,3.04,2.87,24772,20073876.0,5.67,0.0,0.0,1.17
2006-07-07,612,3.02,3.02,3.14,2.97,31003,25406202.0,5.67,0.67,0.02,1.47
2006-07-10,612,3.05,2.93,3.09,2.83,20129,15927664.0,8.61,-2.98,-0.09,0.95
2006-07-11,612,2.89,3.05,3.07,2.77,39975,31836042.0,10.24,4.1,0.12,1.89
2006-07-12,612,3.0,3.0,3.16,2.95,52044,42906488.0,6.89,-1.64,-0.05,2.47
2006-07-13,612,2.95,2.55,3.02,2.55,52564,40242340.0,15.67,-15.0,-0.45,2.49
2006-07-14,612,2.5,2.55,2.62,2.44,32623,23863918.0,7.06,0.0,0.0,1.55
2006-07-17,612,2.54,2.6,2.63,2.47,13335,9835544.0,6.27,1.96,0.05,0.63
2006-07-18,612,2.56,2.62,2.63,2.5,16390,11957454.0,5.0,0.77,0.02,0.78
2006-07-19,612,2.64,2.47,2.66,2.4,25561,18598790.0,9.92,-5.73,-0.15,1.21
2006-07-20,612,2.47,2.5,2.58,2.47,8841,6374958.5,4.45,1.21,0.03,0.42
2006-07-21,612,2.5,2.64,2.65,2.49,13591,9966694.0,6.4,5.6,0.14,0.64
2006-07-24,612,2.56,2.52,2.56,2.42,7808,5630622.5,5.3,-4.55,-0.12,0.37
2006-07-25,612,2.54,2.62,2.67,2.54,16943,12585527.0,5.16,3.97,0.1,0.8
2006-07-26,612,2.64,2.62,2.66,2.59,13562,10078528.0,2.67,0.0,0.0,0.64
2006-07-27,612,2.6,2.5,2.67,2.49,23378,17087984.0,6.87,-4.58,-0.12,1.11
2006-07-28,612,2.5,2.32,2.55,2.31,31182,21683728.0,9.6,-7.2,-0.18,1.48
2006-07-31,612,2.32,2.01,2.35,2.0,26754,17432304.0,15.09,-13.36,-0.31,1.27
2006-08-01,612,2.03,2.08,2.1,2.02,19198,12360216.0,3.98,3.48,0.07,0.91
2006-08-02,612,2.1,2.12,2.16,2.05,18827,12217451.0,5.29,1.92,0.04,0.89
2006-08-03,612,2.13,1.86,2.16,1.84,17454,10870775.0,15.09,-12.26,-0.26,0.83
2006-08-04,612,1.9,1.72,1.99,1.72,31353,18866350.0,14.52,-7.53,-0.14,1.49
2006-08-07,612,1.71,1.83,1.91,1.67,33781,20269834.0,13.95,6.4,0.11,1.6
2006-08-08,612,1.83,1.88,1.88,1.79,12098,7291363.0,4.92,2.73,0.05,0.57
2006-08-09,612,1.95,2.06,2.09,1.9,22635,14314711.0,10.11,9.57,0.18,1.07
2006-08-10,612,2.06,2.12,2.13,2.06,18955,12316017.0,3.4,2.91,0.06,0.9
2006-08-11,612,2.11,2.19,2.2,2.1,16401,10795182.0,4.72,3.3,0.07,0.78
2006-08-14,612,2.2,2.24,2.29,2.15,21159,14188980.0,6.39,2.28,0.05,1.0
2006-08-15,612,2.3,2.21,2.37,2.16,21484,14485610.0,9.38,-1.34,-0.03,1.02
2006-08-16,612,2.22,2.44,2.52,2.21,38172,26904318.0,14.03,10.41,0.23,1.81
2006-08-17,612,2.41,2.37,2.43,2.32,16122,11240053.0,4.51,-2.87,-0.07,0.76
2006-08-18,612,2.35,2.34,2.43,2.33,12460,8699787.0,4.22,-1.27,-0.03,0.59
2006-08-21,612,2.2,2.4,2.43,2.05,16798,11583458.0,16.24,2.56,0.06,0.8
2006-08-22,612,2.42,2.45,2.5,2.39,18757,13353747.0,4.58,2.08,0.05,0.89
2006-08-23,612,2.48,2.35,2.5,2.34,18560,13049042.0,6.53,-4.08,-0.1,0.88
2006-08-25,612,2.38,2.74,2.74,2.38,73736,54973856.0,15.32,16.6,0.39,3.49
2006-08-28,612,2.77,2.96,3.04,2.75,115625,91568864.0,10.58,8.03,0.22,5.48
2006-09-22,612,2.05,1.87,2.2,1.84,127981,80974752.0,12.16,-36.82,-1.09,4.66
2006-09-25,612,1.83,1.77,1.84,1.71,43512,25612668.0,6.95,-5.35,-0.1,1.59
2006-09-26,612,1.76,1.92,1.98,1.76,69713,42822620.0,12.43,8.47,0.15,2.54
2006-09-27,612,1.93,1.89,1.96,1.82,34898,21133514.0,7.29,-1.56,-0.03,1.27
2006-09-28,612,1.89,1.88,1.94,1.86,36876,22523700.0,4.23,-0.53,-0.01,1.34
2006-09-29,612,1.9,1.91,1.98,1.89,47388,29265934.0,4.79,1.6,0.03,1.73
2006-10-09,612,1.94,1.94,1.96,1.86,42487,26119234.0,5.24,1.57,0.03,1.55
2006-10-10,612,1.94,1.89,1.96,1.87,42342,25954338.0,4.64,-2.58,-0.05,1.54
2006-10-11,612,1.9,1.87,1.92,1.84,30679,18629202.0,4.23,-1.06,-0.02,1.12
2006-10-12,612,1.89,1.98,2.04,1.85,70649,43979032.0,10.16,5.88,0.11,2.57
2006-10-13,612,1.97,2.05,2.17,1.94,103040,66285348.0,11.62,3.54,0.07,3.75
2006-10-16,612,2.06,2.04,2.16,2.01,75814,49112324.0,7.32,-0.49,-0.01,2.76
2006-10-17,612,2.11,2.36,2.4,2.08,223348,153063296.0,15.69,15.69,0.32,8.14
2006-10-18,612,2.42,2.5,2.66,2.34,182754,131137088.0,13.56,5.93,0.14,6.66
2006-10-19,612,2.55,2.5,2.62,2.44,115350,83325224.0,7.2,0.0,0.0,4.2
2006-10-20,612,2.51,2.73,2.89,2.51,285820,219060816.0,15.2,9.2,0.23,10.41
2006-10-23,612,2.77,2.83,2.98,2.65,301475,237013248.0,12.09,3.66,0.1,10.98
2006-10-24,612,2.8,2.85,2.86,2.69,123675,95421944.0,6.01,0.71,0.02,4.51
2006-10-25,612,2.81,2.63,2.86,2.61,147197,112135336.0,8.77,-7.72,-0.22,5.36
2006-10-26,612,2.75,2.65,2.79,2.55,101617,76926040.0,9.13,0.76,0.02,3.7
2006-10-27,612,2.65,2.6,2.7,2.44,78296,57017924.0,9.81,-1.89,-0.05,2.85
2006-10-30,612,2.45,2.48,2.54,2.36,140597,99733960.0,6.92,-4.62,-0.12,5.12
2006-10-31,612,2.45,2.74,2.82,2.32,188142,139738896.0,20.16,10.48,0.26,6.86
2006-11-01,612,2.69,2.68,2.85,2.61,164586,125839000.0,8.76,-2.19,-0.06,6.0
2006-11-02,612,2.66,2.61,2.69,2.44,68328,50146064.0,9.33,-2.61,-0.07,2.49
2006-11-03,612,2.62,2.61,2.69,2.59,41937,31233900.0,3.83,0.0,0.0,1.53
2006-11-07,612,2.72,2.77,2.87,2.66,107986,83184136.0,8.05,6.13,0.16,3.93
2006-11-08,612,2.78,2.57,2.79,2.57,86570,64406596.0,7.94,-7.22,-0.2,3.15
2006-11-09,612,2.54,2.53,2.61,2.47,61738,44770264.0,5.45,-1.56,-0.04,2.25
2006-11-10,612,2.61,2.55,2.73,2.51,83314,62015312.0,8.7,0.79,0.02,3.04
2006-11-13,612,2.44,2.3,2.49,2.15,92889,64504844.0,13.33,-9.8,-0.25,3.38
2006-11-14,612,2.31,2.21,2.36,2.14,61697,41295876.0,9.57,-3.91,-0.09,2.25
2006-11-15,612,2.22,2.25,2.3,2.17,59685,40248992.0,5.88,1.81,0.04,2.17
2006-11-16,612,2.31,2.17,2.34,2.16,54206,35503216.0,8.0,-3.56,-0.08,1.98
2006-11-17,612,2.16,2.29,2.29,2.02,45985,29618444.0,12.44,5.53,0.12,1.68
2006-11-20,612,2.27,2.15,2.27,2.11,80922,51904040.0,6.99,-6.11,-0.14,2.95
2006-11-21,612,2.15,2.21,2.21,2.09,74646,47733324.0,5.58,2.79,0.06,2.72
2006-11-22,612,2.29,2.34,2.5,2.29,162166,110563624.0,9.5,5.88,0.13,5.91
2006-11-23,612,2.34,2.42,2.45,2.32,70391,48159356.0,5.56,3.42,0.08,2.56
2006-11-24,612,2.46,2.42,2.51,2.35,85921,59558144.0,6.61,0.0,0.0,3.13
2006-11-27,612,2.5,2.62,2.71,2.47,140565,101917968.0,9.92,8.26,0.2,5.12
2006-11-28,612,2.64,2.75,2.88,2.62,162604,122491632.0,9.92,4.96,0.13,5.92
2006-11-29,612,2.7,2.85,2.87,2.56,147150,109319928.0,11.27,3.64,0.1,5.36
2006-11-30,612,2.87,2.84,2.95,2.81,142222,109509416.0,4.91,-0.35,-0.01,5.18
2006-12-01,612,2.85,2.91,3.06,2.85,152179,120224400.0,7.39,2.46,0.07,5.54
2006-12-04,612,2.98,3.04,3.27,2.98,274887,224335216.0,9.97,4.47,0.13,10.02
2006-12-05,612,3.04,2.96,3.07,2.9,122269,96461216.0,5.59,-2.63,-0.08,4.46
2006-12-06,612,3.0,2.99,3.05,2.67,126019,97455616.0,12.84,1.01,0.03,4.59
2006-12-07,612,2.92,2.89,3.09,2.81,147034,115396184.0,9.36,-3.34,-0.1,5.36
2006-12-08,612,3.01,2.94,3.09,2.84,223948,177635232.0,8.65,1.73,0.05,8.16
2006-12-11,612,2.9,3.2,3.26,2.87,152814,125092896.0,13.27,8.84,0.26,5.57
2006-12-12,612,3.2,3.39,3.41,3.06,150756,125831464.0,10.94,5.94,0.19,5.49
2006-12-13,612,3.42,3.59,3.68,3.31,209572,187073024.0,10.91,5.9,0.2,7.64
2006-12-14,612,3.58,3.48,3.59,3.46,106602,94508976.0,3.62,-3.06,-0.11,3.88
2006-12-15,612,3.55,3.65,3.74,3.48,181937,165557872.0,7.47,4.89,0.17,6.63
2006-12-18,612,3.58,3.61,3.66,3.54,96032,86425520.0,3.29,-1.1,-0.04,3.5
2006-12-19,612,3.64,3.54,3.65,3.39,114987,100757624.0,7.2,-1.94,-0.07,4.19
2006-12-20,612,3.59,3.5,3.75,3.43,141950,127575056.0,9.04,-1.13,-0.04,5.17
2006-12-21,612,3.49,3.42,3.49,3.25,150820,129533784.0,6.86,-2.29,-0.08,5.5
2006-12-22,612,3.37,3.37,3.41,3.24,86480,73971248.0,4.97,-1.46,-0.05,3.15
2006-12-26,612,3.4,3.2,3.45,3.12,81641,68381976.0,9.79,-5.04,-0.17,2.97
2006-12-27,612,3.18,3.23,3.27,3.12,56747,47020756.0,4.69,0.94,0.03,2.07
2006-12-28,612,3.23,3.05,3.3,3.01,70729,57646024.0,8.98,-5.57,-0.18,2.58
2006-12-29,612,3.06,3.26,3.37,3.06,126065,105185296.0,10.16,6.89,0.21,4.59
2007-01-04,612,3.2,3.42,3.65,3.18,235632,204303632.0,14.42,4.91,0.16,8.59
2007-01-05,612,3.37,3.59,3.6,3.3,143056,126021032.0,8.77,4.97,0.17,5.21
2007-01-08,612,3.62,3.76,3.8,3.54,129192,118301472.0,7.24,4.74,0.17,4.71
2007-01-09,612,3.76,3.81,3.99,3.71,101250,95796992.0,7.45,1.33,0.05,3.69
2007-01-10,612,3.81,4.17,4.29,3.81,199419,198457728.0,12.6,9.45,0.36,7.27
2007-01-11,612,4.24,4.09,4.45,4.01,191423,196569120.0,10.55,-1.92,-0.08,6.97
2007-01-18,612,4.63,4.29,4.64,4.19,166324,173695632.0,11.0,4.89,0.2,6.06
2007-01-19,612,4.34,4.2,4.47,4.17,232782,240189600.0,6.99,-2.1,-0.09,8.48
2007-01-22,612,4.27,4.76,4.76,4.27,227567,244832048.0,11.67,13.33,0.56,8.29
2007-01-23,612,4.95,5.38,5.38,4.76,240668,279934688.0,13.03,13.03,0.62,8.77
2007-01-24,612,5.31,5.23,5.45,5.1,152190,182728560.0,6.51,-2.79,-0.15,5.55
2007-01-25,612,5.2,4.81,5.2,4.65,106811,121632888.0,10.52,-8.03,-0.42,3.89
2007-01-26,612,4.69,5.14,5.2,4.53,107655,121515016.0,13.93,6.86,0.33,3.92
2007-01-29,612,5.19,5.15,5.38,4.99,160569,189955408.0,7.59,0.19,0.01,5.85
2007-01-30,612,5.12,4.95,5.12,4.87,88585,101690224.0,4.85,-3.88,-0.2,3.23
2007-01-31,612,4.94,4.57,4.94,4.45,88578,97019640.0,9.9,-7.68,-0.38,3.23
2007-02-01,612,4.56,4.32,4.64,4.04,115529,120444136.0,13.13,-5.47,-0.25,4.21
2007-02-02,612,4.34,4.31,4.42,4.2,71871,74229664.0,5.09,-0.23,-0.01,2.62
2007-02-05,612,4.33,4.24,4.4,4.05,99048,99539968.0,8.12,-1.62,-0.07,3.61
2007-02-06,612,4.26,4.49,4.5,4.19,60802,62996092.0,7.31,5.9,0.25,2.22
2007-02-07,612,4.69,4.68,4.87,4.64,110310,122229840.0,5.12,4.23,0.19,4.02
2007-02-08,612,4.76,4.81,4.85,4.69,118216,131457784.0,3.42,2.78,0.13,4.31
2007-02-09,612,4.87,4.94,5.12,4.72,83176,95041224.0,8.32,2.7,0.13,3.03
2007-02-12,612,4.88,5.0,5.15,4.87,84144,97670920.0,5.67,1.21,0.06,3.07
2007-02-13,612,5.01,5.3,5.41,5.01,106898,127432864.0,8.0,6.0,0.3,3.9
2007-02-14,612,5.34,5.66,5.88,5.34,136440,174041440.0,10.19,6.79,0.36,4.97
2007-02-15,612,5.73,5.78,5.91,5.67,89257,115782352.0,4.24,2.12,0.12,3.25
2007-02-16,612,5.79,5.98,6.24,5.71,103014,136768224.0,9.17,3.46,0.2,3.75
2007-02-26,612,6.06,6.34,6.41,5.98,68493,94476160.0,7.19,6.02,0.36,2.5
2007-02-27,612,6.4,5.57,6.48,5.57,141140,184465200.0,14.35,-12.15,-0.77,5.14
2007-02-28,612,5.36,5.77,5.84,5.29,109766,137868544.0,9.87,3.59,0.2,4.0
2007-03-01,612,5.77,5.32,5.77,5.27,76998,94695576.0,8.67,-7.8,-0.45,2.81
2007-03-02,612,5.3,5.43,5.44,5.19,73482,89124952.0,4.7,2.07,0.11,2.68
2007-03-05,612,5.44,5.15,5.53,5.03,83671,99986880.0,9.21,-5.16,-0.28,3.05
2007-03-06,612,5.14,5.34,5.41,5.02,49050,58785636.0,7.57,3.69,0.19,1.79
2007-03-07,612,5.51,6.01,6.01,5.51,146530,191014464.0,9.36,12.55,0.67,5.34
2007-03-08,612,5.98,6.01,6.14,5.74,82220,108871512.0,6.66,0.0,0.0,3.0
2007-03-09,612,6.02,6.19,6.35,5.92,124858,170157520.0,7.15,3.0,0.18,4.55
2007-03-12,612,6.2,6.07,6.25,5.59,104773,138407776.0,10.66,-1.94,-0.12,3.82
2007-03-13,612,6.09,5.89,6.1,5.8,79227,104033384.0,4.94,-2.97,-0.18,2.89
2007-03-14,612,5.81,5.76,5.81,5.59,88683,113676104.0,3.74,-2.21,-0.13,3.23
2007-03-15,612,5.71,5.82,5.86,5.67,54136,70315496.0,3.3,1.04,0.06,1.97
2007-03-16,612,5.84,5.54,5.91,5.48,72455,92598960.0,7.39,-4.81,-0.28,2.64
2007-03-19,612,5.34,5.58,5.71,5.26,72015,90068840.0,8.12,0.72,0.04,2.62
2007-03-20,612,5.55,5.64,5.7,5.43,87208,109151552.0,4.84,1.08,0.06,3.18
2007-03-21,612,5.68,5.9,5.97,5.66,116895,153307536.0,5.5,4.61,0.26,4.26
2007-03-22,612,5.92,5.86,6.04,5.81,90332,119271528.0,3.9,-0.68,-0.04,3.29
2007-03-23,612,5.86,5.84,5.91,5.59,65025,84107776.0,5.46,-0.34,-0.02,2.37
2007-03-26,612,5.87,6.34,6.36,5.84,148446,203178800.0,8.9,8.56,0.5,5.41
2007-03-27,612,6.27,6.41,6.69,6.27,173585,245464160.0,6.62,1.1,0.07,6.32
2007-03-28,612,6.37,6.25,6.47,5.84,162365,223169264.0,9.83,-2.5,-0.16,5.92
2007-03-29,612,6.3,6.29,6.34,6.06,99497,136326208.0,4.48,0.64,0.04,3.63
2007-03-30,612,6.23,6.51,6.67,6.09,144035,204837136.0,9.22,3.5,0.22,5.25
2007-04-02,612,6.51,6.81,6.97,6.51,166356,245807424.0,7.07,4.61,0.3,6.06
2007-04-03,612,6.81,7.05,7.12,6.72,148537,222876992.0,5.87,3.52,0.24,5.41
2007-04-04,612,7.03,6.89,7.21,6.84,92708,140522800.0,5.25,-2.27,-0.16,3.38
2007-04-05,612,6.91,6.94,7.05,6.8,63374,95159040.0,3.63,0.73,0.05,2.31
2007-04-06,612,6.91,7.11,7.17,6.81,69992,106872864.0,5.19,2.45,0.17,2.55
2007-04-09,612,7.37,7.29,7.58,7.2,115996,183925648.0,5.34,2.53,0.18,4.23
2007-04-10,612,7.34,8.16,8.16,7.34,171283,284072608.0,11.25,11.93,0.87,6.24
2007-04-11,612,8.26,8.32,8.85,8.09,190199,338300256.0,9.31,1.96,0.16,6.93
2007-04-12,612,8.42,8.38,8.59,8.3,91953,162595280.0,3.49,0.72,0.06,3.35
2007-04-13,612,8.36,8.42,8.57,7.99,104724,180629312.0,6.92,0.48,0.04,3.82
2007-04-16,612,8.51,9.09,9.11,8.51,119154,220678320.0,7.13,7.96,0.67,4.34
2007-04-17,612,9.43,9.44,9.91,9.1,139691,273527744.0,8.91,3.85,0.35,5.09
2007-04-18,612,9.62,9.63,9.9,9.48,97351,194812560.0,4.45,2.01,0.19,3.55
2007-04-19,612,9.62,8.78,9.62,8.52,144302,270217792.0,11.42,-8.83,-0.85,5.26
2007-04-20,612,9.09,9.7,9.76,8.99,114524,225375536.0,8.77,10.48,0.92,4.17
2007-04-23,612,10.26,10.81,10.81,9.92,93589,200590000.0,9.18,11.44,1.11,3.41
2007-04-24,612,11.14,10.7,11.22,10.59,124495,276809120.0,5.83,-1.02,-0.11,4.54
2007-04-25,612,10.54,10.26,10.54,9.81,137743,288480352.0,6.82,-4.11,-0.44,5.02
2007-04-26,612,10.47,10.7,10.92,10.08,130031,274125056.0,8.19,4.29,0.44,4.74
2007-04-27,612,10.54,10.81,11.3,10.29,144352,321791104.0,9.44,1.03,0.11,5.26
2007-04-30,612,10.94,10.26,11.18,9.92,200945,421686400.0,11.66,-5.09,-0.55,7.32
2007-05-08,612,10.65,10.45,10.7,10.02,209801,437157376.0,6.63,1.85,0.19,7.64
2007-05-09,612,10.4,10.15,10.53,9.87,172326,361439008.0,6.32,-2.87,-0.3,6.28
2007-05-10,612,10.16,10.3,10.44,9.8,151282,313198336.0,6.31,1.48,0.15,5.51
2007-05-14,612,9.98,10.01,10.25,9.81,112160,230928672.0,4.27,-2.82,-0.29,4.09
2007-05-15,612,9.99,9.92,10.25,9.91,125272,259313632.0,3.4,-0.9,-0.09,4.56
2007-05-16,612,9.98,10.12,10.19,9.65,110725,225852928.0,5.44,2.02,0.2,4.03
2007-05-17,612,10.24,10.55,10.7,10.19,116850,251484064.0,5.04,4.25,0.43,4.26
2007-05-18,612,10.47,10.21,10.47,10.09,95536,200503216.0,3.6,-3.22,-0.34,3.48
2007-05-21,612,9.85,10.46,10.69,9.71,110570,234104032.0,9.6,2.45,0.25,4.03
2007-05-22,612,10.54,10.95,11.26,10.54,172012,382306976.0,6.88,4.68,0.49,6.27
2007-05-23,612,11.08,11.34,11.69,11.06,118589,272472960.0,5.75,3.56,0.39,4.32
2007-05-24,612,11.26,10.77,11.26,10.49,118731,261015776.0,6.79,-5.03,-0.57,4.33
2007-05-25,612,10.82,10.78,11.25,10.64,111352,246292896.0,5.66,0.09,0.01,4.06
2007-05-28,612,10.91,11.32,11.42,10.81,134743,302688768.0,5.66,5.01,0.54,4.91
2007-05-29,612,11.46,12.39,12.59,11.46,217300,522498272.0,9.98,9.45,1.07,7.92
2007-05-30,612,11.54,11.01,12.2,11.01,174623,404806624.0,9.6,-11.14,-1.38,6.36
2007-05-31,612,10.92,11.44,11.92,9.77,209489,466454528.0,19.53,3.91,0.43,7.63
2007-06-01,612,11.62,11.88,12.69,11.62,202885,496066176.0,9.35,3.85,0.44,7.39
2007-06-04,612,12.01,11.09,12.47,10.94,194593,462700672.0,12.88,-6.65,-0.79,7.09
2007-06-05,612,10.9,12.0,12.04,9.85,180260,406683936.0,19.75,8.21,0.91,6.57
2007-06-06,612,12.3,13.34,13.34,11.87,320670,832675712.0,12.25,11.17,1.34,11.68
2007-06-07,612,13.53,13.45,14.57,13.42,287407,797256832.0,8.62,0.82,0.11,10.47
2007-06-08,612,13.49,14.72,14.91,13.49,203463,574796160.0,10.56,9.44,1.27,7.41
2007-06-11,612,14.99,14.92,15.47,14.48,208534,613731264.0,6.73,1.36,0.2,7.6
2007-06-12,612,15.4,16.39,16.56,14.15,204626,616174464.0,16.15,9.85,1.47,7.46
2007-06-13,612,16.09,16.36,16.92,15.82,133451,428647776.0,6.71,-0.18,-0.03,4.86
2007-06-14,612,16.16,16.34,17.14,15.74,113303,363803520.0,8.56,-0.12,-0.02,4.13
2007-06-15,612,16.09,15.84,16.54,15.81,96837,305353600.0,4.47,-3.06,-0.5,3.53
2007-06-18,612,16.19,16.25,16.55,16.04,94495,300475808.0,3.22,2.59,0.41,3.44
2007-06-19,612,16.37,16.2,16.65,15.98,84381,267358256.0,4.12,-0.31,-0.05,3.07
2007-06-20,612,16.06,15.01,16.08,14.81,151383,457915264.0,7.84,-7.35,-1.19,5.52
2007-06-21,612,14.93,14.87,15.36,14.49,103434,300199936.0,5.8,-0.93,-0.14,3.77
2007-06-22,612,14.92,15.36,15.52,14.58,91842,270404352.0,6.32,3.3,0.49,3.35
2007-06-25,612,15.81,15.09,15.92,14.76,102984,311045696.0,7.55,-1.76,-0.27,3.75
2007-06-26,612,14.7,15.42,15.45,13.76,90234,258176448.0,11.2,2.19,0.33,3.29
2007-06-27,612,15.41,15.69,15.86,14.87,98845,299253344.0,6.42,1.75,0.27,3.6
2007-06-28,612,15.69,14.47,15.84,14.34,86889,258636528.0,9.56,-7.78,-1.22,3.17
2007-06-29,612,14.1,13.69,14.41,13.45,86050,235856528.0,6.63,-5.39,-0.78,3.14
2007-07-02,612,13.48,13.9,14.2,13.09,71458,193284160.0,8.11,1.53,0.21,2.6
2007-07-03,612,14.59,15.24,15.37,14.57,148159,432017184.0,5.76,9.64,1.34,5.4
2007-07-04,612,15.31,14.42,15.54,14.36,79726,234892240.0,7.74,-5.38,-0.82,2.9
2007-07-05,612,14.17,12.91,14.17,12.91,78990,211091248.0,8.74,-10.47,-1.51,2.88
2007-07-06,612,12.67,13.91,14.01,12.59,71982,189065120.0,11.0,7.75,1.0,2.62
2007-07-09,612,14.09,14.54,14.65,14.09,75571,213720320.0,4.03,4.53,0.63,2.75
2007-07-10,612,14.56,14.06,14.56,13.81,52841,146793056.0,5.16,-3.3,-0.48,1.92
2007-07-11,612,13.71,14.08,14.37,13.7,34757,96200960.0,4.77,0.14,0.02,1.27
2007-07-12,612,14.06,14.26,14.57,14.06,41002,115352760.0,3.62,1.28,0.18,1.49
2007-07-13,612,14.25,14.99,15.36,14.25,76690,223780128.0,7.78,5.12,0.73,2.79
2007-07-16,612,15.04,14.54,15.25,14.25,44450,127727272.0,6.67,-3.0,-0.45,1.62
2007-07-17,612,14.37,14.7,14.92,14.12,41712,119868688.0,5.5,1.1,0.16,1.52
2007-07-18,612,14.5,14.26,14.53,13.98,51933,145616176.0,3.74,-2.99,-0.44,1.89
2007-07-19,612,14.12,13.97,14.53,13.81,40876,113597744.0,5.05,-2.03,-0.29,1.49
2007-07-20,612,13.76,14.3,14.36,13.72,86288,238646048.0,4.58,2.36,0.33,3.14
2007-07-23,612,14.31,15.09,15.24,14.31,83299,243915664.0,6.5,5.52,0.79,3.03
2007-07-25,612,15.2,16.14,16.14,15.12,121735,371384960.0,6.76,6.96,1.05,4.43
2007-07-26,612,16.39,16.54,16.7,15.99,90952,289569184.0,4.4,2.48,0.4,3.31
2007-07-27,612,17.04,17.09,18.04,16.92,113509,380273376.0,6.77,3.33,0.55,4.13
2007-07-30,612,17.48,17.59,18.04,17.1,98545,333704128.0,5.5,2.93,0.5,3.59
2007-07-31,612,17.69,19.07,19.41,17.31,117472,412937856.0,11.94,8.41,1.48,4.28
2007-08-01,612,19.19,18.25,19.36,17.7,148303,532170304.0,8.7,-4.3,-0.82,5.4
2007-08-02,612,18.31,19.31,19.37,18.31,99489,363620320.0,5.81,5.81,1.06,3.62
2007-08-03,612,19.54,19.65,20.3,19.12,109552,417544352.0,6.11,1.76,0.34,3.99
2007-08-06,612,19.84,20.52,20.54,19.7,92843,358449504.0,4.27,4.43,0.87,3.38
2007-08-07,612,20.52,20.39,21.87,19.82,123335,494931520.0,9.99,-0.63,-0.13,4.49
2007-08-08,612,19.71,20.04,20.37,19.15,90626,343127584.0,5.98,-1.72,-0.35,3.3
2007-08-09,612,20.15,20.2,21.05,19.82,70633,275768960.0,6.14,0.8,0.16,2.57
2007-08-10,612,20.09,20.04,20.62,19.67,78226,301307136.0,4.7,-0.79,-0.16,2.85
2007-08-13,612,20.06,19.55,20.58,19.43,72561,277094912.0,5.74,-2.45,-0.49,2.64
2007-08-14,612,19.45,19.82,20.09,18.79,45317,171522704.0,6.65,1.38,0.27,1.65
2007-08-15,612,19.81,19.22,19.81,19.04,84266,313000224.0,3.88,-3.03,-0.6,3.07
2007-08-16,612,19.19,19.15,19.2,18.7,80563,293721440.0,2.6,-0.36,-0.07,2.93
2007-08-17,612,18.92,19.32,19.52,18.82,67736,250766160.0,3.66,0.89,0.17,2.47
2007-08-20,612,19.87,20.7,20.92,19.59,78981,305534016.0,6.88,7.14,1.38,2.88
2007-08-21,612,20.8,21.81,22.09,20.63,80999,334161248.0,7.05,5.36,1.11,2.95
2007-08-22,612,21.37,23.12,23.64,21.2,92949,401974208.0,11.19,6.01,1.31,3.39
2007-08-23,612,23.42,23.12,23.64,22.66,81306,357818880.0,4.24,0.0,0.0,2.96
2007-08-24,612,23.25,24.23,24.26,22.83,69442,310699424.0,6.19,4.8,1.11,2.53
2007-08-27,612,24.37,26.78,26.79,24.34,94821,463196384.0,10.11,10.52,2.55,3.45
2007-08-28,612,26.48,28.87,29.56,25.37,122496,656757312.0,15.65,7.8,2.09,4.46
2007-08-29,612,28.7,26.92,30.25,26.48,112796,590786432.0,13.06,-6.75,-1.95,4.11
2007-08-30,612,26.76,25.39,26.79,24.19,113186,544764288.0,9.66,-5.68,-1.53,4.12
2007-08-31,612,25.14,26.15,26.44,24.54,78536,382649728.0,7.48,2.99,0.76,2.86
2007-09-03,612,26.2,27.37,27.52,25.47,103509,519855872.0,7.84,4.67,1.22,3.77
2007-09-04,612,27.09,26.48,27.51,26.21,43958,221208144.0,4.75,-3.25,-0.89,1.6
2007-09-05,612,26.45,26.81,28.04,26.2,46015,236128240.0,6.95,1.25,0.33,1.68
2007-09-06,612,26.75,26.79,27.26,26.29,45835,231577920.0,3.62,-0.07,-0.02,1.67
2007-09-07,612,26.49,25.71,26.76,25.48,41759,205791824.0,4.78,-4.03,-1.08,1.52
2007-09-10,612,25.26,24.94,25.42,24.7,40519,191387936.0,2.8,-2.99,-0.77,1.48
2007-09-11,612,25.01,24.26,26.37,24.16,42808,207248544.0,8.86,-2.73,-0.68,1.56
2007-09-12,612,24.81,26.81,26.81,24.55,76586,368988512.0,9.32,10.51,2.55,2.79
2007-09-13,612,27.37,27.54,29.62,27.15,88130,468188224.0,9.21,2.72,0.73,3.21
2007-09-14,612,27.7,28.1,28.5,26.55,65406,337873536.0,7.08,2.03,0.56,2.38
2007-09-17,612,27.58,28.14,28.97,27.51,33292,175994560.0,5.2,0.14,0.04,1.21
2007-09-18,612,28.16,28.87,29.74,27.64,68036,369566112.0,7.46,2.59,0.73,2.48
2007-09-19,612,28.65,27.55,28.7,27.48,41325,216916176.0,4.23,-4.57,-1.32,1.51
2007-09-20,612,27.54,27.47,28.14,26.81,39439,203521440.0,4.83,-0.29,-0.08,1.44
2007-09-21,612,27.86,28.46,29.26,27.24,55331,295818816.0,7.35,3.6,0.99,2.02
2007-09-24,612,28.75,31.44,31.44,28.75,121649,703469376.0,9.45,10.47,2.98,4.43
2007-09-25,612,31.81,29.65,32.04,28.71,78694,446618112.0,10.59,-5.69,-1.79,2.87
2007-09-26,612,29.54,27.87,29.54,27.38,44267,235987472.0,7.28,-6.0,-1.78,1.61
2007-09-27,612,27.84,28.73,28.98,27.49,30646,163127472.0,5.35,3.09,0.86,1.08
2007-09-28,612,29.26,30.04,30.48,28.9,54660,307308224.0,5.5,4.56,1.31,1.92
2007-10-08,612,31.2,29.09,31.2,28.92,42574,237422000.0,7.59,-3.16,-0.95,1.5
2007-10-09,612,28.64,29.26,29.97,28.04,44694,240225904.0,6.63,0.58,0.17,1.57
2007-10-10,612,29.15,29.85,31.14,28.59,84519,479847552.0,8.71,2.02,0.59,2.97
2007-10-11,612,29.87,29.9,30.92,29.26,60084,339782528.0,5.56,0.17,0.05,2.11
2007-10-12,612,29.81,32.71,32.92,29.36,130707,767070336.0,11.91,9.4,2.81,4.6
2007-10-15,612,33.26,34.15,35.92,32.47,115184,739836160.0,10.55,4.4,1.44,4.05
2007-10-16,612,34.01,34.65,35.25,32.75,58068,369813600.0,7.32,1.46,0.5,2.04
2007-10-17,612,34.65,34.91,36.47,33.37,37917,250326656.0,8.95,0.75,0.26,1.33
2007-10-18,612,34.81,33.64,35.74,33.15,50139,321226592.0,7.42,-3.64,-1.27,1.76
2007-10-19,612,34.15,33.62,34.74,32.31,38320,238251856.0,7.22,-0.06,-0.02,1.35
2007-10-22,612,33.09,30.93,33.26,30.92,32136,193091376.0,6.96,-8.0,-2.69,1.13
2007-10-23,612,30.92,30.75,31.57,28.15,46328,258658512.0,11.06,-0.58,-0.18,1.63
2007-10-24,612,30.82,30.37,31.31,29.6,54887,316316992.0,5.56,-1.24,-0.38,1.93
2007-10-25,612,30.03,28.4,30.04,28.26,45347,246820000.0,5.86,-6.49,-1.97,1.6
2007-10-26,612,28.18,28.75,29.59,27.65,32821,177747344.0,6.83,1.23,0.35,1.15
2007-10-29,612,28.81,29.26,29.7,28.21,52561,288965824.0,5.18,1.77,0.51,1.85
2007-10-30,612,29.54,28.7,30.56,28.69,79457,443781440.0,6.39,-1.91,-0.56,2.8
2007-10-31,612,29.31,27.86,29.8,27.79,105505,565519040.0,7.0,-2.93,-0.84,3.71
2007-11-01,612,28.09,27.48,28.65,27.31,68622,360022432.0,4.81,-1.36,-0.38,2.41
2007-11-05,612,26.3,25.0,26.48,24.7,101565,488082432.0,6.48,-9.02,-2.48,3.57
2007-11-06,612,24.99,24.37,25.54,24.07,38926,181368560.0,5.88,-2.52,-0.63,1.37
2007-11-07,612,24.42,25.18,25.2,24.26,26049,121289736.0,3.86,3.32,0.81,0.92
2007-11-08,612,24.87,22.53,24.9,22.53,52232,231472784.0,9.41,-10.52,-2.65,1.84
2007-11-09,612,21.98,20.92,22.52,20.31,116792,472069216.0,9.81,-7.15,-1.61,4.11
2007-11-12,612,20.09,19.79,20.52,19.06,88727,335431040.0,6.98,-5.4,-1.13,3.12
2007-11-13,612,20.48,19.81,20.65,19.12,119543,456319840.0,7.73,0.1,0.02,4.21
2007-11-14,612,20.34,21.92,21.92,19.87,118883,477026368.0,10.35,10.65,2.11,4.18
2007-11-15,612,22.02,22.45,23.69,21.48,165371,714826880.0,10.08,2.42,0.53,5.82
2007-11-16,612,21.75,22.42,22.75,21.29,48436,202034240.0,6.5,-0.13,-0.03,1.7
2007-11-19,612,22.59,22.55,22.97,22.2,40105,172745728.0,3.43,0.58,0.13,1.41
2007-11-20,612,22.26,22.66,23.14,21.58,52744,223648608.0,6.92,0.49,0.11,1.86
2007-11-21,612,22.81,22.53,23.42,22.42,39991,174659472.0,4.41,-0.57,-0.13,1.41
2007-11-22,612,21.51,20.23,22.04,20.17,55548,223030112.0,8.3,-10.21,-2.3,1.95
2007-11-23,612,19.51,20.7,20.7,19.37,66607,252543408.0,6.57,2.32,0.47,2.34
2007-11-26,612,21.12,19.86,21.36,19.86,45667,181086192.0,7.25,-4.06,-0.84,1.61
2007-11-27,612,19.37,20.11,20.92,19.31,53279,204425264.0,8.11,1.26,0.25,1.87
2007-11-28,612,20.37,19.7,20.64,19.54,57753,222131984.0,5.47,-2.04,-0.41,2.03
2007-11-29,612,20.0,20.37,20.54,19.37,85769,328476480.0,5.94,3.4,0.67,3.02
2007-11-30,612,20.37,19.6,20.64,19.49,48611,186661440.0,5.65,-3.78,-0.77,1.71
2007-12-03,612,19.52,19.69,20.04,19.37,17914,67770408.0,3.42,0.46,0.09,0.63
2007-12-04,612,19.73,20.15,20.42,19.73,37121,143429424.0,3.5,2.34,0.46,1.31
2007-12-05,612,20.29,21.62,22.09,19.92,81680,328159104.0,10.77,7.3,1.47,2.87
2007-12-06,612,21.85,20.92,21.92,20.76,56539,228911728.0,5.37,-3.24,-0.7,1.99
2007-12-07,612,21.19,22.09,22.2,21.19,69057,287092128.0,4.83,5.59,1.17,2.43
2007-12-10,612,21.66,23.04,23.26,21.48,92804,402577888.0,8.06,4.3,0.95,3.27
2007-12-11,612,23.25,22.62,23.25,21.97,73126,313297984.0,5.56,-1.82,-0.42,2.57
2007-12-12,612,22.42,21.92,22.42,21.82,39457,165728384.0,2.65,-3.09,-0.7,1.39
2007-12-13,612,21.65,20.45,22.11,20.37,54022,219267840.0,7.94,-6.71,-1.47,1.9
2007-12-14,612,20.09,20.87,20.88,19.82,43990,171755632.0,5.18,2.05,0.42,1.55
2007-12-17,612,20.91,19.82,20.91,19.81,52584,202186768.0,5.27,-5.03,-1.05,1.85
2007-12-18,612,19.58,19.88,20.36,19.55,19550,74662384.0,4.09,0.3,0.06,0.69
2007-12-19,612,20.3,20.43,20.76,20.17,45631,178314368.0,2.97,2.77,0.55,1.61
2007-12-20,612,20.54,20.7,20.9,20.15,46835,183975712.0,3.67,1.32,0.27,1.65
2007-12-21,612,20.62,21.72,22.25,20.49,58526,242084464.0,8.5,4.93,1.02,2.06
2007-12-24,612,22.18,21.94,22.37,21.86,61961,261125472.0,2.35,1.01,0.22,2.18
2007-12-25,612,22.09,22.25,22.53,21.98,39784,169102480.0,2.51,1.41,0.31,1.4
2007-12-26,612,22.28,23.05,23.24,22.28,91750,398699648.0,4.31,3.6,0.8,3.23
2007-12-27,612,23.32,23.73,24.19,23.29,65861,297300096.0,3.9,2.95,0.68,2.32
2007-12-28,612,23.85,23.61,23.98,22.96,67183,299871008.0,4.3,-0.51,-0.12,2.36
2008-01-02,612,23.54,22.54,23.54,22.42,107749,463983488.0,4.74,-4.53,-1.07,3.74
2008-01-03,612,22.59,22.69,22.85,21.65,104751,442712416.0,5.32,0.67,0.15,3.64
2008-01-04,612,22.87,24.07,24.5,22.81,160289,726611520.0,7.45,6.08,1.38,5.57
2008-01-07,612,24.11,24.75,25.11,23.87,94427,442684064.0,5.15,2.83,0.68,3.28
2008-01-08,612,25.06,24.11,25.36,23.71,88076,413875968.0,6.67,-2.59,-0.64,3.06
2008-01-09,612,24.17,25.37,25.42,24.17,62779,296588384.0,5.18,5.23,1.26,2.18
2008-01-10,612,25.68,26.39,26.94,25.48,110422,547933056.0,5.75,4.02,1.02,3.83
2008-01-11,612,26.31,26.51,26.54,25.49,51174,251908512.0,3.98,0.45,0.12,1.78
2008-01-14,612,26.54,26.31,26.79,25.7,64480,319480128.0,4.11,-0.75,-0.2,2.24
2008-01-15,612,26.26,26.65,26.98,25.54,59566,295551200.0,5.47,1.29,0.34,2.07
2008-01-16,612,25.98,24.98,25.98,24.98,85266,410191776.0,3.75,-6.27,-1.67,2.96
2008-01-17,612,24.61,23.7,25.24,22.92,72719,330162016.0,9.29,-5.12,-1.28,2.52
2008-01-18,612,23.42,24.31,24.54,23.2,35341,159963104.0,5.65,2.57,0.61,1.23
2008-01-21,612,24.26,22.54,24.42,22.04,63548,281883776.0,9.79,-7.28,-1.77,2.21
2008-01-22,612,21.7,20.15,21.7,20.15,141603,553088768.0,6.88,-10.6,-2.39,4.92
2008-01-23,612,20.15,20.49,21.02,18.71,141990,543374720.0,11.46,1.69,0.34,4.93
2008-01-24,612,20.7,19.78,20.7,18.99,114846,435640352.0,8.35,-3.47,-0.71,3.99
2008-01-25,612,19.76,21.67,21.89,19.76,246434,1018167232.0,10.77,9.56,1.89,8.56
2008-01-28,612,21.47,21.31,22.36,20.7,186660,769591616.0,7.66,-1.66,-0.36,6.48
2008-01-29,612,21.48,21.15,22.03,19.98,80515,320716832.0,9.62,-0.75,-0.16,2.8
2008-01-30,612,21.76,22.59,23.2,21.76,95934,411657728.0,6.81,6.81,1.44,3.33
2008-01-31,612,22.7,21.81,22.76,21.76,26217,111263016.0,4.43,-3.45,-0.78,0.91
2008-02-01,612,21.98,20.87,22.59,20.37,53819,222716944.0,10.18,-4.31,-0.94,1.87
2008-02-04,612,21.92,23.09,23.09,21.54,65852,285860640.0,7.43,10.64,2.22,2.29
2008-02-05,612,22.95,22.64,23.7,22.32,61708,269112576.0,5.98,-1.95,-0.45,2.14
2008-02-13,612,22.51,21.92,22.52,21.73,20074,84248184.0,3.49,-3.18,-0.72,0.7
2008-02-14,612,22.04,22.7,22.86,21.96,32692,140202688.0,4.11,3.56,0.78,1.14
2008-02-15,612,22.59,22.8,23.19,22.31,57250,250012752.0,3.88,0.44,0.1,1.99
2008-02-18,612,23.48,23.21,23.69,23.09,44288,197197088.0,2.63,1.8,0.41,1.54
2008-02-19,612,23.26,24.47,24.54,23.25,49084,224353616.0,5.56,5.43,1.26,1.7
2008-02-20,612,24.8,24.32,25.74,24.23,93468,446079904.0,6.17,-0.61,-0.15,3.25
2008-02-21,612,24.15,24.56,25.09,23.81,40139,187274416.0,5.26,0.99,0.24,1.39
2008-02-22,612,24.65,24.25,26.22,23.99,53358,251311840.0,9.08,-1.26,-0.31,1.85
2008-02-25,612,24.31,23.21,24.52,22.48,52529,233351040.0,8.41,-4.29,-1.04,1.82
2008-02-26,612,24.0,22.2,24.17,21.04,40663,173960448.0,13.49,-4.35,-1.01,1.41
2008-02-27,612,22.59,23.31,23.69,22.37,27800,122750792.0,5.95,5.0,1.11,0.97
2008-02-28,612,23.21,24.37,24.54,23.21,89923,414560928.0,5.71,4.55,1.06,3.12
2008-02-29,612,24.48,25.41,25.55,24.42,93658,449134176.0,4.64,4.27,1.04,3.25
2008-03-03,612,25.1,25.29,25.91,24.54,73397,352750816.0,5.39,-0.47,-0.12,2.55
2008-03-04,612,25.97,24.98,26.22,24.98,71391,347181472.0,4.9,-1.23,-0.31,2.48
2008-03-05,612,24.81,24.99,25.36,24.32,31077,146212912.0,4.16,0.04,0.01,1.08
2008-03-06,612,25.24,26.47,26.67,25.2,104928,520315680.0,5.88,5.92,1.48,3.64
2008-03-07,612,26.15,26.48,27.09,25.7,69273,347899136.0,5.25,0.04,0.01,2.41
2008-03-10,612,26.48,24.09,26.54,23.7,68174,320008288.0,10.73,-9.03,-2.39,2.37
2008-03-11,612,23.17,23.54,23.84,22.62,50155,220326192.0,5.06,-2.28,-0.55,1.74
2008-03-12,612,24.04,22.87,24.66,22.76,32892,147965888.0,8.07,-2.85,-0.67,1.14
2008-03-13,612,22.52,21.54,22.87,20.75,49839,207058432.0,9.27,-5.82,-1.33,1.73
2008-03-14,612,21.48,21.37,22.02,20.93,34180,139822624.0,5.06,-0.79,-0.17,1.19
2008-03-17,612,21.2,19.24,21.52,19.15,35230,135718576.0,11.09,-9.97,-2.13,1.22
2008-03-19,612,18.69,18.15,20.15,17.58,137891,500811712.0,13.36,-5.67,-1.09,4.79
2008-03-20,612,16.2,17.41,17.7,16.2,182599,591777408.0,8.26,-4.08,-0.74,6.34
2008-03-21,612,16.97,17.95,18.11,16.48,214519,711725184.0,9.36,3.1,0.54,7.45
2008-03-24,612,18.15,16.04,18.2,16.04,124191,413553728.0,12.03,-10.64,-1.91,4.31
2008-03-25,612,15.42,14.87,15.65,14.65,125698,372197504.0,6.23,-7.29,-1.17,4.36
2008-03-26,612,15.29,15.09,16.04,14.82,108761,326578144.0,8.2,1.48,0.22,3.78
2008-03-27,612,14.8,13.58,14.8,13.54,91775,255552208.0,8.35,-10.01,-1.51,3.19
2008-03-28,612,13.25,14.37,14.54,13.15,140319,381835488.0,10.24,5.82,0.79,4.87
2008-03-31,612,13.7,13.59,14.07,13.54,56169,152271824.0,3.69,-5.43,-0.78,1.95
2008-04-01,612,13.58,12.1,13.76,12.1,86936,218118336.0,12.21,-10.96,-1.49,3.02
2008-04-02,612,12.3,11.04,12.7,10.92,95241,221762400.0,14.71,-8.76,-1.06,3.31
2008-04-03,612,11.1,12.27,12.27,11.05,117515,278452224.0,11.05,11.14,1.23,4.08
2008-04-07,612,12.59,13.63,13.63,12.46,270994,714620480.0,9.54,11.08,1.36,9.41
2008-04-08,612,13.76,14.09,14.54,13.6,265591,733881600.0,6.9,3.37,0.46,9.22
2008-04-09,612,13.75,13.61,14.7,13.42,173201,481989600.0,9.08,-3.41,-0.48,6.01
2008-04-10,612,13.38,14.72,14.72,13.37,200494,547333248.0,9.92,8.16,1.11,6.96
2008-04-11,612,14.81,14.6,15.09,14.42,176398,508161600.0,4.55,-0.82,-0.12,6.12
2008-04-14,612,13.87,13.01,14.15,13.01,121970,322659360.0,7.81,-10.89,-1.59,4.23
2008-04-15,612,12.87,14.43,14.44,12.76,155368,413473248.0,12.91,10.91,1.42,5.39
2008-04-16,612,14.26,13.65,14.34,13.43,103263,282045408.0,6.31,-5.41,-0.78,3.59
2008-04-17,612,13.98,13.55,14.26,13.15,94538,256978800.0,8.13,-0.73,-0.1,3.28
2008-04-18,612,13.48,12.81,13.51,12.45,89614,230398384.0,7.82,-5.46,-0.74,3.11
2008-04-21,612,14.21,13.2,14.22,12.9,133494,357815424.0,10.3,3.04,0.39,4.64
2008-04-22,612,12.8,12.76,13.06,11.76,105732,257784704.0,9.85,-3.33,-0.44,3.67
2008-04-23,612,12.37,14.16,14.16,12.09,216205,581414144.0,16.22,10.97,1.4,7.51
2008-04-24,612,15.71,15.71,15.71,15.21,273744,834139328.0,3.53,10.95,1.55,9.5
2008-04-25,612,15.92,16.3,17.22,15.7,303308,974957824.0,9.68,3.76,0.59,10.53
2008-04-28,612,15.81,15.37,16.19,15.05,210791,636805952.0,6.99,-5.71,-0.93,7.32
2008-04-29,612,15.26,15.65,16.09,15.19,126337,387394784.0,5.86,1.82,0.28,4.39
2008-04-30,612,15.73,16.56,16.92,15.41,201527,635044544.0,9.65,5.81,0.91,7.0
2008-05-05,612,16.65,16.95,17.41,16.62,178323,589033664.0,4.77,2.36,0.39,6.19
2008-05-06,612,16.76,16.19,16.76,16.04,165577,525230080.0,4.25,-4.48,-0.76,5.75
2008-05-07,612,16.0,15.24,16.4,15.24,131321,405953248.0,7.16,-5.87,-0.95,4.56
2008-05-09,612,16.35,16.15,16.79,15.52,222647,700440960.0,8.33,5.97,0.91,7.73
2008-05-12,612,15.59,16.27,16.74,15.26,119820,372861152.0,9.16,0.74,0.12,4.16
2008-05-13,612,15.59,15.6,16.2,15.37,113883,349109696.0,5.1,-4.12,-0.67,3.95
2008-05-14,612,15.45,17.14,17.2,15.4,225866,734418560.0,11.54,9.87,1.54,7.84
2008-05-15,612,17.4,16.37,17.47,16.32,176602,574541056.0,6.71,-4.49,-0.77,6.13
2008-05-16,612,16.37,16.22,16.76,15.87,83503,262543440.0,5.44,-0.92,-0.15,2.9
2008-05-19,612,16.22,16.15,16.51,15.87,56250,177138192.0,3.95,-0.43,-0.07,1.95
2008-05-20,612,16.16,14.92,16.34,14.65,91897,279696608.0,10.46,-7.62,-1.23,3.19
2008-05-21,612,14.81,15.42,15.59,14.12,102737,295333760.0,9.85,3.35,0.5,3.57
2008-05-22,612,15.09,14.73,15.24,14.65,83769,244136480.0,3.83,-4.47,-0.69,2.91
2008-05-23,612,14.59,14.18,14.92,14.17,59254,167552208.0,5.09,-3.73,-0.55,2.06
2008-05-26,612,13.98,13.2,13.98,13.2,69314,184462944.0,5.5,-6.91,-0.98,2.41
2008-05-27,612,13.15,13.52,13.86,13.15,55850,148873056.0,5.38,2.42,0.32,1.94
2008-05-28,612,13.7,14.11,14.31,13.4,71972,196822304.0,6.73,4.36,0.59,2.5
2008-05-29,612,13.97,13.35,14.09,13.35,59107,158950304.0,5.24,-5.39,-0.76,2.05
2008-05-30,612,13.25,13.43,13.6,13.15,47081,124280880.0,3.37,0.6,0.08,1.63
2008-06-02,612,13.36,13.65,13.87,13.21,44817,120830744.0,4.91,1.64,0.22,1.56
2008-06-03,612,13.64,13.3,13.8,13.17,45355,119823080.0,4.62,-2.56,-0.35,1.57
2008-06-04,612,13.15,12.64,13.15,12.53,65996,166804336.0,4.66,-4.96,-0.66,2.29
2008-06-05,612,12.59,12.62,12.84,12.44,33003,83023424.0,3.16,-0.16,-0.02,1.15
2008-06-06,612,12.7,12.81,13.01,12.46,34673,87554408.0,4.36,1.51,0.19,1.2
2008-06-10,612,12.04,11.4,12.2,11.4,62436,145706160.0,6.25,-11.01,-1.41,2.17
2008-06-11,612,11.13,10.52,11.35,10.48,90807,197426128.0,7.63,-7.72,-0.88,3.15
2008-06-12,612,10.55,10.81,10.91,10.41,97420,210265376.0,4.75,2.76,0.29,3.38
2008-06-13,612,10.87,9.9,10.99,9.79,76248,157922000.0,11.1,-8.42,-0.91,2.65
2008-06-16,612,9.91,9.48,10.05,9.25,68485,133492624.0,8.08,-4.24,-0.42,2.38
2008-06-17,612,9.51,8.58,9.59,8.54,87957,162229664.0,11.08,-9.49,-0.9,3.05
2008-06-18,612,8.4,9.57,9.57,8.31,179476,342473376.0,14.69,11.54,0.99,6.23
2008-06-19,612,9.78,8.51,9.78,8.51,169838,314252640.0,13.27,-11.08,-1.06,5.9
2008-06-20,612,8.51,8.78,9.34,7.9,140901,248130416.0,16.92,3.17,0.27,4.89
2008-06-23,612,8.39,8.59,8.85,8.28,77887,134190760.0,6.49,-2.16,-0.19,2.7
2008-06-24,612,8.4,8.85,8.99,8.4,88886,157381280.0,6.87,3.03,0.26,3.09
2008-06-25,612,8.71,9.45,9.6,8.68,109700,204221568.0,10.4,6.78,0.6,3.81
2008-06-26,612,9.46,10.22,10.47,9.19,168932,330453408.0,13.54,8.15,0.77,5.87
2008-06-27,612,9.61,9.23,9.85,9.1,143609,270132768.0,7.34,-9.69,-0.99,4.99
2008-06-30,612,8.95,9.17,9.44,8.82,65887,120844552.0,6.72,-0.65,-0.06,2.29
2008-07-01,612,9.17,9.1,9.49,8.84,80078,147960336.0,7.09,-0.76,-0.07,2.78
2008-07-02,612,9.16,9.22,9.5,9.06,69889,130113400.0,4.84,1.32,0.12,2.43
2008-07-03,612,8.98,9.75,10.05,8.89,148705,286314592.0,12.58,5.75,0.53,5.16
2008-07-04,612,9.61,9.3,9.79,9.22,88531,167736304.0,5.85,-4.62,-0.45,3.07
2008-07-07,612,9.31,9.94,10.06,9.28,103126,200862544.0,8.39,6.88,0.64,3.58
2008-07-08,612,10.27,10.35,10.8,10.09,210114,437154048.0,7.14,4.12,0.41,7.3
2008-07-09,612,10.28,10.7,10.78,10.16,170900,357764544.0,5.99,3.38,0.35,5.93
2008-07-10,612,10.34,10.23,10.88,10.22,128849,269195840.0,6.17,-4.39,-0.47,4.47
2008-07-11,612,10.57,10.56,10.95,10.35,127303,267916224.0,5.87,3.23,0.33,4.42
2008-07-14,612,10.49,10.42,10.65,10.28,98459,204086848.0,3.5,-1.33,-0.14,3.42
2008-07-15,612,10.3,9.84,10.61,9.63,121403,242797632.0,9.4,-5.57,-0.58,4.22
2008-07-16,612,9.72,9.07,9.72,8.84,100478,185744176.0,8.94,-7.83,-0.77,3.49
2008-07-17,612,9.27,9.1,9.38,8.88,64445,118376664.0,5.51,0.33,0.03,2.24
2008-07-18,612,9.21,9.65,9.72,9.03,95836,180482112.0,7.58,6.04,0.55,3.33
2008-07-21,612,9.51,9.88,9.96,9.34,81886,158416352.0,6.42,2.38,0.23,2.84
2008-07-22,612,9.81,9.81,10.2,9.74,74027,146992080.0,4.66,-0.71,-0.07,2.57
2008-07-23,612,9.89,9.58,9.99,9.56,50127,97196896.0,4.38,-2.34,-0.23,1.74
2008-07-24,612,9.63,9.82,9.94,9.55,60056,116579448.0,4.07,2.51,0.24,2.09
2008-07-25,612,9.61,9.56,9.71,9.5,49500,94853040.0,2.14,-2.65,-0.26,1.72
2008-08-04,612,9.22,8.51,9.22,8.5,68170,121144632.0,7.53,-10.98,-1.05,2.37
2008-08-05,612,8.4,7.84,8.59,7.77,71061,117282992.0,9.64,-7.87,-0.67,2.47
2008-08-06,612,7.97,8.11,8.12,7.72,64825,104696216.0,5.1,3.44,0.27,2.25
2008-08-07,612,7.92,7.96,8.16,7.84,31393,51098900.0,3.95,-1.85,-0.15,1.09
2008-08-08,612,7.97,7.17,8.11,7.12,50336,78409032.0,12.44,-9.92,-0.79,1.75
2008-08-11,612,7.17,6.35,7.22,6.35,61147,85031688.0,12.13,-11.44,-0.82,2.12
2008-08-12,612,6.17,6.17,6.41,6.0,55033,72153968.0,6.46,-2.83,-0.18,1.91
2008-08-13,612,6.06,6.6,6.82,5.86,95584,126238832.0,15.56,6.97,0.43,3.32
2008-08-14,612,6.4,6.47,6.61,6.36,51558,70102424.0,3.79,-1.97,-0.13,1.79
2008-08-15,612,6.4,6.67,7.11,6.4,102110,144350256.0,10.97,3.09,0.2,3.55
2008-08-18,612,6.67,5.96,6.67,5.93,65670,86413448.0,11.09,-10.64,-0.71,2.28
2008-08-19,612,5.84,6.19,6.31,5.73,58628,75766552.0,9.73,3.86,0.23,2.04
2008-08-20,612,6.0,6.91,6.91,5.86,159204,222390832.0,16.96,11.63,0.72,5.53
2008-08-21,612,6.61,6.63,7.07,6.56,129841,183188368.0,7.38,-4.05,-0.28,4.51
2008-08-22,612,6.61,6.37,6.74,6.21,77296,104321448.0,7.99,-3.92,-0.26,2.68
2008-08-25,612,6.39,6.25,6.47,6.17,39852,52943136.0,4.71,-1.88,-0.12,1.38
2008-08-26,612,6.08,6.06,6.56,5.97,71988,93394440.0,9.44,-3.04,-0.19,2.5
2008-08-27,612,6.06,6.14,6.45,5.79,74983,96385488.0,10.89,1.32,0.08,2.6
2008-08-28,612,6.1,6.11,6.26,6.01,38482,49897848.0,4.07,-0.49,-0.03,1.34
2008-08-29,612,6.17,6.33,6.47,6.12,60255,79808904.0,5.73,3.6,0.22,2.09
2008-09-01,612,6.17,5.85,6.25,5.84,59153,75009624.0,6.48,-7.58,-0.48,2.05
2008-09-03,612,5.76,5.63,5.91,5.59,55559,67251272.0,5.47,-3.76,-0.22,1.93
2008-09-04,612,5.64,5.78,5.99,5.62,42986,52875216.0,6.57,2.66,0.15,1.49
2008-09-05,612,5.56,5.37,5.64,5.36,49868,58739896.0,4.84,-7.09,-0.41,1.73
2008-09-08,612,5.34,4.91,5.47,4.89,51317,56940928.0,10.8,-8.57,-0.46,1.78
2008-09-09,612,4.99,4.93,5.04,4.84,29024,31311272.0,4.07,0.41,0.02,1.01
2008-09-10,612,4.84,4.92,5.11,4.71,42244,45560736.0,8.11,-0.2,-0.01,1.47
2008-09-11,612,4.89,4.61,4.96,4.61,37460,38882112.0,7.11,-6.3,-0.31,1.3
2008-09-12,612,4.67,4.72,4.92,4.62,54192,56846160.0,6.51,2.39,0.11,1.88
2008-09-16,612,4.61,4.54,4.7,4.46,57903,58720392.0,5.08,-3.81,-0.18,2.01
2008-09-17,612,4.56,4.54,4.67,4.48,46081,46689364.0,4.19,0.0,0.0,1.6
2008-09-18,612,4.39,4.42,4.56,4.04,72672,70509608.0,11.45,-2.64,-0.12,2.52
2008-09-19,612,4.97,4.97,4.97,4.83,125423,135571632.0,3.17,12.44,0.55,4.35
2008-09-22,612,5.34,5.54,5.57,5.14,213606,248574816.0,8.65,11.47,0.57,7.42
2008-09-23,612,5.27,5.02,5.31,4.99,111227,124740584.0,5.78,-9.39,-0.52,3.86
2008-09-24,612,4.86,4.94,4.94,4.72,57417,60709048.0,4.38,-1.59,-0.08,1.99
2008-09-25,612,5.0,5.15,5.3,4.94,105055,117117360.0,7.29,4.25,0.21,3.65
2008-09-26,612,5.22,5.14,5.24,4.95,92774,103287408.0,5.63,-0.19,-0.01,3.22
2008-10-06,612,4.92,4.52,4.92,4.52,74161,76715400.0,7.78,-12.06,-0.62,2.57
2008-10-07,612,4.21,4.31,4.45,4.11,60908,58474288.0,7.52,-4.65,-0.21,2.11
2008-10-08,612,4.16,4.23,4.45,4.14,55215,52945404.0,7.19,-1.86,-0.08,1.92
2008-10-09,612,4.36,4.12,4.39,4.12,44809,42761020.0,6.38,-2.6,-0.11,1.56
2008-10-10,612,3.91,3.61,3.91,3.61,75483,64335216.0,7.28,-12.38,-0.51,2.62
2008-10-13,612,3.46,3.66,3.66,3.25,57296,46279020.0,11.36,1.39,0.05,1.99
2008-10-14,612,3.89,3.53,3.94,3.53,79203,69092040.0,11.2,-3.55,-0.13,2.75
2008-10-15,612,3.45,3.34,3.47,3.26,42912,34061444.0,5.95,-5.38,-0.19,1.49
2008-10-16,612,3.1,2.9,3.13,2.9,62101,45229864.0,6.89,-13.17,-0.44,2.16
2008-10-17,612,2.99,2.94,3.05,2.9,54595,39621264.0,5.17,1.38,0.04,1.9
2008-10-20,612,2.97,3.09,3.11,2.83,62166,45207104.0,9.52,5.1,0.15,2.16
2008-10-21,612,3.11,3.16,3.36,3.02,96372,74106752.0,11.0,2.27,0.07,3.35
2008-10-22,612,3.05,2.96,3.12,2.95,55147,40442216.0,5.38,-6.33,-0.2,1.91
2008-10-23,612,2.8,2.9,2.92,2.75,39724,27838586.0,5.74,-2.03,-0.06,1.38
2008-10-24,612,2.9,2.82,2.99,2.78,37033,26128930.0,7.24,-2.76,-0.08,1.29
2008-10-27,612,2.72,2.43,2.72,2.43,50384,32856684.0,10.28,-13.83,-0.39,1.75
2008-10-28,612,2.32,2.54,2.64,2.32,64554,41247936.0,13.17,4.53,0.11,2.24
2008-10-29,612,2.65,2.34,2.65,2.34,62383,40359408.0,12.2,-7.87,-0.2,2.17
2008-10-30,612,2.4,2.46,2.54,2.32,63135,39817984.0,9.4,5.13,0.12,2.19
2008-10-31,612,2.43,2.37,2.44,2.34,35121,21739576.0,4.07,-3.66,-0.09,1.22
2008-11-03,612,2.28,2.36,2.44,2.26,28877,17905320.0,7.59,-0.42,-0.01,1.0
2008-11-04,612,2.34,2.36,2.42,2.29,28402,17450632.0,5.51,0.0,0.0,0.99
2008-11-05,612,2.42,2.54,2.6,2.39,69186,44411044.0,8.9,7.63,0.18,2.4
2008-11-06,612,2.39,2.43,2.49,2.38,33469,21000182.0,4.33,-4.33,-0.11,1.16
2008-11-07,612,2.34,2.49,2.54,2.34,32845,20773004.0,8.23,2.47,0.06,1.14
2008-11-10,612,2.56,2.84,2.84,2.56,115616,78911536.0,11.24,14.06,0.35,4.01
2008-11-11,612,2.85,2.84,3.04,2.75,131217,93542768.0,10.21,0.0,0.0,4.56
2008-11-12,612,2.76,2.94,2.95,2.76,73903,52194300.0,6.69,3.52,0.1,2.57
2008-11-13,612,2.89,3.22,3.33,2.82,157449,118031384.0,17.35,9.52,0.28,5.47
2008-11-14,612,3.33,3.61,3.63,3.22,191503,154810032.0,12.73,12.11,0.39,6.65
2008-11-17,612,3.56,3.94,3.99,3.49,168438,146289120.0,13.85,9.14,0.33,5.85
2008-11-18,612,3.89,3.44,4.09,3.44,177130,152146416.0,16.5,-12.69,-0.5,6.15
2008-11-19,612,3.35,3.8,3.83,3.34,119244,98885128.0,14.24,10.47,0.36,4.14
2008-11-20,612,3.71,3.77,4.03,3.5,149947,131250080.0,13.95,-0.79,-0.03,5.21
2008-11-21,612,3.56,3.62,3.82,3.44,103602,87037872.0,10.08,-3.98,-0.15,3.6
2008-11-24,612,3.69,3.45,3.8,3.44,66253,55363696.0,9.94,-4.7,-0.17,2.3
2008-11-25,612,3.57,3.5,3.62,3.4,70873,58014356.0,6.38,1.45,0.05,2.46
2008-11-26,612,3.49,3.46,3.57,3.41,32469,26555234.0,4.57,-1.14,-0.04,1.13
2008-11-27,612,3.83,3.52,3.84,3.51,87167,74423512.0,9.54,1.73,0.06,3.03
2008-11-28,612,3.49,3.3,3.52,3.27,58502,46767268.0,7.1,-6.25,-0.22,2.03
2008-12-01,612,3.3,3.6,3.62,3.21,83362,66668232.0,12.42,9.09,0.3,2.89
2008-12-02,612,3.45,3.65,3.77,3.4,113623,95932432.0,10.28,1.39,0.05,3.95
2008-12-03,612,3.67,3.92,3.97,3.67,133637,118534576.0,8.22,7.4,0.27,4.64
2008-12-04,612,4.01,3.87,4.25,3.87,150553,139458080.0,9.69,-1.28,-0.05,5.23
2008-12-05,612,3.85,4.02,4.05,3.83,104910,94111448.0,5.68,3.88,0.15,3.64
2008-12-08,612,4.1,4.31,4.31,4.04,150255,141961264.0,6.72,7.21,0.29,5.22
2008-12-09,612,4.4,4.37,4.62,4.33,251512,250512944.0,6.73,1.39,0.06,8.73
2008-12-10,612,4.28,4.47,4.51,4.17,105016,102255232.0,7.78,2.29,0.1,3.65
2008-12-11,612,4.46,4.22,4.59,4.22,99096,97774936.0,8.28,-5.59,-0.25,3.44
2008-12-12,612,4.19,3.84,4.21,3.72,100873,91238832.0,11.61,-9.0,-0.38,3.5
2008-12-15,612,3.94,3.9,4.0,3.77,51007,45591512.0,5.99,1.56,0.06,1.77
2008-12-16,612,3.89,3.99,4.0,3.72,49910,43925284.0,7.18,2.31,0.09,1.73
2008-12-17,612,4.06,4.05,4.2,4.0,67779,62823864.0,5.01,1.5,0.06,2.35
2008-12-18,612,4.01,4.14,4.15,3.96,49554,45650252.0,4.69,2.22,0.09,1.72
2008-12-19,612,4.14,4.16,4.28,4.1,78872,74506040.0,4.35,0.48,0.02,2.74
2008-12-22,612,4.17,4.3,4.34,4.13,104148,99228176.0,5.05,3.37,0.14,3.62
2008-12-23,612,4.34,3.97,4.41,3.88,119296,111986808.0,12.33,-7.67,-0.33,4.14
2008-12-24,612,3.91,3.94,4.11,3.73,101912,90313800.0,9.57,-0.76,-0.03,3.54
2008-12-25,612,3.95,3.78,4.09,3.72,96137,84020584.0,9.39,-4.06,-0.16,3.34
2008-12-26,612,3.81,3.61,3.83,3.56,122562,104973416.0,7.14,-4.5,-0.17,4.26
2008-12-29,612,3.53,3.59,3.71,3.37,87976,72992776.0,9.42,-0.55,-0.02,3.05
2008-12-30,612,3.61,3.36,3.73,3.35,81588,66747816.0,10.58,-6.41,-0.23,2.83
2008-12-31,612,3.34,3.06,3.39,3.05,94228,72193552.0,10.12,-8.93,-0.3,3.27
2009-01-05,612,3.18,3.32,3.34,3.16,71349,55535208.0,5.88,8.5,0.26,2.48
2009-01-06,612,3.32,3.55,3.61,3.27,87157,71120184.0,10.24,6.93,0.23,3.03
2009-01-07,612,3.61,3.6,3.81,3.57,116899,100078416.0,6.76,1.41,0.05,4.06
2009-01-08,612,3.44,3.48,3.58,3.44,67002,54722648.0,3.89,-3.33,-0.12,2.33
2009-01-09,612,3.44,3.62,3.7,3.44,77526,64870264.0,7.47,4.02,0.14,2.69
2009-01-12,612,3.61,3.77,3.94,3.57,131297,115266728.0,10.22,4.14,0.15,4.56
2009-01-13,612,3.67,3.55,3.8,3.54,90769,77111624.0,6.9,-5.84,-0.22,3.15
2009-01-14,612,3.54,3.83,3.83,3.54,102720,88628112.0,8.17,7.89,0.28,3.57
2009-01-15,612,3.78,3.92,4.07,3.73,160700,143852576.0,8.88,2.35,0.09,5.58
2009-01-16,612,3.97,3.95,4.07,3.9,124463,113148088.0,4.34,0.77,0.03,4.32
2009-01-19,612,3.97,3.94,4.04,3.82,104918,93800984.0,5.57,-0.25,-0.01,3.64
2009-01-20,612,3.82,3.91,3.97,3.78,74498,66164316.0,4.82,-0.76,-0.03,2.59
2009-01-21,612,3.86,3.87,3.94,3.81,76391,67718152.0,3.32,-1.02,-0.04,2.65
2009-01-22,612,3.9,4.09,4.09,3.89,142876,129719808.0,5.17,5.68,0.22,4.96
2009-01-23,612,4.09,3.99,4.15,3.94,110016,100526184.0,5.13,-2.44,-0.1,3.82
2009-02-02,612,4.01,4.04,4.04,3.92,78964,71678920.0,3.01,1.25,0.05,2.74
2009-02-03,612,4.04,4.35,4.39,4.02,218122,209204528.0,9.16,7.67,0.31,7.57
2009-02-04,612,4.37,4.53,4.54,4.22,243429,237061184.0,7.36,4.14,0.18,8.45
2009-02-05,612,4.5,4.42,4.7,4.36,234744,236395296.0,7.51,-2.43,-0.11,8.15
2009-02-06,612,4.42,4.97,4.97,4.42,368677,385294816.0,12.44,12.44,0.55,12.8
2009-02-09,612,5.16,5.57,5.57,5.11,421556,483811424.0,9.26,12.07,0.6,14.64
2009-02-10,612,5.53,5.88,5.89,5.31,362859,441292288.0,10.41,5.57,0.31,12.6
2009-02-11,612,5.62,5.61,6.09,5.43,405964,499917792.0,11.22,-4.59,-0.27,14.1
2009-02-12,612,5.6,5.37,5.67,5.07,295607,338188736.0,10.7,-4.28,-0.24,10.26
2009-02-13,612,5.4,5.65,5.78,5.4,278489,333796640.0,7.08,5.21,0.28,9.67
2009-02-16,612,5.67,5.99,6.03,5.48,309063,377072128.0,9.73,6.02,0.34,10.73
2009-02-17,612,5.89,5.85,6.31,5.64,324452,413037024.0,11.19,-2.34,-0.14,11.27
2009-02-18,612,5.61,5.51,5.97,5.5,247514,301916928.0,8.03,-5.81,-0.34,8.59
2009-02-19,612,5.6,5.62,5.71,5.34,189364,225457200.0,6.72,2.0,0.11,6.57
2009-02-20,612,5.57,6.05,6.1,5.45,268427,333528800.0,11.57,7.65,0.43,9.32
2009-02-23,612,6.04,6.31,6.48,5.94,299528,395099328.0,8.93,4.3,0.26,10.4
2009-02-24,612,6.22,6.01,6.54,5.99,272716,356794560.0,8.72,-4.75,-0.3,9.47
2009-02-25,612,6.28,6.4,6.47,5.89,299897,392583872.0,9.65,6.49,0.39,10.41
2009-02-26,612,6.47,5.92,6.7,5.66,318457,423567744.0,16.25,-7.5,-0.48,11.06
2009-02-27,612,5.72,5.22,5.76,5.22,174006,201258752.0,9.12,-11.82,-0.7,6.04
2009-03-02,612,4.81,5.14,5.27,4.81,112423,123954816.0,8.81,-1.53,-0.08,3.9
2009-03-03,612,4.92,4.94,5.11,4.85,107709,116744120.0,5.06,-3.89,-0.2,3.74
2009-03-04,612,4.98,5.45,5.54,4.98,163595,187548064.0,11.34,10.32,0.51,5.68
2009-03-05,612,5.6,5.57,5.81,5.4,204775,245856064.0,7.52,2.2,0.12,7.11
2009-03-06,612,5.45,5.46,5.55,5.36,99039,115983704.0,3.41,-1.97,-0.11,3.44
2009-03-09,612,5.52,4.98,5.62,4.98,116231,131924224.0,11.72,-8.79,-0.48,4.04
2009-03-10,612,4.95,5.18,5.24,4.87,76783,85045176.0,7.43,4.02,0.2,2.67
2009-03-11,612,5.3,5.12,5.36,5.1,86248,97734296.0,5.02,-1.16,-0.06,2.99
2009-03-12,612,5.03,5.16,5.21,4.87,64958,71388544.0,6.64,0.78,0.04,2.26
2009-03-13,612,5.19,5.09,5.27,5.06,52247,58440692.0,4.07,-1.36,-0.07,1.81
2009-03-16,612,5.19,5.34,5.37,5.03,86140,97521632.0,6.68,4.91,0.25,2.99
2009-03-17,612,5.35,5.75,5.81,5.32,176733,212180416.0,9.18,7.68,0.41,6.14
2009-03-18,612,5.83,5.81,6.11,5.73,212542,265155328.0,6.61,1.04,0.06,7.38
2009-03-19,612,5.81,6.18,6.27,5.72,246997,315961120.0,9.47,6.37,0.37,8.58
2009-03-20,612,6.35,6.59,6.72,6.24,439156,597482048.0,7.77,6.63,0.41,15.25
2009-03-23,612,6.58,6.49,6.93,6.31,361011,498018688.0,9.41,-1.52,-0.1,12.53
2009-03-24,612,6.56,6.32,6.56,6.31,222537,298617824.0,3.85,-2.62,-0.17,7.73
2009-03-25,612,6.19,6.18,6.61,6.15,197408,262981872.0,7.28,-2.22,-0.14,6.85
2009-03-26,612,6.21,6.61,6.64,6.05,215116,287623296.0,9.55,6.96,0.43,7.47
2009-03-27,612,6.65,6.39,6.7,6.34,200375,272321120.0,5.45,-3.33,-0.22,6.96
2009-03-30,612,6.37,6.22,6.37,6.16,121028,158748160.0,3.29,-2.66,-0.17,4.2
2009-03-31,612,6.06,6.2,6.22,5.99,118114,152763136.0,3.7,-0.32,-0.02,4.1
2009-04-01,612,6.28,6.34,6.5,6.25,159237,213145584.0,4.03,2.26,0.14,5.53
2009-04-02,612,6.44,6.35,6.56,6.25,172163,231159632.0,4.89,0.16,0.01,5.98
2009-04-03,612,6.4,6.11,6.45,6.06,157442,205980480.0,6.14,-3.78,-0.24,5.47
2009-04-07,612,6.12,6.32,6.39,6.06,124722,163300976.0,5.4,3.44,0.21,4.33
2009-04-08,612,6.31,5.87,6.31,5.85,138140,177016400.0,7.28,-7.12,-0.45,4.8
2009-04-09,612,5.84,6.05,6.06,5.84,97039,122066784.0,3.75,3.07,0.18,3.37
2009-04-10,612,6.16,6.5,6.59,6.11,279392,375109440.0,7.93,7.44,0.45,9.7
2009-04-13,612,6.57,6.72,6.86,6.45,313102,432980864.0,6.31,3.38,0.22,10.87
2009-04-14,612,6.68,6.56,6.68,6.45,169378,231775600.0,3.42,-2.38,-0.16,5.88
2009-04-15,612,6.49,6.67,6.81,6.4,218630,302158912.0,6.25,1.68,0.11,7.59
2009-04-16,612,6.7,6.92,7.0,6.67,270631,384454432.0,4.95,3.75,0.25,9.4
2009-04-20,612,6.56,6.71,6.75,6.5,173501,240435472.0,3.61,-3.03,-0.21,6.02
2009-04-21,612,6.55,6.34,6.6,6.16,208854,279409376.0,6.56,-5.51,-0.37,7.25
2009-04-22,612,6.32,5.78,6.42,5.78,185913,239536976.0,10.09,-8.83,-0.56,6.45
2009-04-23,612,5.78,5.99,6.06,5.78,112667,141460512.0,4.84,3.63,0.21,3.91
2009-04-24,612,5.99,5.67,5.99,5.55,245559,298077280.0,7.35,-5.34,-0.32,8.53
2009-04-27,612,5.59,5.31,5.67,5.26,110209,128310080.0,7.23,-6.35,-0.36,3.83
2009-04-28,612,5.25,5.33,5.4,5.23,73642,84483808.0,3.2,0.38,0.02,2.56
2009-04-29,612,5.34,5.47,5.57,5.29,111086,129079104.0,5.25,2.63,0.14,3.86
2009-04-30,612,5.58,5.45,5.61,5.42,90394,106641120.0,3.47,-0.37,-0.02,3.14
2009-05-04,612,5.55,5.82,5.84,5.52,116304,141336656.0,5.87,6.79,0.37,4.04
2009-05-05,612,5.89,5.77,5.91,5.71,93696,115252920.0,3.44,-0.86,-0.05,3.25
2009-05-06,612,5.78,5.92,5.92,5.67,117290,144525904.0,4.33,2.6,0.15,4.07
2009-05-07,612,5.98,5.95,6.22,5.85,158465,202208544.0,6.25,0.51,0.03,5.5
2009-05-08,612,5.9,5.8,5.9,5.67,104204,128109456.0,3.87,-2.52,-0.15,3.62
2009-05-11,612,5.81,5.78,6.09,5.68,165522,206243488.0,7.07,-0.34,-0.02,5.75
2009-05-12,612,5.74,5.77,5.82,5.56,102751,124501736.0,4.5,-0.17,-0.01,3.57
2009-05-13,612,5.8,5.87,5.96,5.74,125778,156720560.0,3.81,1.73,0.1,4.37
2009-05-14,612,5.96,6.05,6.1,5.89,209090,266051696.0,3.58,3.07,0.18,7.26
2009-05-15,612,6.14,5.97,6.17,5.9,107401,136484096.0,4.46,-1.32,-0.08,3.73
2009-05-18,612,5.97,5.92,5.98,5.71,81881,101512008.0,4.52,-0.84,-0.05,2.84
2009-05-19,612,5.97,6.3,6.34,5.85,276385,357682624.0,8.28,6.42,0.38,9.6
2009-05-20,612,6.23,6.06,6.29,6.04,199960,259544336.0,3.97,-3.81,-0.24,6.94
2009-05-21,612,5.99,5.87,6.1,5.83,113692,143018704.0,4.46,-3.14,-0.19,3.95
2009-05-22,612,5.76,5.72,5.85,5.67,83386,102185648.0,3.07,-2.56,-0.15,2.9
2009-05-25,612,5.49,5.76,5.86,5.45,87624,105482704.0,7.17,0.7,0.04,3.04
2009-05-26,612,5.75,5.59,5.86,5.59,79883,97070160.0,4.69,-2.95,-0.17,2.77
2009-05-27,612,5.61,5.61,5.69,5.5,60052,72024680.0,3.4,0.36,0.02,2.09
2009-06-01,612,5.74,5.84,5.95,5.68,117476,145854128.0,4.81,4.1,0.23,4.08
2009-06-02,612,5.96,5.84,6.08,5.81,133646,168362496.0,4.62,0.0,0.0,4.64
2009-06-03,612,5.84,6.13,6.13,5.84,182329,231866032.0,4.97,4.97,0.29,6.33
2009-06-04,612,6.06,6.49,6.77,5.98,354718,469354976.0,12.89,5.87,0.36,12.32
2009-06-05,612,6.66,6.29,6.78,6.25,336848,461537088.0,8.17,-3.08,-0.2,11.7
2009-06-08,612,6.26,6.64,6.65,6.21,240840,324563040.0,7.0,5.56,0.35,8.36
2009-06-09,612,6.6,6.5,6.67,6.36,201984,276455200.0,4.67,-2.11,-0.14,7.01
2009-06-10,612,6.64,6.57,6.72,6.45,174974,240830592.0,4.15,1.08,0.07,6.08
2009-06-11,612,6.46,6.26,6.48,6.23,155425,206838768.0,3.81,-4.72,-0.31,5.4
2009-06-12,612,6.3,6.29,6.54,6.22,142983,189638208.0,5.11,0.48,0.03,4.96
2009-06-15,612,6.27,6.22,6.3,6.07,92013,118945528.0,3.66,-1.11,-0.07,3.19
2009-06-16,612,6.06,6.18,6.27,6.04,79478,102187528.0,3.7,-0.64,-0.04,2.76
2009-06-17,612,6.11,6.35,6.43,6.07,102487,134096736.0,5.83,2.75,0.17,3.56
2009-06-18,612,6.36,6.35,6.49,6.32,100102,133149200.0,2.68,0.0,0.0,3.48
2009-06-19,612,6.35,6.2,6.38,6.16,100977,131282400.0,3.46,-2.36,-0.15,3.51
2009-06-22,612,6.23,6.29,6.35,6.11,100410,131116208.0,3.87,1.45,0.09,3.49
2009-06-23,612,6.12,6.11,6.22,5.95,128090,163752976.0,4.29,-2.86,-0.18,4.45
2009-06-24,612,6.11,6.38,6.41,6.11,151582,199666112.0,4.91,4.42,0.27,5.26
2009-06-25,612,6.49,6.19,6.49,6.16,95609,125712344.0,5.17,-2.98,-0.19,3.32
2009-06-26,612,6.21,6.22,6.28,6.1,69497,89850976.0,2.91,0.48,0.03,2.41
2009-06-29,612,6.21,6.22,6.29,6.14,80788,105036880.0,2.41,0.0,0.0,2.8
2009-06-30,612,6.26,6.22,6.32,6.11,88079,114523496.0,3.38,0.0,0.0,3.06
2009-07-01,612,6.16,6.21,6.27,6.11,90835,117539472.0,2.57,-0.16,-0.01,3.15
2009-07-02,612,6.27,6.4,6.54,6.22,211436,281813376.0,5.15,3.06,0.19,7.34
2009-07-03,612,6.34,6.34,6.42,6.27,119068,157449056.0,2.34,-0.94,-0.06,4.13
2009-07-06,612,6.34,6.62,6.81,6.21,271366,369840864.0,9.46,4.42,0.28,9.42
2009-07-07,612,6.57,6.59,6.76,6.5,187762,257726032.0,3.93,-0.45,-0.03,6.52
2009-07-08,612,6.5,6.69,6.74,6.45,144999,199576944.0,4.4,1.52,0.1,5.03
2009-07-09,612,6.69,6.82,6.85,6.46,215309,298714976.0,5.83,1.94,0.13,7.48
2009-07-10,612,6.85,7.07,7.36,6.82,378635,555751360.0,7.92,3.67,0.25,13.15
2009-07-13,612,7.06,6.95,7.3,6.92,191542,279151680.0,5.37,-1.7,-0.12,6.65
2009-07-14,612,6.95,7.07,7.13,6.95,127555,184839968.0,2.59,1.73,0.12,4.43
2009-07-15,612,7.1,7.87,7.87,7.1,387821,603662272.0,10.89,11.32,0.8,13.47
2009-07-16,612,8.32,8.64,8.76,8.32,741703,1282998016.0,5.59,9.78,0.77,25.75
2009-07-17,612,9.08,9.6,9.6,8.82,531890,982104064.0,9.03,11.11,0.96,18.47
2009-07-20,612,10.05,10.09,10.47,9.82,436640,870517888.0,6.77,5.1,0.49,15.16
2009-07-21,612,9.88,9.82,10.1,9.44,329873,637974976.0,6.54,-2.68,-0.27,11.45
2009-07-22,612,9.66,9.69,10.15,9.65,281960,551440192.0,5.09,-1.32,-0.13,9.79
2009-07-23,612,9.81,9.55,9.99,9.5,192456,371240192.0,5.06,-1.44,-0.14,6.68
2009-07-24,612,9.82,10.61,10.61,9.61,378351,757087232.0,10.47,11.1,1.06,13.14
2009-07-27,612,10.66,11.21,11.57,10.32,467909,1013057600.0,11.78,5.66,0.6,16.25
2009-07-28,612,10.95,10.85,11.32,10.6,233857,503686144.0,6.42,-3.21,-0.36,8.12
2009-07-29,612,10.55,9.71,10.8,9.67,213837,431409952.0,10.41,-10.51,-1.14,7.42
2009-07-30,612,9.94,10.33,10.36,9.21,281240,549199168.0,11.84,6.39,0.62,9.76
2009-07-31,612,10.51,11.46,11.46,10.34,317243,685236224.0,10.84,10.94,1.13,11.01
2009-08-03,612,11.59,11.55,12.05,11.1,375534,856221120.0,8.29,0.79,0.09,13.04
2009-08-04,612,11.44,12.13,12.49,11.41,252428,586474048.0,9.35,5.02,0.58,8.76
2009-08-05,612,12.13,12.79,13.24,11.57,307137,731498496.0,13.77,5.44,0.66,10.66
2009-08-07,612,11.77,11.41,12.13,11.41,265255,605114688.0,5.63,-10.79,-1.38,9.21
2009-08-10,612,11.3,11.67,11.99,10.81,241173,541886656.0,10.34,2.28,0.26,8.37
2009-08-11,612,11.21,10.6,11.35,10.55,220379,468865216.0,6.86,-9.17,-1.07,7.65
2009-08-12,612,10.32,9.63,10.37,9.55,279565,547178368.0,7.74,-9.15,-0.97,9.71
2009-08-13,612,9.82,10.05,10.24,9.64,238816,470411264.0,6.23,4.36,0.42,8.29
2009-08-14,612,9.99,9.44,10.31,9.44,222540,438451808.0,8.66,-6.07,-0.61,7.73
2009-08-17,612,8.99,8.39,9.12,8.39,238727,419943808.0,7.73,-11.12,-1.05,8.29
2009-08-18,612,8.56,9.33,9.33,8.44,412060,754300416.0,10.61,11.2,0.94,14.31
2009-08-19,612,9.15,8.91,9.26,8.52,361134,644211968.0,7.93,-4.5,-0.42,12.54
2009-08-20,612,8.95,9.53,9.69,8.71,318416,587122688.0,11.0,6.96,0.62,11.06
2009-08-21,612,9.27,9.62,9.77,9.05,295159,552881664.0,7.56,0.94,0.09,10.25
2009-08-24,612,9.77,9.88,10.21,9.77,265919,525773888.0,4.57,2.7,0.26,9.23
2009-08-25,612,9.58,9.2,9.58,8.85,205411,376460736.0,7.39,-6.88,-0.68,7.13
2009-08-26,612,9.15,9.37,9.64,8.86,136159,254933392.0,8.48,1.85,0.17,4.73
2009-08-28,612,10.09,9.65,10.38,9.55,274338,538022272.0,8.86,2.99,0.28,9.53
2009-08-31,612,9.35,8.58,9.35,8.58,137152,239095456.0,7.98,-11.09,-1.07,4.76
2009-09-01,612,8.1,8.11,8.41,7.74,130865,214929744.0,7.81,-5.48,-0.47,4.54
2009-09-02,612,7.89,8.02,8.3,7.78,80187,130200344.0,6.41,-1.11,-0.09,2.78
2009-09-03,612,8.15,8.92,8.92,8.15,148637,257869728.0,9.6,11.22,0.9,5.16
2009-09-04,612,9.02,9.4,9.91,8.92,218453,414596160.0,11.1,5.38,0.48,7.58
2009-09-07,612,9.42,9.7,9.98,9.22,167361,321728832.0,8.09,3.19,0.3,5.81
2009-09-08,612,9.6,10.21,10.32,9.34,221237,438606112.0,10.1,5.26,0.51,7.68
2009-09-09,612,10.55,10.61,11.2,10.49,264765,562228096.0,6.95,3.92,0.4,9.19
2009-09-10,612,10.34,11.23,11.7,10.27,232857,504174912.0,13.48,5.84,0.62,8.08
2009-09-11,612,11.01,11.19,11.37,10.71,189480,412526912.0,5.88,-0.36,-0.04,6.58
2009-09-14,612,10.99,11.2,11.53,10.85,142991,314331424.0,6.08,0.09,0.01,4.96
2009-09-15,612,11.2,11.75,12.3,10.88,213463,485614688.0,12.68,4.91,0.55,7.41
2009-09-16,612,11.81,11.52,12.02,11.27,190735,434138080.0,6.38,-1.96,-0.23,6.62
2009-09-17,612,11.66,11.53,11.9,11.44,127958,290917536.0,3.99,0.09,0.01,4.44
2009-09-18,612,11.49,10.6,11.49,10.32,183479,394540896.0,10.15,-8.07,-0.93,6.37
2009-09-21,612,10.5,10.88,10.94,10.11,132286,274882624.0,7.83,2.64,0.28,4.59
2009-09-22,612,10.77,10.22,10.85,10.1,154058,318098144.0,6.89,-6.07,-0.66,5.35
2009-09-23,612,10.19,9.63,10.44,9.54,130594,255745456.0,8.81,-5.77,-0.59,4.53
2009-09-24,612,9.66,9.92,10.2,9.28,151219,292467232.0,9.55,3.01,0.29,5.25
2009-09-25,612,9.76,9.55,9.82,9.48,86464,165424544.0,3.43,-3.73,-0.37,3.0
2009-09-28,612,9.55,8.82,9.71,8.66,146687,269152864.0,10.99,-7.64,-0.73,5.09
2009-09-29,612,8.82,8.69,8.93,8.41,129159,223425840.0,5.9,-1.47,-0.13,4.48
2009-09-30,612,8.84,8.91,9.26,8.71,151530,273296768.0,6.33,2.53,0.22,5.26
2009-10-09,612,9.55,9.9,9.9,9.46,162206,314639008.0,4.94,11.11,0.99,5.63
2009-10-12,612,10.16,9.97,10.26,9.82,175655,348948448.0,4.44,0.71,0.07,6.1
2009-10-13,612,10.05,10.69,10.85,9.97,162513,333823904.0,8.83,7.22,0.72,5.64
2009-10-14,612,10.66,10.92,11.35,10.44,207456,447753408.0,8.51,2.15,0.23,7.2
2009-10-15,612,11.01,10.74,11.25,10.66,152649,327740896.0,5.4,-1.65,-0.18,5.3
2009-10-16,612,10.59,10.55,10.79,10.22,158254,326918656.0,5.31,-1.77,-0.19,5.49
2009-10-19,612,10.46,11.24,11.35,10.32,185904,400750304.0,9.76,6.54,0.69,3.87
2009-10-20,612,11.49,11.16,11.55,11.02,139524,306816672.0,4.72,-0.71,-0.08,2.91
2009-10-21,612,11.2,11.12,11.39,10.94,137767,302347392.0,4.03,-0.36,-0.04,2.87
2009-10-22,612,11.23,11.15,11.55,11.1,122967,272907264.0,4.05,0.27,0.03,2.56
2009-10-23,612,11.1,11.93,12.32,11.1,288909,666159424.0,10.94,7.0,0.78,6.02
2009-10-26,612,12.06,11.9,12.1,11.58,220585,511600416.0,4.36,-0.25,-0.03,4.59
2009-10-27,612,11.55,11.71,12.41,11.49,291368,685990464.0,7.73,-1.6,-0.19,6.07
2009-10-28,612,11.72,12.45,12.5,11.72,329164,781431552.0,6.66,6.32,0.74,6.86
2009-10-29,612,12.06,11.49,12.38,11.46,283579,657805120.0,7.39,-7.71,-0.96,5.91
2009-10-30,612,11.99,11.55,12.2,11.53,192856,447105888.0,5.83,0.52,0.06,4.02
2009-11-02,612,11.02,11.91,12.02,10.77,200281,447386240.0,10.82,3.12,0.36,4.17
2009-11-03,612,11.82,12.06,12.26,11.82,146694,344227488.0,3.69,1.26,0.15,3.06
2009-11-04,612,12.21,12.34,12.8,11.87,220429,531785536.0,7.71,2.32,0.28,4.59
2009-11-05,612,12.32,12.32,12.56,11.99,143474,342832128.0,4.62,-0.16,-0.02,2.99
2009-11-06,612,12.32,12.6,12.96,12.22,192586,474038144.0,6.01,2.27,0.28,4.01
2009-11-09,612,12.6,12.71,12.88,12.37,113290,279348544.0,4.05,0.87,0.11,2.36
2009-11-10,612,12.95,12.51,13.02,12.39,136467,335773856.0,4.96,-1.57,-0.2,2.84
2009-11-11,612,12.35,12.22,12.6,12.03,126005,300577088.0,4.56,-2.32,-0.29,2.62
2009-11-12,612,12.24,12.08,12.42,11.99,110001,260653664.0,3.52,-1.15,-0.14,2.29
2009-11-13,612,11.92,12.24,12.31,11.77,131069,309091200.0,4.47,1.32,0.16,2.73
2009-11-16,612,12.32,12.79,12.96,12.2,202045,497105760.0,6.21,4.49,0.55,4.21
2009-11-17,612,13.05,12.71,13.15,12.61,162616,406707360.0,4.22,-0.63,-0.08,3.39
2009-11-18,612,12.66,12.68,12.97,12.57,95064,235300672.0,3.15,-0.24,-0.03,1.98
2009-11-19,612,12.77,12.51,12.85,12.23,213754,516617664.0,4.89,-1.34,-0.17,4.45
2009-11-20,612,12.33,12.31,12.38,12.13,135015,322142496.0,2.0,-1.6,-0.2,2.81
2009-11-23,612,12.31,12.5,12.55,12.22,125662,302525888.0,2.68,1.54,0.19,2.62
2009-11-24,612,12.59,11.82,12.77,11.66,234418,565504576.0,8.88,-5.44,-0.68,4.88
2009-11-25,612,11.77,11.99,12.04,11.52,174143,402650528.0,4.4,1.44,0.17,3.63
2009-11-26,612,12.01,11.67,12.41,11.52,182375,423726080.0,7.42,-2.67,-0.32,3.8
2009-11-27,612,11.41,11.06,11.49,10.97,130168,286639776.0,4.46,-5.23,-0.61,2.71
2009-11-30,612,11.05,11.46,11.52,11.05,115955,257474448.0,4.25,3.62,0.4,2.41
2009-12-01,612,11.49,11.96,11.99,11.32,130272,298121728.0,5.85,4.36,0.5,2.71
2009-12-02,612,12.11,13.26,13.26,12.09,508260,1271306368.0,9.78,10.87,1.3,10.59
2009-12-03,612,13.49,13.46,13.71,13.16,404654,1052215488.0,4.15,1.51,0.2,8.43
2009-12-04,612,13.44,12.94,13.45,12.52,272451,688021824.0,6.91,-3.86,-0.52,5.67
2009-12-07,612,12.76,13.19,13.52,12.6,161795,413764672.0,7.11,1.93,0.25,3.37
2009-12-08,612,13.1,13.67,14.17,12.71,238921,623992384.0,11.07,3.64,0.48,4.98
2009-12-09,612,13.27,13.44,13.98,13.11,184294,483566016.0,6.36,-1.68,-0.23,3.84
2009-12-10,612,13.77,13.7,14.1,13.45,165306,438848768.0,4.84,1.93,0.26,3.44
2009-12-11,612,13.66,14.05,14.15,13.65,181762,490342624.0,3.65,2.55,0.35,3.79
2009-12-14,612,14.3,15.14,15.31,14.02,282653,792326976.0,9.18,7.76,1.09,5.89
2009-12-15,612,14.87,14.84,15.27,14.71,209339,603027200.0,3.7,-1.98,-0.3,4.36
2009-12-16,612,14.66,14.78,15.03,14.3,167166,471417024.0,4.92,-0.4,-0.06,3.48
2009-12-17,612,14.81,13.99,14.99,13.97,142961,397750208.0,6.9,-5.35,-0.79,2.98
2009-12-18,612,13.7,12.61,13.71,12.49,201214,512882976.0,8.72,-9.86,-1.38,4.19
2009-12-22,612,12.88,12.31,12.96,12.05,138865,339511136.0,7.22,-2.38,-0.3,2.89
2009-12-23,612,12.32,12.55,12.82,12.3,129819,315950112.0,4.22,1.95,0.24,2.7
2009-12-24,612,12.71,13.9,13.9,12.55,187931,485800736.0,10.76,10.76,1.35,3.91
2009-12-25,612,13.96,13.88,14.19,13.6,133168,357907872.0,4.24,-0.14,-0.02,2.77
2009-12-28,612,14.02,14.74,15.27,14.02,158892,450562848.0,9.01,6.2,0.86,3.31
2009-12-29,612,14.81,14.87,15.03,14.56,122214,348434048.0,3.19,0.88,0.13,2.55
2009-12-30,612,14.99,14.51,15.1,14.27,135778,381380832.0,5.58,-2.42,-0.36,2.83
2009-12-31,612,14.51,14.55,14.63,14.29,124004,343846784.0,2.34,0.28,0.04,2.58
2010-01-04,612,14.73,14.69,14.96,14.26,151745,427313984.0,4.81,0.96,0.14,3.16
2010-01-05,612,14.8,15.41,15.78,14.71,193259,568847872.0,7.28,4.9,0.72,4.02
2010-01-06,612,15.41,15.82,16.82,15.22,250657,773755968.0,10.38,2.66,0.41,5.22
2010-01-07,612,16.26,15.6,16.88,15.38,274478,848799616.0,9.48,-1.39,-0.22,5.72
2010-01-08,612,15.49,15.9,15.93,14.94,156408,465232448.0,6.35,1.92,0.3,3.26
2010-01-11,612,16.14,16.04,16.56,15.42,97406,298055456.0,7.17,0.88,0.14,2.03
2010-01-12,612,16.1,16.23,16.44,15.45,120986,369688128.0,6.17,1.18,0.19,2.52
2010-01-14,612,14.6,15.44,15.49,14.6,249255,722950720.0,5.48,-4.87,-0.79,5.19
2010-01-15,612,15.26,15.11,15.35,14.91,112826,326757056.0,2.85,-2.14,-0.33,2.35
2010-01-18,612,15.03,14.69,15.04,14.45,128539,361625344.0,3.9,-2.78,-0.42,2.68
2010-01-19,612,14.74,15.2,15.56,14.74,174720,511360256.0,5.58,3.47,0.51,3.64
2010-01-20,612,15.26,14.45,15.27,14.2,147585,415391072.0,7.04,-4.93,-0.75,3.07
2010-01-21,612,14.32,14.1,14.48,13.58,168694,454164928.0,6.23,-2.42,-0.35,3.51
2010-01-22,612,13.72,13.35,13.75,12.97,173387,449550304.0,5.53,-5.32,-0.75,3.61
2010-01-25,612,13.35,13.45,13.71,13.05,97670,254744640.0,4.94,0.75,0.1,2.03
2010-01-26,612,13.7,12.79,13.7,12.6,116406,292404608.0,8.18,-4.91,-0.66,2.42
2010-01-27,612,12.6,12.78,13.16,12.3,135227,333784576.0,6.72,-0.08,-0.01,2.82
2010-01-28,612,12.61,12.56,12.74,12.27,91209,221995136.0,3.68,-1.72,-0.22,1.9
2010-01-29,612,12.32,12.49,12.84,12.22,142514,347485024.0,4.94,-0.56,-0.07,2.97
2010-02-01,612,12.44,11.72,12.49,11.6,128069,296447488.0,7.13,-6.16,-0.77,2.67
2010-02-02,612,11.96,11.89,12.49,11.83,161117,382005856.0,5.63,1.45,0.17,3.36
2010-02-03,612,12.14,12.8,12.87,11.77,182219,438092160.0,9.25,7.65,0.91,3.8
2010-02-04,612,12.46,12.42,12.6,12.32,131401,318558656.0,2.19,-2.97,-0.38,2.74
2010-02-05,612,11.87,11.82,11.95,11.49,139323,319988608.0,3.7,-4.83,-0.6,2.9
2010-02-08,612,11.91,11.76,12.02,11.6,77949,179741648.0,3.55,-0.51,-0.06,1.62
2010-02-09,612,11.72,12.09,12.16,11.7,75029,175272272.0,3.91,2.81,0.33,1.56
2010-02-10,612,12.38,12.39,12.59,12.15,96245,231765104.0,3.64,2.48,0.3,2.0
2010-02-12,612,12.71,12.7,12.84,12.57,95127,234997632.0,2.18,2.5,0.31,1.98
2010-02-22,612,12.91,12.7,13.09,12.66,97516,244304352.0,3.39,0.0,0.0,2.03
2010-02-23,612,12.52,12.69,12.87,12.11,83653,202467680.0,5.98,-0.08,-0.01,1.74
2010-02-24,612,12.35,12.82,12.82,12.3,65490,160660912.0,4.1,1.02,0.13,1.36
2010-02-25,612,12.99,13.02,13.13,12.84,117548,296378976.0,2.26,1.56,0.2,2.45
2010-02-26,612,12.95,12.64,12.95,12.55,89314,220837488.0,3.07,-2.92,-0.38,1.86
2010-03-01,612,12.91,13.06,13.21,12.71,137719,347794784.0,3.96,3.32,0.42,2.87
2010-03-02,612,12.89,12.62,12.93,12.57,94443,233099328.0,2.76,-3.37,-0.44,1.97
2010-03-03,612,12.63,12.69,12.79,12.54,69435,170572784.0,1.98,0.55,0.07,1.45
2010-03-04,612,12.69,12.21,12.74,12.21,74410,180183888.0,4.18,-3.78,-0.48,1.55
2010-03-05,612,12.08,12.21,12.38,12.08,42787,102088392.0,2.46,0.0,0.0,0.89
2010-03-08,612,12.21,12.63,12.8,12.13,74779,181636480.0,5.49,3.44,0.42,1.56
2010-03-09,612,12.59,12.91,13.1,12.27,129759,323163328.0,6.57,2.22,0.28,2.7
2010-03-10,612,12.85,12.83,13.09,12.74,90045,225252048.0,2.71,-0.62,-0.08,1.88
2010-03-11,612,12.77,12.93,13.16,12.66,145838,367671456.0,3.9,0.78,0.1,3.04
2010-03-12,612,12.95,12.39,13.02,12.33,74214,181841440.0,5.34,-4.18,-0.54,1.55
2010-03-15,612,12.33,12.07,12.44,12.03,48716,115636208.0,3.31,-2.58,-0.32,1.01
2010-03-16,612,12.06,12.18,12.32,11.96,46564,110002480.0,2.98,0.91,0.11,0.97
2010-03-17,612,12.26,12.54,12.58,12.26,51077,124073592.0,2.63,2.96,0.36,1.06
2010-03-18,612,12.68,12.55,12.69,12.46,51912,127051192.0,1.83,0.08,0.01,1.08
2010-03-19,612,12.59,13.1,13.52,12.38,178880,454564640.0,9.08,4.38,0.55,3.73
2010-03-22,612,12.85,12.87,12.96,12.71,70052,174809904.0,1.91,-1.76,-0.23,1.46
2010-03-23,612,12.87,12.93,13.22,12.8,93769,237473136.0,3.26,0.47,0.06,1.95
2010-03-24,612,12.95,12.79,13.04,12.72,57982,144439120.0,2.47,-1.08,-0.14,1.21
2010-03-25,612,12.69,12.42,12.69,12.39,57921,140754448.0,2.35,-2.89,-0.37,1.21
2010-03-26,612,12.47,12.6,12.76,12.46,47028,115183872.0,2.42,1.45,0.18,0.98
2010-03-29,612,12.66,13.19,13.55,12.66,174872,448333632.0,7.06,4.68,0.59,3.64
2010-03-30,612,13.32,13.57,13.71,13.24,161845,424773024.0,3.56,2.88,0.38,3.37
2010-03-31,612,13.58,13.31,13.68,13.3,82690,214735968.0,2.8,-1.92,-0.26,1.72
2010-04-01,612,13.45,13.81,13.94,13.45,128826,342388224.0,3.68,3.76,0.5,2.68
2010-04-02,612,13.92,14.02,14.25,13.77,104671,283736864.0,3.48,1.52,0.21,2.18
2010-04-06,612,14.16,14.07,14.47,13.89,99798,273104544.0,4.14,0.36,0.05,2.08
2010-04-07,612,13.96,13.86,14.15,13.66,69359,185831216.0,3.48,-1.49,-0.21,1.44
2010-04-08,612,13.79,13.56,13.79,13.43,74352,195564752.0,2.6,-2.16,-0.3,1.55
2010-04-09,612,13.55,13.94,13.94,13.52,60191,160000304.0,3.1,2.8,0.38,1.25
2010-04-12,612,14.21,13.87,14.27,13.66,84544,227459744.0,4.38,-0.5,-0.07,1.76
2010-04-13,612,13.8,13.97,14.14,13.52,91940,245051872.0,4.47,0.72,0.1,1.91
2010-04-14,612,13.94,14.35,14.46,13.88,137865,378741728.0,4.15,2.72,0.38,2.87
2010-04-15,612,14.43,14.2,14.49,14.08,85094,233342592.0,2.86,-1.05,-0.15,1.77
2010-04-19,612,13.69,12.88,13.69,12.75,190779,486226560.0,6.62,-9.3,-1.32,3.97
2010-04-20,612,13.05,13.04,13.35,12.84,128149,323792128.0,3.96,1.24,0.16,2.67
2010-04-21,612,12.95,13.37,13.42,12.95,104822,268036576.0,3.6,2.53,0.33,2.18
2010-04-22,612,13.24,13.47,13.87,12.92,184136,477628320.0,7.11,0.75,0.1,3.83
2010-04-23,612,13.29,13.55,13.85,13.17,125750,330368576.0,5.05,0.59,0.08,2.62
2010-04-26,612,13.66,13.2,13.82,13.19,102000,265400928.0,4.65,-2.58,-0.35,2.12
2010-04-27,612,13.07,12.59,13.07,12.32,131424,321978464.0,5.68,-4.62,-0.61,2.74
2010-04-28,612,12.13,12.32,12.65,11.99,78400,188009312.0,5.24,-2.14,-0.27,1.63
2010-04-29,612,12.55,12.05,12.74,12.05,94498,227593248.0,5.6,-2.19,-0.27,1.97
2010-04-30,612,12.05,12.05,12.25,11.57,82143,190714304.0,5.64,0.0,0.0,1.71
2010-05-04,612,11.77,12.05,12.2,11.66,54237,127477944.0,4.48,0.0,0.0,1.13
2010-05-05,612,11.76,11.87,11.94,11.19,109106,246412832.0,6.22,-1.49,-0.18,2.27
2010-05-06,612,11.76,10.66,11.76,10.65,127997,281162016.0,9.35,-10.19,-1.21,2.67
2010-05-10,612,10.15,11.07,11.12,10.13,116785,247947472.0,9.29,3.85,0.41,2.43
2010-05-11,612,11.41,11.04,11.75,10.99,138725,308627136.0,6.87,-0.27,-0.03,2.89
2010-05-12,612,10.74,10.88,11.21,10.61,65247,139430448.0,5.43,-1.45,-0.16,1.36
2010-05-13,612,11.0,11.32,11.44,10.77,78828,172015424.0,6.16,4.04,0.44,1.64
2010-05-14,612,11.1,11.1,11.24,10.93,70062,152462192.0,2.74,-1.94,-0.22,1.46
2010-05-17,612,10.67,9.89,10.81,9.89,122052,247830720.0,8.29,-10.9,-1.21,2.54
2010-05-18,612,9.75,10.19,10.35,9.22,117245,228899088.0,11.43,3.03,0.3,2.44
2010-05-19,612,9.93,9.96,10.37,9.66,84927,168217792.0,6.97,-2.26,-0.23,1.77
2010-05-20,612,9.8,9.56,10.14,9.52,75059,146560384.0,6.22,-4.02,-0.4,1.56
2010-05-21,612,9.1,9.69,9.69,9.0,93553,175417600.0,7.22,1.36,0.13,1.95
2010-05-24,612,9.83,10.2,10.3,9.83,139434,280177888.0,4.85,5.26,0.51,2.9
2010-05-25,612,10.06,10.0,10.32,9.91,107992,215477376.0,4.02,-1.96,-0.2,2.25
2010-05-26,612,9.94,10.21,10.31,9.94,94624,190381200.0,3.7,2.1,0.21,1.97
2010-05-27,612,10.18,10.6,10.85,9.91,145110,297932544.0,9.21,3.82,0.39,3.02
2010-05-28,612,10.8,10.45,10.88,10.33,124408,258020096.0,5.19,-1.42,-0.15,2.59
2010-05-31,612,10.35,9.84,10.43,9.84,90423,180113040.0,5.65,-5.84,-0.61,1.88
2010-06-01,612,9.8,9.74,9.97,9.52,80328,153917280.0,4.57,-1.02,-0.1,1.67
2010-06-02,612,9.62,9.75,9.75,9.35,64481,121778864.0,4.11,0.1,0.01,1.34
2010-06-03,612,9.81,9.64,9.95,9.63,67315,130444712.0,3.28,-1.13,-0.11,1.4
2010-06-04,612,9.46,9.63,9.69,9.46,41066,77681496.0,2.39,-0.1,-0.01,0.86
2010-06-07,612,9.31,9.35,9.43,9.19,53995,99675776.0,2.49,-2.91,-0.28,1.12
2010-06-08,612,9.32,9.39,9.45,9.21,51819,95725296.0,2.57,0.43,0.04,1.08
2010-06-09,612,9.47,9.75,9.8,9.27,98655,186395248.0,5.64,3.83,0.36,2.05
2010-06-10,612,9.78,9.89,10.09,9.58,102981,199285968.0,5.23,1.44,0.14,2.14
2010-06-11,612,9.97,10.02,10.17,9.86,99882,197298752.0,3.13,1.31,0.13,2.08
2010-06-17,612,10.22,9.91,10.29,9.9,66203,131760640.0,3.89,-1.1,-0.11,1.38
2010-06-18,612,9.85,9.57,10.01,9.5,58686,113043224.0,5.15,-3.43,-0.34,1.22
2010-06-21,612,9.69,10.15,10.15,9.52,82259,160367488.0,6.58,6.06,0.58,1.71
2010-06-22,612,10.14,10.11,10.27,10.07,74141,148034944.0,1.97,-0.39,-0.04,1.54
2010-06-23,612,10.0,9.87,10.06,9.72,60297,117289232.0,3.36,-2.37,-0.24,1.26
2010-06-24,612,9.86,9.77,9.97,9.69,53039,102678576.0,2.84,-1.01,-0.1,1.1
2010-06-25,612,9.65,9.56,9.76,9.51,51008,96677048.0,2.56,-2.15,-0.21,1.06
2010-06-28,612,9.65,9.62,9.72,9.51,30646,58173132.0,2.2,0.63,0.06,0.64
2010-06-29,612,9.72,8.96,9.72,8.95,60488,110522664.0,8.0,-6.86,-0.66,1.26
2010-06-30,612,8.9,8.46,8.92,8.4,59689,102032688.0,5.8,-5.58,-0.5,1.24
2010-07-01,612,8.46,8.3,8.6,8.3,42795,71904376.0,3.55,-1.89,-0.16,0.89
2010-07-02,612,8.23,8.14,8.29,7.71,69497,112209384.0,6.99,-1.93,-0.16,1.45
2010-07-05,612,7.95,7.87,8.1,7.63,67710,107070968.0,5.77,-3.32,-0.27,1.41
2010-07-06,612,7.85,8.46,8.5,7.8,107829,178105904.0,8.89,7.5,0.59,2.25
2010-07-07,612,8.46,8.65,8.74,8.3,99381,169894608.0,5.2,2.25,0.19,2.07
2010-07-08,612,8.76,8.62,8.9,8.59,95762,166907968.0,3.58,-0.35,-0.03,1.99
2010-07-09,612,8.61,8.96,9.04,8.36,119776,209445456.0,7.89,3.94,0.34,2.49
2010-07-12,612,8.96,9.11,9.36,8.85,111495,201905168.0,5.69,1.67,0.15,2.32
2010-07-13,612,8.96,8.69,8.96,8.61,82522,144005648.0,3.84,-4.61,-0.42,1.72
2010-07-14,612,8.85,8.93,9.2,8.83,87004,155272176.0,4.26,2.76,0.24,1.81
2010-07-15,612,8.87,8.64,9.04,8.62,70492,123283872.0,4.7,-3.25,-0.29,1.47
2010-07-16,612,8.52,8.75,8.85,8.45,54209,92896992.0,4.63,1.27,0.11,1.13
2010-07-19,612,8.57,9.37,9.57,8.52,155996,283545600.0,12.0,7.09,0.62,3.25
2010-07-20,612,9.41,9.79,10.04,9.35,189723,362347840.0,7.36,4.48,0.42,3.95
2010-07-21,612,9.76,9.64,9.85,9.62,126457,242144704.0,2.35,-1.53,-0.15,2.63
2010-07-22,612,9.59,9.8,9.91,9.55,106423,205159696.0,3.73,1.66,0.16,2.22
2010-07-23,612,9.85,9.81,10.0,9.57,122619,236186208.0,4.39,0.1,0.01,2.55
2010-07-26,612,9.91,10.21,10.37,9.8,181260,359973152.0,5.81,4.08,0.4,3.78
2010-07-27,612,10.07,10.01,10.2,9.97,97810,193681552.0,2.25,-1.96,-0.2,2.04
2010-07-28,612,9.95,10.25,10.34,9.88,112068,223620528.0,4.6,2.4,0.24,2.33
2010-07-29,612,10.35,11.04,11.26,10.35,253527,535870560.0,8.88,7.71,0.79,5.28
2010-07-30,612,10.94,10.82,11.17,10.65,148950,315424096.0,4.71,-1.99,-0.22,3.1
2010-08-02,612,10.96,11.01,11.04,10.74,123044,263307408.0,2.77,1.76,0.19,2.56
2010-08-03,612,11.12,10.65,11.35,10.65,142937,310257088.0,6.36,-3.27,-0.36,2.98
2010-08-04,612,10.6,10.67,10.8,10.2,179385,367061856.0,5.63,0.19,0.02,3.74
2010-08-05,612,10.6,10.38,10.74,10.24,126476,260012336.0,4.69,-2.72,-0.29,2.63
2010-08-09,612,10.69,10.92,10.94,10.69,167065,353509664.0,2.41,5.2,0.54,3.48
2010-08-10,612,11.02,10.48,11.16,10.46,159293,338194816.0,6.41,-4.03,-0.44,3.32
2010-08-11,612,10.31,10.82,10.84,10.29,126239,259968688.0,5.25,3.24,0.34,2.63
2010-08-12,612,10.62,10.4,10.72,10.34,133181,274434368.0,3.51,-3.88,-0.42,2.77
2010-08-13,612,10.43,10.57,10.63,10.21,133481,272614624.0,4.04,1.63,0.17,2.78
2010-08-16,612,10.47,10.81,10.94,10.36,203349,426165440.0,5.49,2.27,0.24,4.24
2010-08-17,612,10.82,10.78,10.9,10.67,133966,282168640.0,2.13,-0.28,-0.03,2.79
2010-08-18,612,10.82,11.1,11.25,10.75,223897,481806240.0,4.64,2.97,0.32,4.66
2010-08-19,612,11.07,11.16,11.55,10.97,246550,541503936.0,5.23,0.54,0.06,5.13
2010-08-20,612,11.05,10.67,11.15,10.65,151373,320516096.0,4.48,-4.39,-0.49,3.15
2010-08-23,612,10.57,10.45,10.72,10.4,114190,235257680.0,3.0,-2.06,-0.22,2.38
2010-08-24,612,10.4,10.55,10.76,10.36,79788,165290624.0,3.83,0.96,0.1,1.66
2010-08-25,612,10.44,10.12,10.55,10.12,107997,218269440.0,4.08,-4.08,-0.43,2.25
2010-08-26,612,10.24,10.19,10.33,10.11,66933,134342560.0,2.17,0.69,0.07,1.39
2010-08-27,612,10.2,10.3,10.31,10.1,46778,94006912.0,2.06,1.08,0.11,0.97
2010-08-30,612,10.42,10.64,10.7,10.42,92137,191259696.0,2.72,3.3,0.34,1.92
2010-08-31,612,10.65,10.61,10.71,10.52,89201,185475904.0,1.79,-0.28,-0.03,1.86
2010-09-01,612,10.63,10.41,10.71,10.2,103239,212112288.0,4.81,-1.89,-0.2,2.15
2010-09-02,612,10.58,10.7,10.85,10.57,148916,312484192.0,2.69,2.79,0.29,3.1
2010-09-03,612,10.76,10.57,10.89,10.45,109692,228725600.0,4.11,-1.21,-0.13,2.28
2010-09-06,612,10.63,11.01,11.05,10.57,198802,424914112.0,4.54,4.16,0.44,4.14
2010-09-07,612,11.1,11.71,11.96,11.1,391039,889761536.0,7.81,6.36,0.7,8.14
2010-09-08,612,11.52,11.89,12.0,11.46,243039,557020224.0,4.61,1.54,0.18,5.06
2010-09-09,612,11.92,11.32,11.92,11.25,224726,500871328.0,5.63,-4.79,-0.57,4.68
2010-09-10,612,11.27,11.15,11.4,10.84,135523,293701952.0,4.95,-1.5,-0.17,2.82
2010-09-13,612,11.15,11.29,11.41,11.12,101374,222939680.0,2.6,1.26,0.14,2.11
2010-09-14,612,11.4,11.3,11.61,11.18,123897,275673184.0,3.81,0.09,0.01,2.58
2010-09-15,612,11.29,10.97,11.45,10.85,91130,197426912.0,5.31,-2.92,-0.33,1.9
2010-09-16,612,11.01,10.55,11.02,10.41,104094,216147840.0,5.56,-3.83,-0.42,2.17
2010-09-17,612,10.56,10.71,10.95,10.46,80812,169678832.0,4.64,1.52,0.16,1.68
2010-09-20,612,10.73,10.45,10.79,10.35,56750,116968608.0,4.11,-2.43,-0.26,1.18
2010-09-21,612,10.52,10.47,10.62,10.24,46481,94808280.0,3.64,0.19,0.02,0.97
2010-09-27,612,10.74,10.97,11.04,10.49,94448,200557584.0,5.25,4.78,0.5,1.97
2010-09-28,612,11.1,11.25,11.46,11.01,141378,309004032.0,4.1,2.55,0.28,2.94
2010-09-29,612,11.12,10.69,11.57,10.61,329920,711225472.0,8.53,-4.98,-0.56,6.87
2010-09-30,612,10.32,10.54,10.62,9.61,437787,865352448.0,9.45,-1.4,-0.15,9.12
2010-10-08,612,10.57,11.16,11.43,10.54,347362,753933120.0,8.44,5.88,0.62,7.23
2010-10-11,612,11.52,11.68,12.35,11.52,481501,1115860096.0,7.44,4.66,0.52,10.03
2010-10-12,612,11.68,12.94,12.94,11.48,459059,1101858688.0,12.5,10.79,1.26,9.56
2010-10-13,612,13.62,13.29,13.88,12.9,629368,1626363008.0,7.57,2.7,0.35,13.11
2010-10-14,612,13.4,14.06,14.42,13.02,606154,1597706752.0,10.53,5.79,0.77,12.62
2010-10-15,612,13.61,13.83,14.74,13.29,524994,1407898624.0,10.31,-1.64,-0.23,10.93
2010-10-18,612,13.56,12.7,13.95,12.68,383364,982594432.0,9.18,-8.17,-1.13,7.98
2010-10-19,612,12.49,13.07,13.35,12.46,236510,589856768.0,7.01,2.91,0.37,4.93
2010-10-20,612,12.12,12.97,13.44,12.12,335345,825937664.0,10.1,-0.77,-0.1,6.98
2010-10-21,612,13.13,13.42,13.74,12.71,295290,757912704.0,7.94,3.47,0.45,6.15
2010-10-22,612,13.21,13.35,13.94,13.0,272522,706716224.0,7.0,-0.52,-0.07,5.68
2010-10-25,612,13.21,14.31,14.4,13.07,386924,1026011968.0,9.96,7.19,0.96,8.06
2010-10-26,612,14.29,13.71,14.4,13.63,316272,848691648.0,5.38,-4.19,-0.6,6.59
2010-10-27,612,13.57,13.34,13.97,13.16,222989,581161408.0,5.91,-2.7,-0.37,4.64
2010-10-28,612,13.12,13.51,13.89,13.07,215807,561104768.0,6.15,1.27,0.17,4.49
2010-10-29,612,13.35,13.31,13.62,13.19,165287,425480032.0,3.18,-1.48,-0.2,3.44
2010-11-01,612,13.4,13.97,14.06,13.35,264134,702551552.0,5.33,4.96,0.66,5.5
2010-11-02,612,14.06,14.35,15.46,13.98,548122,1544286208.0,10.59,2.72,0.38,11.42
2010-11-03,612,14.62,13.48,14.76,13.3,290745,782005056.0,10.17,-6.06,-0.87,6.06
2010-11-04,612,13.51,14.04,14.24,13.51,253142,678112192.0,5.42,4.15,0.56,5.27
2010-11-05,612,14.59,14.01,14.78,13.97,259708,709415744.0,5.77,-0.21,-0.03,5.41
2010-11-08,612,13.91,13.84,14.01,13.55,170853,450433600.0,3.28,-1.21,-0.17,3.56
2010-11-09,612,13.82,13.93,14.1,13.62,164994,439930688.0,3.47,0.65,0.09,3.44
2010-11-10,612,13.9,13.8,13.9,13.41,188582,494884896.0,3.52,-0.93,-0.13,3.93
2010-11-11,612,13.85,13.74,14.34,13.47,267097,722738688.0,6.3,-0.43,-0.06,5.56
2010-11-12,612,13.51,12.42,13.62,12.3,274764,693252480.0,9.61,-9.61,-1.32,5.72
2010-11-15,612,12.49,12.35,12.67,11.96,131617,313138272.0,5.72,-0.56,-0.07,2.74
2010-11-16,612,12.34,11.35,12.4,11.24,164732,378481376.0,9.39,-8.1,-1.0,3.43
2010-11-17,612,11.12,11.1,11.49,10.91,119137,260939232.0,5.11,-2.2,-0.25,2.48
2010-11-18,612,11.36,11.43,11.51,11.15,93998,207808432.0,3.24,2.97,0.33,1.96
2010-11-19,612,11.52,11.51,11.62,11.02,103377,228346064.0,5.25,0.7,0.08,2.15
2010-11-22,612,11.4,11.63,11.81,11.3,108948,245145232.0,4.43,1.04,0.12,2.27
2010-11-23,612,11.58,11.17,11.58,10.94,92065,200732896.0,5.5,-3.96,-0.46,1.92
2010-11-24,612,11.01,11.43,11.55,10.99,73982,163768160.0,5.01,2.33,0.26,1.54
2010-11-25,612,11.6,11.66,11.73,11.36,104729,234734848.0,3.24,2.01,0.23,2.18
2010-11-26,612,11.61,11.41,11.61,11.29,81008,180451632.0,2.74,-2.14,-0.25,1.69
2010-11-29,612,11.24,11.13,11.34,11.01,71547,155335536.0,2.89,-2.45,-0.28,1.49
2010-11-30,612,11.04,11.07,11.29,10.46,108386,230411776.0,7.46,-0.54,-0.06,2.26
2010-12-01,612,10.96,11.05,11.18,10.8,56256,120969952.0,3.43,-0.18,-0.02,1.17
2010-12-02,612,11.37,11.25,11.46,11.24,111946,247798112.0,1.99,1.81,0.2,2.33
2010-12-03,612,11.24,11.24,11.32,11.02,45912,100078656.0,2.67,-0.09,-0.01,0.96
2010-12-06,612,11.25,11.18,11.4,11.06,45459,99598272.0,3.02,-0.53,-0.06,0.95
2010-12-07,612,11.07,11.31,11.38,10.75,67420,145681360.0,5.64,1.16,0.13,1.4
2010-12-08,612,11.19,11.12,11.4,11.09,60939,133742360.0,2.74,-1.68,-0.19,1.27
2010-12-09,612,11.1,10.91,11.24,10.9,52411,113356288.0,3.06,-1.89,-0.21,1.09
2010-12-10,612,10.81,11.07,11.23,10.74,62864,134361216.0,4.49,1.47,0.16,1.31
2010-12-13,612,11.14,11.59,11.62,11.11,128459,285016608.0,4.61,4.7,0.52,2.68
2010-12-14,612,11.65,11.59,11.71,11.48,90431,203298112.0,1.98,0.0,0.0,1.88
2010-12-15,612,11.59,11.5,11.83,11.43,101802,229824576.0,3.45,-0.78,-0.09,2.12
2010-12-16,612,11.5,11.33,11.56,11.3,60206,133933144.0,2.26,-1.48,-0.17,1.25
2010-12-17,612,11.33,11.5,11.66,11.3,66737,149467760.0,3.18,1.5,0.17,1.39
2010-12-20,612,11.54,11.08,11.61,10.74,93954,204395632.0,7.57,-3.65,-0.42,1.96
2010-12-21,612,11.11,11.27,11.32,11.07,103164,225464544.0,2.26,1.71,0.19,2.15
2010-12-22,612,11.46,11.15,11.55,11.07,93480,207047136.0,4.26,-1.06,-0.12,1.95
2010-12-23,612,11.01,11.51,11.85,11.01,206211,465443360.0,7.53,3.23,0.36,4.29
2010-12-24,612,11.29,11.16,11.4,11.1,75934,165904976.0,2.61,-3.04,-0.35,1.58
2010-12-27,612,11.16,10.95,11.56,10.91,102618,225859696.0,5.82,-1.88,-0.21,2.14
2010-12-28,612,10.87,10.56,10.9,10.5,68381,143271664.0,3.65,-3.56,-0.39,1.42
2010-12-29,612,10.71,10.66,10.78,10.46,36095,74851624.0,3.03,0.95,0.1,0.75
2010-12-30,612,10.68,10.74,10.82,10.31,68358,141555584.0,4.78,0.75,0.08,1.42
2010-12-31,612,10.71,11.18,11.18,10.62,95463,205522048.0,5.21,4.1,0.44,1.99
2011-01-04,612,11.31,11.49,11.61,11.29,129496,289184288.0,2.86,2.77,0.31,2.7
2011-01-05,612,11.32,11.14,11.32,11.06,126065,274130368.0,2.26,-3.05,-0.35,2.63
2011-01-06,612,11.11,11.22,11.43,11.06,80151,175681824.0,3.32,0.72,0.08,1.67
2011-01-07,612,11.28,11.2,11.51,11.16,101557,223978352.0,3.12,-0.18,-0.02,2.12
2011-01-10,612,11.15,10.71,11.15,10.68,89344,189762256.0,4.2,-4.38,-0.49,1.86
2011-01-11,612,10.73,10.65,10.76,10.49,50944,105874688.0,2.52,-0.56,-0.06,1.06
2011-01-12,612,10.74,10.68,10.81,10.47,37721,78587632.0,3.19,0.28,0.03,0.79
2011-01-13,612,10.76,10.7,10.82,10.62,31128,65349020.0,1.87,0.19,0.02,0.65
2011-01-14,612,10.65,10.32,10.66,10.29,50688,103639096.0,3.46,-3.55,-0.38,1.06
2011-01-17,612,10.23,9.78,10.42,9.77,60879,120228688.0,6.3,-5.23,-0.54,1.27
2011-01-18,612,9.63,9.73,9.78,9.57,55367,105346440.0,2.15,-0.51,-0.05,1.15
2011-01-19,612,9.74,10.02,10.03,9.64,50382,97731528.0,4.01,2.98,0.29,1.05
2011-01-20,612,9.96,9.82,10.69,9.82,80500,160959280.0,8.68,-2.0,-0.2,1.68
2011-01-21,612,9.64,9.8,9.96,9.57,56806,109169728.0,3.97,-0.2,-0.02,1.18
2011-01-24,612,9.84,9.57,9.9,9.57,34751,66333716.0,3.37,-2.35,-0.23,0.72
2011-01-25,612,9.68,9.47,9.68,9.35,23902,44825492.0,3.45,-1.04,-0.1,0.5
2011-01-26,612,9.45,9.6,9.68,9.43,20331,38484768.0,2.64,1.37,0.13,0.42
2011-01-27,612,9.6,9.8,9.87,9.46,36727,70775352.0,4.27,2.08,0.2,0.76
2011-01-28,612,9.76,9.9,9.94,9.75,32652,63325660.0,1.94,1.02,0.1,0.68
2011-01-31,612,9.9,10.08,10.15,9.88,35501,70025496.0,2.73,1.82,0.18,0.74
2011-02-01,612,10.26,10.17,10.34,10.11,38575,77421560.0,2.28,0.89,0.09,0.8
2011-02-09,612,10.15,9.85,10.25,9.82,35269,69626984.0,4.23,-3.15,-0.32,0.73
2011-02-10,612,9.85,10.06,10.12,9.8,41015,80590632.0,3.25,2.13,0.21,0.85
2011-02-11,612,10.09,10.07,10.24,9.96,64757,128391328.0,2.78,0.1,0.01,1.35
2011-02-14,612,10.07,10.49,10.55,10.07,98783,200968080.0,4.77,4.17,0.42,2.06
2011-02-15,612,10.6,11.06,11.51,10.41,226552,486917280.0,10.49,5.43,0.57,4.72
2011-02-16,612,10.9,11.13,11.16,10.85,117002,251536752.0,2.8,0.63,0.07,2.44
2011-02-17,612,11.22,11.15,11.49,11.11,118436,259590560.0,3.41,0.18,0.02,2.47
2011-02-18,612,11.11,10.8,11.11,10.74,85086,181111632.0,3.32,-3.14,-0.35,1.77
2011-02-21,612,10.45,10.84,10.84,10.35,130160,271627616.0,4.54,0.37,0.04,2.71
2011-02-22,612,10.85,10.35,10.95,10.34,121861,253604400.0,5.63,-4.52,-0.49,2.54
2011-02-23,612,10.25,10.42,10.54,10.24,59700,121786992.0,2.9,0.68,0.07,1.24
2011-02-24,612,10.34,10.43,10.65,10.27,82526,169240752.0,3.65,0.1,0.01,1.72
2011-02-25,612,10.46,10.5,10.56,10.26,59822,122241312.0,2.88,0.67,0.07,1.25
2011-02-28,612,10.49,10.54,10.55,10.32,72935,149456272.0,2.19,0.38,0.04,1.52
2011-03-01,612,10.56,10.75,10.84,10.56,123020,258029744.0,2.66,1.99,0.21,2.56
2011-03-02,612,10.71,10.57,10.71,10.45,64059,132586256.0,2.42,-1.67,-0.18,1.33
2011-03-03,612,10.53,10.32,10.7,10.32,74015,152225232.0,3.6,-2.37,-0.25,1.54
2011-03-04,612,10.37,10.51,10.51,10.29,54280,110668584.0,2.13,1.84,0.19,1.13
2011-03-07,612,10.57,10.99,11.19,10.57,189595,404113312.0,5.9,4.57,0.48,3.95
2011-03-08,612,11.02,10.89,11.02,10.78,80804,171737168.0,2.18,-0.91,-0.1,1.68
2011-03-09,612,10.96,10.79,11.0,10.74,73788,156398400.0,2.39,-0.92,-0.1,1.54
2011-03-10,612,10.76,10.49,10.79,10.49,74833,154808384.0,2.78,-2.78,-0.3,1.56
2011-03-11,612,10.45,10.44,10.79,10.4,66174,137274608.0,3.72,-0.48,-0.05,1.38
2011-03-14,612,10.38,10.35,10.49,10.26,76628,155227344.0,2.2,-0.86,-0.09,1.6
2011-03-15,612,10.4,10.19,10.43,9.96,69599,138842976.0,4.54,-1.55,-0.16,1.45
2011-03-16,612,10.19,10.57,10.74,10.19,92793,191000928.0,5.4,3.73,0.38,1.93
2011-03-17,612,10.46,10.24,10.46,10.19,66631,134961440.0,2.55,-3.12,-0.33,1.39
2011-03-18,612,10.35,10.29,10.45,10.25,36343,73609704.0,1.95,0.49,0.05,0.76
2011-03-21,612,10.32,10.3,10.37,10.18,43329,87328232.0,1.85,0.1,0.01,0.9
2011-03-23,612,10.26,10.39,10.41,10.2,40548,82384432.0,2.04,0.87,0.09,0.84
2011-03-24,612,10.42,10.32,10.62,10.32,47903,98214864.0,2.89,-0.67,-0.07,1.0
2011-03-25,612,10.34,10.46,10.51,10.3,58496,119708232.0,2.03,1.36,0.14,1.22
2011-03-28,612,10.56,10.7,10.82,10.51,161602,338800512.0,2.96,2.29,0.24,3.37
2011-03-29,612,10.62,10.47,10.81,10.46,90357,188076784.0,3.27,-2.15,-0.23,1.88
2011-03-30,612,10.52,10.69,10.82,10.43,102317,213518784.0,3.72,2.1,0.22,2.13
2011-03-31,612,10.74,10.87,10.92,10.57,131231,276508000.0,3.27,1.68,0.18,2.73
2011-04-01,612,10.92,10.85,11.11,10.68,122465,260410736.0,3.96,-0.18,-0.02,2.55
2011-04-07,612,10.98,10.66,11.0,10.61,124007,261833216.0,3.59,-1.75,-0.19,2.58
2011-04-08,612,10.7,10.82,10.85,10.54,106351,222738352.0,2.91,1.5,0.16,2.21
2011-04-11,612,10.85,11.35,11.96,10.61,405212,892958400.0,12.48,4.9,0.53,8.44
2011-04-12,612,11.12,11.72,11.91,11.1,335242,756477312.0,7.14,3.26,0.37,6.98
2011-04-13,612,11.57,11.64,11.68,11.34,119877,268811520.0,2.9,-0.68,-0.08,2.5
2011-04-14,612,11.61,11.85,12.22,11.51,254324,589875776.0,6.1,1.8,0.21,5.3
2011-04-15,612,11.79,11.6,11.9,11.32,121688,273893024.0,4.89,-2.11,-0.25,2.53
2011-04-18,612,11.54,12.17,12.27,11.44,240195,556517120.0,7.16,4.91,0.57,5.0
2011-04-19,612,11.99,11.69,12.12,11.69,155914,358124224.0,3.53,-3.94,-0.48,3.25
2011-04-20,612,11.68,12.13,12.26,11.56,212700,495010496.0,5.99,3.76,0.44,4.43
2011-04-21,612,12.15,11.99,12.5,11.86,258016,610985216.0,5.28,-1.15,-0.14,5.37
2011-04-22,612,11.92,11.74,11.96,11.57,133312,303855968.0,3.25,-2.09,-0.25,2.78
2011-04-25,612,11.61,11.23,11.76,11.1,87411,194036128.0,5.62,-4.34,-0.51,1.82
2011-04-26,612,11.17,11.36,11.41,10.9,88297,192068368.0,4.54,1.16,0.13,1.84
2011-04-27,612,11.37,10.78,11.48,10.62,103282,221859360.0,7.57,-5.11,-0.58,2.15
2011-04-28,612,10.85,9.95,10.9,9.85,127270,256967440.0,9.74,-7.7,-0.83,2.65
2011-04-29,612,9.97,10.24,10.32,9.91,68974,137103488.0,4.12,2.91,0.29,1.44
2011-05-03,612,10.23,10.28,10.37,10.12,45742,92092552.0,2.44,0.39,0.04,0.95
2011-05-04,612,10.27,9.8,10.73,9.68,133024,264646128.0,10.21,-4.67,-0.48,2.77
2011-05-05,612,9.74,9.63,9.77,9.4,68995,130739064.0,3.78,-1.73,-0.17,1.44
2011-05-06,612,9.35,9.39,9.41,8.89,157776,287256544.0,5.4,-2.49,-0.24,3.29
2011-05-09,612,9.39,9.31,9.56,9.27,74946,139319424.0,3.09,-0.85,-0.08,1.56
2011-05-10,612,9.36,9.55,9.57,9.29,60474,113030752.0,3.01,2.58,0.24,1.26
2011-05-11,612,9.57,9.49,9.72,9.46,61251,115866456.0,2.72,-0.63,-0.06,1.28
2011-05-12,612,9.37,9.09,9.37,9.07,68145,124886160.0,3.16,-4.21,-0.4,1.42
2011-05-13,612,9.1,9.31,9.32,9.0,55235,100308312.0,3.52,2.42,0.22,1.15
2011-05-16,612,9.29,9.31,9.5,9.18,71379,131264792.0,3.44,0.0,0.0,1.49
2011-05-17,612,9.3,9.49,9.78,9.07,105394,197308432.0,7.63,1.93,0.18,2.2
2011-05-18,612,9.4,9.59,9.62,9.28,62150,116718600.0,3.58,1.05,0.1,1.29
2011-05-19,612,9.63,9.37,9.68,9.35,47423,89088472.0,3.44,-2.29,-0.22,0.99
2011-05-20,612,9.38,9.37,9.49,9.25,40746,75461424.0,2.56,0.0,0.0,0.85
2011-05-23,612,9.37,8.9,9.38,8.87,81314,146408000.0,5.44,-5.02,-0.47,1.69
2011-05-24,612,8.87,8.9,8.99,8.61,52076,91278976.0,4.27,0.0,0.0,1.08
2011-05-25,612,8.88,8.85,9.0,8.74,42471,74960672.0,2.92,-0.56,-0.05,0.88
2011-05-26,612,8.96,9.15,9.15,8.85,59153,105866776.0,3.39,3.39,0.3,1.23
2011-05-27,612,9.39,9.07,9.76,9.07,162731,301487104.0,7.54,-0.87,-0.08,3.39
2011-05-30,612,9.34,8.6,9.34,8.56,93468,162775024.0,8.6,-5.18,-0.47,1.95
2011-05-31,612,8.62,8.75,8.75,8.35,62057,105666464.0,4.65,1.74,0.15,1.29
2011-06-01,612,8.7,8.75,8.77,8.57,34552,59986584.0,2.29,0.0,0.0,0.72
2011-06-02,612,8.6,8.56,8.64,8.46,35264,60162852.0,2.06,-2.17,-0.19,0.73
2011-06-03,612,8.56,8.7,8.82,8.56,56190,97225048.0,3.04,1.64,0.14,1.17
2011-06-07,612,8.67,8.82,8.9,8.61,47294,82854632.0,3.33,1.38,0.12,0.98
2011-06-08,612,8.99,9.02,9.26,8.96,99372,179452000.0,3.4,2.27,0.2,2.07
2011-06-09,612,8.89,8.78,9.06,8.68,49266,86988928.0,4.21,-2.66,-0.24,1.03
2011-06-10,612,8.74,8.76,8.89,8.6,36401,62977444.0,3.3,-0.23,-0.02,0.76
2011-06-13,612,8.71,8.87,8.92,8.56,39465,68759176.0,4.11,1.26,0.11,0.82
2011-06-14,612,8.77,8.99,9.04,8.77,49261,87575944.0,3.04,1.35,0.12,1.03
2011-06-15,612,8.96,8.76,9.02,8.76,36867,65083864.0,2.89,-2.56,-0.23,0.77
2011-06-16,612,8.67,8.52,8.67,8.52,33146,56743392.0,1.71,-2.74,-0.24,0.69
2011-06-17,612,8.51,8.36,8.6,8.35,25492,43150392.0,2.93,-1.88,-0.16,0.53
2011-06-20,612,8.35,8.23,8.4,8.21,22830,37833732.0,2.27,-1.56,-0.13,0.48
2011-06-21,612,8.33,8.37,8.39,8.24,20906,34787276.0,1.82,1.7,0.14,0.44
2011-06-22,612,8.39,8.29,8.45,8.18,29614,49086668.0,3.23,-0.96,-0.08,0.62
2011-06-23,612,8.24,8.44,8.48,8.14,30136,50261420.0,4.1,1.81,0.15,0.63
2011-06-24,612,8.38,8.62,8.71,8.34,95641,163469408.0,4.38,2.13,0.18,1.99
2011-06-27,612,8.6,8.63,8.8,8.55,54108,93483064.0,2.9,0.12,0.01,1.13
2011-06-28,612,8.67,8.65,8.79,8.59,80064,138227824.0,2.32,0.23,0.02,1.67
2011-06-29,612,8.7,8.64,8.87,8.63,81737,142113648.0,2.77,-0.12,-0.01,1.7
2011-06-30,612,8.61,8.98,9.01,8.61,110827,195565776.0,4.63,3.94,0.34,2.31
2011-07-01,612,9.04,9.11,9.21,8.93,94772,170853904.0,3.12,1.45,0.13,1.97
2011-07-04,612,9.17,9.31,9.56,9.13,147703,274095712.0,4.72,2.2,0.2,3.08
2011-07-05,612,9.33,9.21,9.39,9.11,87891,160581648.0,3.01,-1.07,-0.1,1.83
2011-07-06,612,9.24,9.31,9.43,9.16,81757,150880000.0,2.93,1.09,0.1,1.7
2011-07-07,612,9.29,9.51,9.85,9.29,171082,323857888.0,6.02,2.15,0.2,3.56
2011-07-08,612,9.51,9.72,9.91,9.32,152343,291188928.0,6.2,2.21,0.21,3.17
2011-07-11,612,9.68,9.69,9.78,9.53,54329,103690864.0,2.57,-0.31,-0.03,1.13
2011-07-12,612,9.59,9.17,9.59,9.14,82056,151838624.0,4.64,-5.37,-0.52,1.71
2011-07-13,612,9.2,9.3,9.38,9.2,45432,83738520.0,1.96,1.42,0.13,0.95
2011-07-14,612,9.31,9.39,9.55,9.24,48892,90871136.0,3.33,0.97,0.09,1.02
2011-07-15,612,9.36,9.31,9.4,9.24,56189,103618664.0,1.7,-0.85,-0.08,1.17
2011-07-18,612,9.31,9.28,9.37,9.24,52617,96756720.0,1.4,-0.32,-0.03,1.1
2011-07-19,612,9.27,9.2,9.27,9.1,44039,79985808.0,1.83,-0.86,-0.08,0.92
2011-07-20,612,9.32,9.32,9.36,9.17,35341,64920260.0,2.07,1.3,0.12,0.74
2011-07-21,612,9.25,8.95,9.34,8.85,80940,144814096.0,5.26,-3.97,-0.37,1.69
2011-07-22,612,8.97,8.89,9.04,8.79,51793,91666800.0,2.79,-0.67,-0.06,1.08
2011-07-25,612,8.87,8.5,8.87,8.47,77100,132299384.0,4.5,-4.39,-0.39,1.61
2011-07-26,612,8.3,8.62,8.66,8.3,35189,60119804.0,4.24,1.41,0.12,0.73
2011-07-27,612,8.58,9.57,9.57,8.57,290568,540514944.0,11.6,11.02,0.95,6.05
2011-07-28,612,9.68,10.01,10.39,9.58,537050,1055717056.0,8.46,4.6,0.44,11.18
2011-07-29,612,9.95,9.85,10.11,9.77,235876,461987520.0,3.4,-1.6,-0.16,4.91
2011-08-01,612,10.04,9.79,10.09,9.65,170113,330160768.0,4.47,-0.61,-0.06,3.54
2011-08-02,612,9.58,9.29,9.61,8.94,273152,497079008.0,6.84,-5.11,-0.5,5.69
2011-08-03,612,9.12,9.38,9.55,9.01,215023,398598048.0,5.81,0.97,0.09,4.48
2011-08-04,612,9.3,9.12,9.4,9.04,156490,284630432.0,3.84,-2.77,-0.26,3.26
2011-08-05,612,8.57,8.66,8.82,8.47,209454,361522720.0,3.84,-5.04,-0.46,4.36
2011-08-08,612,8.49,8.05,8.59,7.7,157749,257646096.0,10.28,-7.04,-0.61,3.29
2011-08-09,612,7.74,8.06,8.22,7.49,122617,193950576.0,9.07,0.12,0.01,2.55
2011-08-10,612,8.32,8.13,8.39,8.09,96506,159116272.0,3.72,0.87,0.07,2.01
2011-08-11,612,7.87,8.39,8.4,7.82,85185,139783616.0,7.13,3.2,0.26,1.77
2011-08-12,612,8.59,8.66,9.02,8.59,180207,316688096.0,5.13,3.22,0.27,3.75
2011-08-15,612,8.65,8.82,8.9,8.59,78711,136992176.0,3.58,1.85,0.16,1.64
2011-08-16,612,8.89,8.83,8.9,8.65,72877,127313432.0,2.83,0.11,0.01,1.52
2011-08-17,612,8.72,8.75,8.89,8.71,46898,82027008.0,2.04,-0.91,-0.08,0.98
2011-08-18,612,8.74,8.43,8.78,8.41,65815,112633896.0,4.23,-3.66,-0.32,1.37
2011-08-19,612,8.2,8.29,8.34,8.16,54395,89808192.0,2.14,-1.66,-0.14,1.13
2011-08-22,612,8.31,8.24,8.44,8.22,35450,58975920.0,2.65,-0.6,-0.05,0.74
2011-08-23,612,8.29,8.56,8.68,8.29,42933,72872016.0,4.73,3.88,0.32,0.89
2011-08-24,612,8.65,8.46,8.71,8.44,40475,68958072.0,3.15,-1.17,-0.1,0.84
2011-08-25,612,8.46,8.89,8.93,8.46,90027,156619040.0,5.56,5.08,0.43,1.87
2011-08-26,612,8.8,8.76,8.86,8.65,66530,115887424.0,2.36,-1.46,-0.13,1.39
2011-08-29,612,8.67,8.55,8.67,8.54,38888,66593088.0,1.48,-2.4,-0.21,0.81
2011-08-30,612,8.63,8.54,8.79,8.53,40922,70550400.0,3.04,-0.12,-0.01,0.85
2011-08-31,612,8.56,8.52,8.63,8.43,30134,51271484.0,2.34,-0.23,-0.02,0.63
2011-09-01,612,8.6,8.5,8.69,8.47,38437,65758556.0,2.58,-0.23,-0.02,0.8
2011-09-02,612,8.49,8.25,8.5,8.21,51227,84977664.0,3.41,-2.94,-0.25,1.07
2011-09-05,612,8.16,7.84,8.16,7.82,52507,84267168.0,4.12,-4.97,-0.41,1.09
2011-09-06,612,7.76,7.92,7.94,7.72,32524,51525016.0,2.81,1.02,0.08,0.68
2011-09-07,612,7.99,8.16,8.18,7.93,31244,50634184.0,3.16,3.03,0.24,0.65
2011-09-08,612,8.19,8.04,8.26,8.03,25932,42421544.0,2.82,-1.47,-0.12,0.54
2011-09-09,612,8.12,8.02,8.19,7.94,18860,30526910.0,3.11,-0.25,-0.02,0.39
2011-09-13,612,7.85,7.97,7.99,7.74,20189,31942970.0,3.12,-0.62,-0.05,0.42
2011-09-14,612,8.01,8.09,8.09,7.77,26038,41709020.0,4.02,1.51,0.12,0.54
2011-09-15,612,8.1,8.01,8.14,7.99,24809,40195004.0,1.85,-0.99,-0.08,0.52
2011-09-16,612,8.09,8.06,8.16,8.04,26734,43443864.0,1.5,0.62,0.05,0.56
2011-09-19,612,7.95,7.77,8.01,7.74,26247,41507636.0,3.35,-3.6,-0.29,0.55
2011-09-20,612,7.77,7.86,7.93,7.77,18523,29230160.0,2.06,1.16,0.09,0.39
2011-09-21,612,7.92,8.15,8.19,7.78,48410,78402424.0,5.22,3.69,0.29,1.01
2011-09-22,612,8.05,7.82,8.1,7.81,34624,55414692.0,3.56,-4.05,-0.33,0.72
2011-09-23,612,7.67,7.75,7.79,7.58,29160,45156804.0,2.69,-0.9,-0.07,0.61
2011-09-26,612,7.71,7.63,7.9,7.57,23113,35984124.0,4.26,-1.55,-0.12,0.48
2011-09-27,612,7.77,7.7,7.8,7.64,17246,26862584.0,2.1,0.92,0.07,0.36
2011-09-28,612,7.78,7.63,7.84,7.57,20765,32305186.0,3.51,-0.91,-0.07,0.43
2011-09-29,612,7.57,7.44,7.61,7.41,26797,40674564.0,2.62,-2.49,-0.19,0.56
2011-09-30,612,7.49,7.51,7.56,7.4,18891,28599662.0,2.15,0.94,0.07,0.39
2011-10-10,612,7.52,7.49,7.68,7.45,19138,29270120.0,3.06,-0.27,-0.02,0.4
2011-10-11,612,7.79,7.5,7.85,7.39,29976,45993964.0,6.14,0.13,0.01,0.62
2011-10-12,612,7.42,7.72,7.78,7.35,35844,55363740.0,5.73,2.93,0.22,0.75
2011-10-13,612,7.7,7.89,8.0,7.6,82971,130648944.0,5.18,2.2,0.17,1.73
2011-10-14,612,7.78,7.77,7.92,7.65,50783,79702728.0,3.42,-1.52,-0.12,1.06
2011-10-17,612,7.85,7.7,7.9,7.66,32392,50604196.0,3.09,-0.9,-0.07,0.67
2011-10-18,612,7.6,7.22,7.61,7.21,54000,80856040.0,5.19,-6.23,-0.48,1.12
2011-10-19,612,7.26,7.2,7.35,7.17,24474,36025864.0,2.49,-0.28,-0.02,0.51
2011-10-20,612,7.15,6.92,7.19,6.88,30882,44103972.0,4.31,-3.89,-0.28,0.64
2011-10-21,612,6.92,6.67,7.01,6.66,33048,46054100.0,5.06,-3.61,-0.25,0.69
2011-10-24,612,6.76,6.94,6.96,6.63,34970,48741744.0,4.95,4.05,0.27,0.73
2011-10-25,612,7.01,7.29,7.46,6.96,61600,90320888.0,7.2,5.04,0.35,1.28
2011-10-26,612,7.21,7.29,7.41,7.17,50166,74362528.0,3.29,0.0,0.0,1.04
2011-10-27,612,7.26,7.35,7.46,7.25,37621,55973020.0,2.88,0.82,0.06,0.78
2011-10-28,612,7.5,7.51,7.64,7.48,59930,91369776.0,2.18,2.18,0.16,1.25
2011-10-31,612,7.46,7.42,7.51,7.38,36801,55416212.0,1.73,-1.2,-0.09,0.77
2011-11-01,612,7.29,7.35,7.49,7.29,33851,50632092.0,2.7,-0.94,-0.07,0.7
2011-11-02,612,7.21,7.39,7.39,7.05,60940,88950632.0,4.63,0.54,0.04,1.27
2011-11-03,612,7.41,7.5,7.74,7.41,76147,116606752.0,4.47,1.49,0.11,1.59
2011-11-04,612,7.57,7.65,7.81,7.57,75585,117064320.0,3.2,2.0,0.15,1.57
2011-11-07,612,7.62,7.54,7.65,7.49,37712,57583440.0,2.09,-1.44,-0.11,0.79
2011-11-08,612,7.57,7.5,7.66,7.46,40223,61576684.0,2.65,-0.53,-0.04,0.84
2011-11-09,612,7.51,7.62,7.63,7.41,34222,52155896.0,2.93,1.6,0.12,0.71
2011-11-10,612,7.5,7.42,7.55,7.41,37553,56777260.0,1.84,-2.62,-0.2,0.78
2011-11-11,612,7.46,7.36,7.51,7.34,20440,30788006.0,2.29,-0.81,-0.06,0.43
2011-11-14,612,7.46,7.59,7.61,7.46,37368,57075088.0,2.04,3.13,0.23,0.78
2011-11-15,612,7.58,7.61,7.65,7.54,31294,48034784.0,1.45,0.26,0.02,0.65
2011-11-16,612,7.63,7.35,7.65,7.32,39850,60122676.0,4.34,-3.42,-0.26,0.83
2011-11-17,612,7.35,7.31,7.44,7.29,20095,30012940.0,2.04,-0.54,-0.04,0.42
2011-11-18,612,7.23,7.04,7.23,7.02,28953,41950128.0,2.87,-3.69,-0.27,0.6
2011-11-21,612,7.06,7.07,7.14,7.01,15467,22273784.0,1.85,0.43,0.03,0.32
2011-11-22,612,7.01,6.94,7.07,6.84,25487,36067112.0,3.25,-1.84,-0.13,0.53
2011-11-23,612,6.95,6.8,6.99,6.79,27901,39240928.0,2.88,-2.02,-0.14,0.58
2011-11-24,612,6.72,6.86,6.91,6.65,25022,34782104.0,3.82,0.88,0.06,0.52
2011-11-25,612,6.85,6.76,6.94,6.74,29063,40602208.0,2.92,-1.46,-0.1,0.61
2011-11-28,612,6.77,6.79,6.85,6.66,33320,45980652.0,2.81,0.44,0.03,0.69
2011-11-29,612,6.85,6.95,6.96,6.8,43803,61519748.0,2.36,2.36,0.16,0.91
2011-11-30,612,6.89,6.51,6.92,6.47,44588,61027920.0,6.47,-6.33,-0.44,0.93
2011-12-01,612,6.8,6.75,7.07,6.71,64718,90531432.0,5.53,3.69,0.24,1.35
2011-12-02,612,6.69,6.54,6.71,6.45,34351,46222752.0,3.85,-3.11,-0.21,0.72
2011-12-05,612,6.59,6.31,6.61,6.29,34868,46124364.0,4.89,-3.52,-0.23,0.73
2011-12-06,612,6.37,6.37,6.39,6.27,22289,29114092.0,1.9,0.95,0.06,0.46
2011-12-07,612,6.35,6.34,6.42,6.3,19584,25689058.0,1.88,-0.47,-0.03,0.41
2011-12-08,612,6.34,6.21,6.35,6.13,31724,40928872.0,3.47,-2.05,-0.13,0.66
2011-12-09,612,6.11,6.14,6.21,6.09,18810,23934614.0,1.93,-1.13,-0.07,0.39
2011-12-12,612,6.14,6.04,6.17,6.01,19798,25074560.0,2.61,-1.63,-0.1,0.41
2011-12-13,612,6.02,5.77,6.02,5.74,28319,34526896.0,4.64,-4.47,-0.27,0.59
2011-12-14,612,5.74,5.65,5.81,5.62,15836,18980058.0,3.29,-2.08,-0.12,0.33
2011-12-15,612,5.56,5.06,5.6,5.01,86662,96307200.0,10.44,-10.44,-0.59,1.8
2011-12-16,612,5.07,5.21,5.21,4.91,59330,63803832.0,5.93,2.96,0.15,1.24
2011-12-19,612,5.13,5.07,5.13,4.8,59986,63850516.0,6.33,-2.69,-0.14,1.25
2011-12-20,612,5.03,5.1,5.19,4.99,45060,49030036.0,3.94,0.59,0.03,0.94
2011-12-21,612,5.15,4.9,5.22,4.87,45053,48740444.0,6.86,-3.92,-0.2,0.94
2011-12-22,612,4.79,4.91,5.02,4.6,48493,49806596.0,8.57,0.2,0.01,1.01
2011-12-23,612,4.85,4.99,5.1,4.75,34677,36832700.0,7.13,1.63,0.08,0.72
2011-12-26,612,4.9,4.94,5.06,4.87,23186,24624864.0,3.81,-1.0,-0.05,0.48
2011-12-27,612,4.9,4.75,4.94,4.72,26652,27515256.0,4.45,-3.85,-0.19,0.56
2011-12-28,612,4.76,4.96,4.96,4.63,42357,43710128.0,6.95,4.42,0.21,0.88
2011-12-29,612,4.87,5.02,5.1,4.87,57832,62083632.0,4.64,1.21,0.06,1.2
2011-12-30,612,5.0,5.11,5.17,5.0,52726,57177364.0,3.39,1.79,0.09,1.1
2012-01-04,612,5.17,4.97,5.22,4.97,42381,45865640.0,4.89,-2.74,-0.14,0.88
2012-01-05,612,4.95,4.66,4.95,4.63,41898,43075256.0,6.44,-6.24,-0.31,0.87
2012-01-06,612,4.65,4.84,4.86,4.6,32619,33136364.0,5.58,3.86,0.18,0.68
2012-01-09,612,4.84,5.41,5.41,4.75,139250,156257408.0,13.64,11.78,0.57,2.9
2012-01-10,612,5.45,5.79,5.95,5.42,205307,243246240.0,9.8,7.02,0.38,4.28
2012-01-11,612,5.74,5.81,5.87,5.62,128920,154280304.0,4.32,0.35,0.02,2.68
2012-01-12,612,5.73,5.94,6.18,5.68,144581,178383248.0,8.61,2.24,0.13,3.01
2012-01-13,612,5.9,5.72,5.95,5.56,110510,133286440.0,6.57,-3.7,-0.22,2.3
2012-01-16,612,5.6,5.49,5.72,5.45,63246,74063880.0,4.72,-4.02,-0.23,1.32
2012-01-17,612,5.55,6.13,6.13,5.49,117881,144906512.0,11.66,11.66,0.64,2.45
2012-01-18,612,6.84,6.56,6.84,6.54,394345,547289024.0,4.89,7.01,0.43,8.21
2012-01-19,612,6.51,6.66,6.76,6.41,211631,286800896.0,5.34,1.52,0.1,4.41
2012-01-20,612,6.64,6.51,6.72,6.43,125140,168169600.0,4.35,-2.25,-0.15,2.61
2012-01-30,612,6.59,6.35,6.62,6.3,111519,148446496.0,4.92,-2.46,-0.16,2.32
2012-01-31,612,6.39,6.45,6.59,6.31,101298,134892432.0,4.41,1.57,0.1,2.11
2012-02-01,612,6.37,6.22,6.46,6.15,96066,125207944.0,4.81,-3.57,-0.23,2.0
2012-02-02,612,6.28,6.5,6.56,6.24,104180,138034336.0,5.14,4.5,0.28,2.17
2012-02-03,612,6.45,6.5,6.56,6.3,98484,130744704.0,4.0,0.0,0.0,2.05
2012-02-06,612,6.57,6.41,6.61,6.31,94071,125238560.0,4.62,-1.38,-0.09,1.96
2012-02-07,612,6.35,6.5,6.56,6.21,114200,150089760.0,5.46,1.4,0.09,2.38
2012-02-08,612,6.45,7.04,7.22,6.4,218080,304254752.0,12.62,8.31,0.54,4.54
2012-02-09,612,6.96,6.84,6.97,6.77,169926,238685008.0,2.84,-2.84,-0.2,3.54
2012-02-10,612,6.83,6.76,6.94,6.72,95301,133020552.0,3.22,-1.17,-0.08,1.98
2012-02-13,612,6.67,6.83,6.95,6.59,93095,130018024.0,5.33,1.04,0.07,1.94
2012-02-14,612,6.81,6.74,6.82,6.63,86123,118533968.0,2.78,-1.32,-0.09,1.79
2012-02-15,612,6.71,6.92,7.04,6.67,130504,185134176.0,5.49,2.67,0.18,2.72
2012-02-16,612,6.85,6.79,6.91,6.71,89349,124408360.0,2.89,-1.88,-0.13,1.86
2012-02-17,612,6.84,6.84,6.89,6.72,55422,77151688.0,2.5,0.74,0.05,1.15
2012-02-20,612,6.96,6.7,6.96,6.68,135720,189356400.0,4.09,-2.05,-0.14,2.83
2012-02-21,612,6.7,6.77,6.78,6.51,92461,126270960.0,4.03,1.04,0.07,1.93
2012-02-22,612,6.77,6.83,6.87,6.69,102288,142157936.0,2.66,0.89,0.06,2.13
2012-02-23,612,6.84,6.99,7.1,6.74,168549,238396880.0,5.27,2.34,0.16,3.51
2012-02-24,612,6.95,7.04,7.05,6.88,151589,216103424.0,2.43,0.72,0.05,3.16
2012-02-27,612,7.11,7.03,7.39,7.02,184555,270157696.0,5.26,-0.14,-0.01,3.84
2012-02-28,612,6.92,6.91,6.99,6.8,108956,153423680.0,2.7,-1.71,-0.12,2.27
2012-02-29,612,6.89,6.92,7.13,6.83,100043,142523504.0,4.34,0.14,0.01,2.08
2012-03-01,612,6.81,6.86,6.95,6.77,54992,77261128.0,2.6,-0.87,-0.06,1.15
2012-03-02,612,6.89,6.99,7.06,6.87,76578,109130944.0,2.77,1.9,0.13,1.59
2012-03-05,612,7.0,7.07,7.2,6.93,127933,184445152.0,3.86,1.14,0.08,2.66
2012-03-06,612,7.04,6.88,7.07,6.85,80563,113786216.0,3.11,-2.69,-0.19,1.68
2012-03-07,612,6.76,6.7,6.84,6.68,69194,95901840.0,2.33,-2.62,-0.18,1.44
2012-03-08,612,6.71,6.85,6.93,6.71,52656,73705072.0,3.28,2.24,0.15,1.1
2012-03-12,612,6.92,6.99,7.06,6.89,84481,120287496.0,2.48,2.04,0.14,1.76
2012-03-13,612,6.96,7.05,7.09,6.87,85239,121556008.0,3.15,0.86,0.06,1.78
2012-03-14,612,7.11,6.64,7.16,6.62,146056,207357696.0,7.66,-5.82,-0.41,3.04
2012-03-15,612,6.64,6.41,6.69,6.25,85646,114231192.0,6.63,-3.46,-0.23,1.78
2012-03-16,612,6.49,6.62,6.62,6.34,59589,80006416.0,4.37,3.28,0.21,1.24
2012-03-19,612,6.74,6.84,6.84,6.66,68420,94722368.0,2.72,3.32,0.22,1.42
2012-03-20,612,6.82,6.61,6.82,6.59,60999,83362159.0,3.36,-3.36,-0.23,1.27
2012-03-21,612,6.65,6.92,7.27,6.6,141560,201395965.0,10.14,4.69,0.31,2.95
2012-03-22,612,6.85,6.89,7.0,6.8,63021,88576595.0,2.89,-0.43,-0.03,1.31
2012-03-23,612,6.82,6.69,6.92,6.65,52929,73543736.0,3.92,-2.9,-0.2,1.1
2012-03-26,612,6.66,6.81,6.88,6.61,40760,56306859.0,4.04,1.79,0.12,0.85
2012-03-27,612,6.92,6.87,7.02,6.82,69281,98104912.0,2.94,0.88,0.06,1.44
2012-03-28,612,6.79,6.49,6.79,6.41,62096,84109875.0,5.53,-5.53,-0.38,1.29
2012-03-29,612,6.43,6.18,6.44,6.15,48527,62851180.0,4.47,-4.78,-0.31,1.01
2012-03-30,612,6.18,6.01,6.27,5.91,41494,52366078.0,5.83,-2.75,-0.17,0.86
2012-04-05,612,6.01,6.22,6.27,5.96,37318,47457997.0,5.16,3.49,0.21,0.78
2012-04-09,612,6.13,6.1,6.29,6.07,29362,37511161.0,3.54,-1.93,-0.12,0.61
2012-04-10,612,6.03,6.17,6.2,5.89,35239,44251238.0,5.08,1.15,0.07,0.73
2012-04-11,612,6.1,6.16,6.22,6.07,29326,37337066.0,2.43,-0.16,-0.01,0.61
2012-04-12,612,6.1,6.35,6.42,6.09,60342,78258055.0,5.36,3.08,0.19,1.26
2012-04-13,612,6.35,6.37,6.49,6.3,52465,69164260.0,2.99,0.31,0.02,1.09
2012-04-16,612,6.29,6.3,6.36,6.22,31720,41266455.0,2.2,-1.1,-0.07,0.66
2012-04-17,612,6.35,6.21,6.38,6.21,31565,41005601.0,2.7,-1.43,-0.09,0.66
2012-04-18,612,6.27,6.38,6.41,6.22,44470,58177014.0,3.06,2.74,0.17,0.93
2012-04-19,612,6.34,6.33,6.41,6.32,32209,42269024.0,1.41,-0.78,-0.05,0.67
2012-04-20,612,6.3,6.41,6.47,6.3,58913,77874936.0,2.69,1.26,0.08,1.23
2012-04-23,612,6.4,6.31,6.48,6.26,41837,54880847.0,3.43,-1.56,-0.1,0.87
2012-04-24,612,6.21,6.17,6.34,5.96,52727,67115112.0,6.02,-2.22,-0.14,1.1
2012-04-25,612,6.1,6.25,6.28,6.1,28386,36505187.0,2.92,1.3,0.08,0.59
2012-04-26,612,6.24,6.49,6.74,6.24,120167,161313796.0,8.0,3.84,0.24,2.5
2012-04-27,612,6.49,6.35,6.51,6.31,48126,63439374.0,3.08,-2.16,-0.14,1.0
2012-05-02,612,6.46,6.7,6.79,6.36,120151,163792566.0,6.77,5.51,0.35,2.5
2012-05-03,612,6.66,6.79,6.88,6.62,103874,144205231.0,3.88,1.34,0.09,2.16
2012-05-04,612,6.74,6.75,6.81,6.64,52549,72375607.0,2.5,-0.59,-0.04,1.09
2012-05-07,612,6.69,6.76,7.01,6.63,69981,97526445.0,5.63,0.15,0.01,1.46
2012-05-08,612,6.8,6.66,6.8,6.57,59151,80718441.0,3.4,-1.48,-0.1,1.23
2012-05-09,612,6.59,6.47,6.59,6.46,43791,58620872.0,1.95,-2.85,-0.19,0.91
2012-05-10,612,6.46,6.5,6.6,6.45,29745,39897029.0,2.32,0.46,0.03,0.62
2012-05-11,612,6.52,6.43,6.6,6.42,32256,43136778.0,2.77,-1.08,-0.07,0.67
2012-05-14,612,6.49,6.29,6.51,6.27,39679,52557922.0,3.73,-2.18,-0.14,0.83
2012-05-15,612,6.23,6.13,6.23,6.06,53031,67242312.0,2.7,-2.54,-0.16,1.1
2012-05-16,612,6.16,6.1,6.17,6.07,28534,36225883.0,1.63,-0.49,-0.03,0.59
2012-05-17,612,6.12,6.21,6.22,6.02,35543,45297724.0,3.28,1.8,0.11,0.74
2012-05-18,612,6.15,6.02,6.15,6.0,29171,36751515.0,2.42,-3.06,-0.19,0.61
2012-05-21,612,6.01,6.12,6.16,6.01,19363,24481165.0,2.49,1.66,0.1,0.4
2012-05-22,612,6.14,6.21,6.24,6.13,28850,37026668.0,1.8,1.47,0.09,0.6
2012-05-23,612,6.17,6.11,6.21,6.05,27181,34507613.0,2.58,-1.61,-0.1,0.57
2012-05-24,612,6.08,6.08,6.17,6.01,25819,32592963.0,2.62,-0.49,-0.03,0.54
2012-05-25,612,6.07,6.0,6.11,5.96,22467,28119943.0,2.47,-1.32,-0.08,0.47
2012-05-28,612,5.97,6.15,6.19,5.82,36100,45280450.0,6.17,2.5,0.15,0.75
2012-05-29,612,6.1,6.25,6.32,6.09,63419,81691778.0,3.74,1.63,0.1,1.32
2012-05-30,612,6.21,6.2,6.28,6.19,27686,35600702.0,1.44,-0.8,-0.05,0.58
2012-05-31,612,6.13,6.15,6.21,6.05,30972,39290747.0,2.58,-0.81,-0.05,0.65
2012-06-01,612,6.15,6.17,6.31,6.14,27311,35170299.0,2.76,0.33,0.02,0.57
2012-06-04,612,5.99,5.86,6.06,5.85,36273,45042139.0,3.4,-5.02,-0.31,0.76
2012-06-05,612,5.85,5.85,5.95,5.85,20753,25431655.0,1.71,-0.17,-0.01,0.43
2012-06-06,612,5.86,5.85,6.03,5.84,26893,33227206.0,3.25,0.0,0.0,0.56
2012-06-07,612,5.93,5.83,5.97,5.8,19546,23976409.0,2.91,-0.34,-0.02,0.41
2012-06-08,612,5.96,5.85,5.97,5.8,14844,18176643.0,2.92,0.34,0.02,0.31
2012-06-11,612,5.87,5.97,6.01,5.85,17187,21259938.0,2.74,2.05,0.12,0.36
2012-06-12,612,5.93,5.85,5.95,5.82,19051,23301472.0,2.18,-2.01,-0.12,0.4
2012-06-13,612,5.85,5.94,5.95,5.84,20254,24963649.0,1.88,1.54,0.09,0.42
2012-06-14,612,5.99,5.97,6.07,5.96,32617,40750941.0,1.85,0.51,0.03,0.68
2012-06-15,612,5.97,5.97,6.0,5.86,21481,26551320.0,2.35,0.0,0.0,0.45
2012-06-18,612,5.99,6.06,6.18,5.99,37463,47404250.0,3.18,1.51,0.09,0.78
2012-06-19,612,6.03,5.96,6.05,5.94,14661,18244764.0,1.82,-1.65,-0.1,0.31
2012-06-20,612,5.97,5.95,6.02,5.94,14120,17573540.0,1.34,-0.17,-0.01,0.29
2012-06-21,612,5.93,5.79,5.93,5.77,18415,22386831.0,2.69,-2.69,-0.16,0.38
2012-06-25,612,5.71,5.5,5.72,5.49,21404,25202532.0,3.97,-5.01,-0.29,0.45
2012-06-26,612,5.49,5.46,5.55,5.35,20402,23445911.0,3.64,-0.73,-0.04,0.42
2012-06-27,612,5.5,5.39,5.52,5.37,13139,15064016.0,2.75,-1.28,-0.07,0.27
2012-06-29,612,5.29,5.52,5.55,5.14,35323,39892464.0,7.61,2.41,0.13,0.74
2012-07-02,612,5.57,5.51,5.61,5.47,21854,25459842.0,2.54,-0.18,-0.01,0.46
2012-07-03,612,5.46,5.48,5.57,5.46,13330,15472721.0,2.0,-0.54,-0.03,0.28
2012-07-04,612,5.54,5.46,5.6,5.45,11801,13685601.0,2.74,-0.36,-0.02,0.25
2012-07-05,612,5.46,5.31,5.46,5.25,15790,17798457.0,3.85,-2.75,-0.15,0.33
2012-07-06,612,5.4,5.46,5.49,5.31,19516,22263824.0,3.39,2.82,0.15,0.41
2012-07-09,612,5.45,5.18,5.45,5.18,21140,23757362.0,4.95,-5.13,-0.28,0.44
2012-07-10,612,5.19,5.17,5.26,5.08,15336,16869225.0,3.47,-0.19,-0.01,0.32
2012-07-11,612,5.18,5.28,5.31,5.12,14084,15701512.0,3.68,2.13,0.11,0.29
2012-07-12,612,5.21,5.42,5.49,5.17,28308,32095193.0,6.06,2.65,0.14,0.59
2012-07-13,612,5.39,5.39,5.46,5.31,17876,20319064.0,2.77,-0.55,-0.03,0.37
2012-07-16,612,5.39,5.13,5.39,5.12,20281,22410515.0,5.01,-4.82,-0.26,0.42
2012-07-17,612,5.15,5.17,5.25,5.12,13899,15280414.0,2.53,0.78,0.04,0.29
2012-07-18,612,5.12,5.23,5.23,5.01,17955,19574934.0,4.26,1.16,0.06,0.37
2012-07-19,612,5.22,5.27,5.34,5.19,19518,21814174.0,2.87,0.76,0.04,0.41
2012-07-20,612,5.27,5.22,5.3,5.17,12654,14012924.0,2.47,-0.95,-0.05,0.26
2012-07-23,612,5.18,5.12,5.21,5.1,10701,11697301.0,2.11,-1.92,-0.1,0.22
2012-07-24,612,5.07,5.15,5.18,5.07,10843,11827216.0,2.15,0.59,0.03,0.23
2012-07-25,612,5.15,5.05,5.16,5.04,13921,15119308.0,2.33,-1.94,-0.1,0.29
2012-07-26,612,5.06,5.05,5.21,5.04,16654,18094088.0,3.37,0.0,0.0,0.35
2012-07-27,612,5.1,5.08,5.14,5.04,14210,15390593.0,1.98,0.59,0.03,0.3
2012-07-30,612,5.08,5.04,5.14,4.96,13301,14355232.0,3.54,-0.79,-0.04,0.28
2012-07-31,612,5.03,4.95,5.06,4.91,12714,13487111.0,2.98,-1.79,-0.09,0.26
2012-08-01,612,4.95,5.02,5.1,4.91,11276,12098956.0,3.84,1.41,0.07,0.23
2012-08-02,612,4.99,4.97,5.02,4.94,10455,11119692.0,1.59,-1.0,-0.05,0.22
2012-08-03,612,5.0,5.1,5.11,4.97,14932,16114465.0,2.82,2.62,0.13,0.31
2012-08-06,612,5.11,5.29,5.29,5.08,30282,33396100.0,4.12,3.73,0.19,0.63
2012-08-07,612,5.26,5.32,5.36,5.22,28346,31813253.0,2.65,0.57,0.03,0.59
2012-08-08,612,5.32,5.28,5.49,5.25,31437,35618037.0,4.51,-0.75,-0.04,0.65
2012-08-09,612,5.29,5.3,5.32,5.18,25346,28201473.0,2.65,0.38,0.02,0.53
2012-08-10,612,5.29,5.22,5.31,5.21,14529,16150245.0,1.89,-1.51,-0.08,0.3
2012-08-13,612,5.23,5.12,5.25,5.12,15726,17321782.0,2.49,-1.92,-0.1,0.33
2012-08-14,612,5.13,5.21,5.21,5.01,18881,20582716.0,3.91,1.76,0.09,0.39
2012-08-15,612,5.21,5.12,5.21,5.12,14289,15696837.0,1.73,-1.73,-0.09,0.3
2012-08-16,612,5.11,5.16,5.21,5.07,13458,14784208.0,2.73,0.78,0.04,0.28
2012-08-17,612,5.16,5.19,5.21,5.11,9929,10904058.0,1.94,0.58,0.03,0.21
2012-08-20,612,5.18,5.17,5.21,5.08,10531,11521195.0,2.5,-0.39,-0.02,0.22
2012-08-21,612,5.15,5.18,5.22,5.1,22318,24535886.0,2.32,0.19,0.01,0.46
2012-08-22,612,5.2,5.1,5.22,5.07,14922,16347968.0,2.9,-1.54,-0.08,0.31
2012-08-23,612,5.1,5.19,5.28,5.07,16103,17746661.0,4.12,1.76,0.09,0.34
2012-08-24,612,5.15,5.02,5.15,5.02,17032,18414798.0,2.5,-3.28,-0.17,0.35
2012-08-27,612,4.99,4.89,5.04,4.89,13250,14009214.0,2.99,-2.59,-0.13,0.28
2012-08-28,612,4.89,4.89,4.96,4.84,12647,13250472.0,2.45,0.0,0.0,0.26
2012-08-29,612,4.9,4.8,4.91,4.79,10641,11058373.0,2.45,-1.84,-0.09,0.22
2012-08-30,612,4.79,4.71,4.84,4.7,11660,11930988.0,2.92,-1.88,-0.09,0.24
2012-08-31,612,4.68,4.71,4.73,4.68,10022,10176726.0,1.06,0.0,0.0,0.21
2012-09-03,612,4.7,4.77,4.81,4.69,10562,10832068.0,2.55,1.27,0.06,0.22
2012-09-04,612,4.78,4.67,4.85,4.65,18759,19093828.0,4.19,-2.1,-0.1,0.39
2012-09-05,612,4.67,4.67,4.75,4.65,11805,11961062.0,2.14,0.0,0.0,0.25
2012-09-06,612,4.75,4.73,4.75,4.69,13263,13491894.0,1.28,1.28,0.06,0.28
2012-09-07,612,4.78,5.04,5.1,4.77,47595,50628410.0,6.98,6.55,0.31,0.99
2012-09-10,612,5.09,5.15,5.27,5.01,48426,53167990.0,5.16,2.18,0.11,1.01
2012-09-11,612,5.14,5.09,5.14,5.04,22830,24696656.0,1.94,-1.17,-0.06,0.48
2012-09-12,612,5.14,5.26,5.35,5.14,39925,44400892.0,4.13,3.34,0.17,0.83
2012-09-13,612,5.19,5.12,5.27,5.11,17861,19648754.0,3.04,-2.66,-0.14,0.37
2012-09-14,612,5.34,5.23,5.5,5.2,41053,46120331.0,5.86,2.15,0.11,0.85
2012-09-17,612,5.2,4.99,5.32,4.96,35236,38529685.0,6.88,-4.59,-0.24,0.73
2012-09-18,612,4.94,4.91,4.98,4.86,16575,17474136.0,2.4,-1.6,-0.08,0.35
2012-09-19,612,4.92,5.02,5.04,4.87,16275,17238268.0,3.46,2.24,0.11,0.34
2012-09-20,612,5.01,4.83,5.01,4.82,14931,15677062.0,3.78,-3.78,-0.19,0.31
2012-09-21,612,4.9,4.9,5.02,4.83,18982,20001425.0,3.93,1.45,0.07,0.4
2012-09-24,612,4.85,4.86,4.96,4.72,30279,31444330.0,4.9,-0.82,-0.04,0.63
2012-09-25,612,4.91,4.74,4.91,4.71,24105,24749614.0,4.12,-2.47,-0.12,0.5
2012-09-26,612,4.74,4.65,4.77,4.64,17632,17806398.0,2.74,-1.9,-0.09,0.37
2012-09-27,612,4.64,4.87,4.93,4.63,26467,27315926.0,6.45,4.73,0.22,0.55
2012-09-28,612,4.83,5.0,5.0,4.8,29766,31398781.0,4.11,2.67,0.13,0.62
2012-10-08,612,4.98,4.86,5.02,4.82,22647,23748778.0,4.0,-2.8,-0.14,0.47
2012-10-09,612,4.91,5.0,5.0,4.9,22687,24097471.0,2.06,2.88,0.14,0.47
2012-10-10,612,4.96,5.07,5.09,4.94,24194,25798629.0,3.0,1.4,0.07,0.5
2012-10-11,612,5.03,5.04,5.26,4.96,42776,46515365.0,5.92,-0.59,-0.03,0.89
2012-10-12,612,5.01,5.0,5.1,4.91,24198,25858476.0,3.77,-0.79,-0.04,0.5
2012-10-15,612,4.96,4.89,4.97,4.84,15514,16197800.0,2.6,-2.2,-0.11,0.32
2012-10-16,612,4.89,4.88,4.93,4.85,10867,11402713.0,1.64,-0.2,-0.01,0.23
2012-10-17,612,4.9,4.9,4.94,4.84,11574,12144066.0,2.05,0.41,0.02,0.24
2012-10-18,612,4.93,5.01,5.02,4.93,18001,19180901.0,1.84,2.24,0.11,0.37
2012-10-19,612,5.0,5.02,5.07,4.97,15673,16765167.0,2.0,0.2,0.01,0.33
2012-10-22,612,4.96,4.97,5.01,4.89,15493,16356792.0,2.39,-1.0,-0.05,0.32
2012-10-23,612,4.96,4.89,4.99,4.89,16556,17453896.0,2.01,-1.61,-0.08,0.34
2012-10-24,612,4.85,4.84,4.91,4.81,19871,20683011.0,2.04,-1.02,-0.05,0.41
2012-10-25,612,4.84,4.83,4.96,4.82,14771,15428856.0,2.89,-0.21,-0.01,0.31
2012-10-26,612,4.83,4.72,4.83,4.69,18616,18993407.0,2.9,-2.28,-0.11,0.39
2012-10-29,612,4.72,4.71,4.76,4.69,8692,8851886.0,1.48,-0.21,-0.01,0.18
2012-10-30,612,4.74,4.73,4.78,4.71,8105,8254876.0,1.49,0.42,0.02,0.17
2012-10-31,612,4.73,4.77,4.77,4.71,6988,7140977.0,1.27,0.85,0.04,0.15
2012-11-01,612,4.79,4.88,4.91,4.78,16865,17601946.0,2.73,2.31,0.11,0.35
2012-11-02,612,4.85,4.86,4.93,4.83,10274,10732121.0,2.05,-0.41,-0.02,0.21
2012-11-05,612,4.85,4.89,4.96,4.85,19513,20517715.0,2.26,0.62,0.03,0.41
2012-11-06,612,4.93,4.95,4.97,4.8,17168,17958119.0,3.48,1.23,0.06,0.36
2012-11-07,612,4.95,4.99,5.06,4.87,33024,35150326.0,3.84,0.81,0.04,0.69
2012-11-08,612,4.9,4.78,4.91,4.78,18349,19089543.0,2.61,-4.21,-0.21,0.38
2012-11-09,612,4.79,4.81,4.85,4.74,8922,9194519.0,2.3,0.63,0.03,0.19
2012-11-12,612,4.86,5.07,5.3,4.79,23264,24942661.0,10.6,5.41,0.26,0.48
2012-11-13,612,5.07,4.9,5.1,4.88,22423,23803981.0,4.34,-3.35,-0.17,0.47
2012-11-14,612,4.96,5.09,5.23,4.93,63024,68390060.0,6.12,3.88,0.19,1.31
2012-11-15,612,5.01,5.02,5.11,4.94,37539,40296960.0,3.34,-1.38,-0.07,0.78
2012-11-16,612,4.97,4.97,5.09,4.94,32410,34674147.0,2.99,-1.0,-0.05,0.67
2012-11-19,612,4.96,4.76,4.97,4.67,43110,44288510.0,6.04,-4.23,-0.21,0.9
2012-11-20,612,4.77,4.57,4.82,4.57,38491,38816155.0,5.25,-3.99,-0.19,0.8
2012-11-21,612,4.57,4.61,4.66,4.39,47404,46623105.0,5.91,0.88,0.04,0.99
2012-11-22,612,4.58,4.51,4.59,4.5,16629,16327970.0,1.95,-2.17,-0.1,0.35
2012-11-23,612,4.54,4.53,4.59,4.52,11586,11440206.0,1.55,0.44,0.02,0.24
2012-11-26,612,4.53,4.5,4.55,4.49,11922,11691459.0,1.32,-0.66,-0.03,0.25
2012-11-27,612,4.49,4.25,4.49,4.24,29472,27818786.0,5.56,-5.56,-0.25,0.61
2012-11-28,612,4.24,4.11,4.29,4.06,22521,20541265.0,5.41,-3.29,-0.14,0.47
2012-11-29,612,4.14,4.05,4.15,4.04,16359,14838726.0,2.68,-1.46,-0.06,0.34
2012-11-30,612,4.05,4.11,4.14,4.03,16445,14859263.0,2.72,1.48,0.06,0.34
2012-12-03,612,4.12,3.96,4.14,3.95,15401,13832884.0,4.62,-3.65,-0.15,0.32
2012-12-04,612,3.96,4.09,4.1,3.92,15980,14146239.0,4.55,3.28,0.13,0.33
2012-12-05,612,4.08,4.31,4.35,4.06,33857,31697728.0,7.09,5.38,0.22,0.71
2012-12-06,612,4.27,4.26,4.37,4.24,16279,15301039.0,3.02,-1.16,-0.05,0.34
2012-12-07,612,4.26,4.36,4.4,4.24,26723,25392465.0,3.76,2.35,0.1,0.56
2012-12-10,612,4.64,4.64,4.81,4.52,69767,70333411.0,6.65,6.42,0.28,1.45
2012-12-11,612,4.56,4.64,4.73,4.55,33770,33978442.0,3.88,0.0,0.0,0.7
2012-12-12,612,4.64,4.6,4.65,4.55,23539,23374839.0,2.16,-0.86,-0.04,0.49
2012-12-13,612,4.61,4.45,4.63,4.41,32360,31732235.0,4.78,-3.26,-0.15,0.67
2012-12-14,612,4.46,4.72,4.75,4.46,59325,59496504.0,6.52,6.07,0.27,1.24
2012-12-17,612,4.76,4.71,4.92,4.69,70602,72744756.0,4.87,-0.21,-0.01,1.47
2012-12-18,612,4.7,4.72,4.85,4.6,61961,62887157.0,5.31,0.21,0.01,1.29
2012-12-19,612,4.68,4.7,4.75,4.64,40391,40953436.0,2.33,-0.42,-0.02,0.84
2012-12-20,612,4.66,4.75,4.79,4.54,64967,65316580.0,5.32,1.06,0.05,1.35
2012-12-21,612,4.72,4.69,4.86,4.65,49922,50993436.0,4.42,-1.26,-0.06,1.04
2012-12-24,612,4.67,4.66,4.71,4.6,29344,29530574.0,2.35,-0.64,-0.03,0.61
2012-12-25,612,4.66,4.82,4.95,4.57,80601,82980697.0,8.15,3.43,0.16,1.68
2012-12-26,612,4.84,4.93,5.02,4.79,83275,87538364.0,4.77,2.28,0.11,1.73
2012-12-27,612,5.07,4.85,5.1,4.82,56967,59910977.0,5.68,-1.62,-0.08,1.19
2012-12-28,612,4.82,5.02,5.17,4.82,82011,86921784.0,7.22,3.51,0.17,1.71
2012-12-31,612,5.04,5.09,5.19,4.97,84598,91744454.0,4.38,1.39,0.07,1.76
2013-01-04,612,5.15,5.21,5.36,5.07,115717,128131593.0,5.7,2.36,0.12,2.41
2013-01-07,612,5.21,5.13,5.22,5.05,60692,66131199.0,3.26,-1.54,-0.08,1.26
2013-01-08,612,5.14,5.1,5.16,5.02,60250,65351792.0,2.73,-0.58,-0.03,1.25
2013-01-09,612,5.06,5.12,5.2,5.02,58349,63423484.0,3.53,0.39,0.02,1.22
2013-01-10,612,5.15,5.11,5.21,5.05,53833,58703323.0,3.13,-0.2,-0.01,1.12
2013-01-11,612,5.18,4.93,5.22,4.85,72345,77347053.0,7.24,-3.52,-0.18,1.51
2013-01-14,612,4.9,5.09,5.15,4.85,65240,69808987.0,6.09,3.25,0.16,1.36
2013-01-15,612,5.1,5.17,5.26,5.07,78992,86598361.0,3.73,1.57,0.08,1.65
2013-01-16,612,5.18,5.23,5.35,5.14,121969,135254400.0,4.06,1.16,0.06,2.54
2013-01-17,612,5.5,5.13,5.54,5.12,94617,106002981.0,8.03,-1.91,-0.1,1.97
2013-01-18,612,5.21,5.17,5.23,5.05,63242,69238259.0,3.51,0.78,0.04,1.32
2013-01-21,612,5.17,5.13,5.22,5.09,57408,62632627.0,2.51,-0.77,-0.04,1.2
2013-01-22,612,5.15,5.06,5.17,5.04,51327,55761610.0,2.53,-1.36,-0.07,1.07
2013-01-23,612,5.04,5.06,5.14,4.96,38728,41666338.0,3.56,0.0,0.0,0.81
2013-01-24,612,5.12,5.06,5.28,4.96,97787,106879898.0,6.32,0.0,0.0,2.04
2013-01-25,612,5.0,4.99,5.03,4.91,57987,61554163.0,2.37,-1.38,-0.07,1.21
2013-01-28,612,4.95,5.1,5.12,4.95,49616,53393129.0,3.41,2.2,0.11,1.03
2013-01-29,612,5.27,5.26,5.37,5.19,113885,126720433.0,3.53,3.14,0.16,2.37
2013-01-30,612,5.25,5.24,5.32,5.17,67858,75557806.0,2.85,-0.38,-0.02,1.41
2013-01-31,612,5.1,5.17,5.33,5.02,111883,123985662.0,5.92,-1.34,-0.07,2.33
2013-02-01,612,5.12,5.12,5.14,5.0,64174,69338490.0,2.71,-0.97,-0.05,1.34
2013-02-04,612,5.17,5.34,5.5,5.14,146461,164827396.0,7.03,4.3,0.22,3.05
2013-02-05,612,5.32,5.41,5.57,5.26,185820,213004154.0,5.81,1.31,0.07,3.87
2013-02-06,612,5.45,5.36,5.54,5.36,95120,109062095.0,3.33,-0.92,-0.05,1.98
2013-02-07,612,5.47,5.54,5.71,5.42,156232,182696262.0,5.41,3.36,0.18,3.25
2013-02-08,612,5.61,5.53,5.62,5.49,54235,63136264.0,2.35,-0.18,-0.01,1.13
2013-02-18,612,5.62,5.4,5.62,5.38,72275,83281086.0,4.34,-2.35,-0.13,1.51
2013-02-19,612,5.35,5.21,5.42,5.18,59566,66386600.0,4.44,-3.52,-0.19,1.24
2013-02-20,612,5.24,5.29,5.3,5.2,38846,43233716.0,1.92,1.54,0.08,0.81
2013-02-21,612,5.21,5.03,5.21,4.97,64182,69131249.0,4.54,-4.91,-0.26,1.34
2013-02-22,612,4.99,5.01,5.07,4.99,25657,27518425.0,1.59,-0.4,-0.02,0.53
2013-02-25,612,5.07,4.97,5.07,4.95,29904,31885869.0,2.4,-0.8,-0.04,0.62
2013-02-26,612,4.96,4.78,4.96,4.76,54515,56961756.0,4.02,-3.82,-0.19,1.14
2013-02-27,612,4.79,4.77,4.87,4.74,33418,34488711.0,2.72,-0.21,-0.01,0.7
2013-02-28,612,4.84,4.93,4.94,4.78,33996,35529009.0,3.35,3.35,0.16,0.71
2013-03-01,612,4.94,4.86,4.94,4.79,61377,63669657.0,3.04,-1.42,-0.07,1.28
2013-03-04,612,4.78,4.61,4.78,4.57,58504,58782919.0,4.32,-5.14,-0.25,1.22
2013-03-05,612,4.61,4.69,4.69,4.6,27367,27539683.0,1.95,1.74,0.08,0.57
2013-03-06,612,4.74,4.77,4.82,4.68,37463,38285861.0,2.99,1.71,0.08,0.78
2013-03-07,612,4.77,4.78,4.88,4.71,43376,44731678.0,3.56,0.21,0.01,0.9
2013-03-08,612,4.77,4.73,4.8,4.72,19642,20092026.0,1.67,-1.05,-0.05,0.41
2013-03-11,612,4.69,4.73,4.77,4.66,20859,21214377.0,2.33,0.0,0.0,0.43
2013-03-12,612,4.74,4.62,4.79,4.57,29093,29272871.0,4.65,-2.33,-0.11,0.61
2013-03-13,612,4.62,4.66,4.72,4.6,23344,23462943.0,2.6,0.87,0.04,0.49
2013-03-14,612,4.64,4.64,4.66,4.57,16357,16353920.0,1.93,-0.43,-0.02,0.34
2013-03-15,612,4.66,4.64,4.71,4.57,25035,25131230.0,3.02,0.0,0.0,0.52
2013-03-18,612,4.6,4.42,4.6,4.42,25379,24807332.0,3.88,-4.74,-0.22,0.53
2013-03-19,612,4.41,4.44,4.47,4.39,19852,19179137.0,1.81,0.45,0.02,0.41
2013-03-20,612,4.42,4.58,4.59,4.42,28310,27769663.0,3.83,3.15,0.14,0.59
2013-03-21,612,4.57,4.59,4.62,4.55,28109,27935016.0,1.53,0.22,0.01,0.59
2013-03-22,612,4.57,4.62,4.64,4.55,27361,27188961.0,1.96,0.65,0.03,0.57
2013-03-25,612,4.61,4.61,4.65,4.58,25046,24983223.0,1.52,-0.22,-0.01,0.52
2013-03-26,612,4.61,4.45,4.61,4.43,27184,26433303.0,3.9,-3.47,-0.16,0.57
2013-03-27,612,4.45,4.46,4.54,4.43,17346,16885263.0,2.47,0.22,0.01,0.36
2013-03-28,612,4.45,4.28,4.45,4.28,29679,28075944.0,3.81,-4.04,-0.18,0.62
2013-03-29,612,4.25,4.29,4.36,4.25,17296,16322245.0,2.57,0.23,0.01,0.36
2013-04-01,612,4.28,4.3,4.4,4.28,15195,14432212.0,2.8,0.23,0.01,0.32
2013-04-02,612,4.29,4.32,4.39,4.29,16290,15374537.0,2.33,0.47,0.02,0.34
2013-04-03,612,4.34,4.33,4.36,4.27,16033,15164727.0,2.08,0.23,0.01,0.33
2013-04-08,612,4.27,4.24,4.27,4.18,18919,17511046.0,2.08,-2.08,-0.09,0.39
2013-04-09,612,4.24,4.35,4.38,4.24,22418,21249135.0,3.3,2.59,0.11,0.47
2013-04-10,612,4.47,4.87,4.87,4.47,100434,103510664.0,9.2,11.95,0.52,2.09
2013-04-11,612,4.84,4.67,4.84,4.64,107013,108730933.0,4.11,-4.11,-0.2,2.23
2013-04-12,612,4.67,4.62,4.74,4.6,53006,53400420.0,3.0,-1.07,-0.05,1.1
2013-04-15,612,4.54,4.56,4.69,4.47,48570,48016919.0,4.76,-1.3,-0.06,1.01
2013-04-16,612,4.49,4.56,4.56,4.36,46236,44889159.0,4.39,0.0,0.0,0.96
2013-04-17,612,4.52,4.53,4.62,4.46,36188,35605632.0,3.51,-0.66,-0.03,0.75
2013-04-18,612,4.45,4.46,4.55,4.42,28422,27699258.0,2.87,-1.55,-0.07,0.59
2013-04-19,612,4.5,4.65,4.66,4.47,61567,61417914.0,4.26,4.26,0.19,1.28
2013-04-22,612,4.59,4.57,4.62,4.52,39351,38961252.0,2.15,-1.72,-0.08,0.82
2013-04-23,612,4.58,4.34,4.59,4.32,47492,45552257.0,5.91,-5.03,-0.23,0.99
2013-04-24,612,4.35,4.43,4.45,4.32,31872,30515636.0,3.0,2.07,0.09,0.66
2013-04-25,612,4.43,4.46,4.52,4.33,41495,40140587.0,4.29,0.68,0.03,0.86
2013-04-26,612,4.54,4.36,4.55,4.34,31320,30244512.0,4.71,-2.24,-0.1,0.65
2013-05-02,612,4.3,4.27,4.34,4.18,23841,22266431.0,3.67,-2.06,-0.09,0.5
2013-05-03,612,4.34,4.51,4.64,4.33,61441,60215065.0,7.26,5.62,0.24,1.28
2013-05-06,612,4.57,4.62,4.7,4.57,69441,69412050.0,2.88,2.44,0.11,1.45
2013-05-07,612,4.57,4.62,4.73,4.54,61371,61579226.0,4.11,0.0,0.0,1.28
2013-05-08,612,4.66,4.62,4.7,4.57,37699,37588902.0,2.81,0.0,0.0,0.79
2013-05-09,612,4.63,4.62,4.65,4.55,35939,35744857.0,2.16,0.0,0.0,0.75
2013-05-10,612,4.6,4.65,4.67,4.56,40954,40939593.0,2.38,0.65,0.03,0.85
2013-05-13,612,4.65,4.63,4.69,4.57,31331,31284292.0,2.58,-0.43,-0.02,0.65
2013-05-14,612,4.64,4.81,4.82,4.57,98246,100211669.0,5.4,3.89,0.18,2.05
2013-05-15,612,4.75,4.75,4.8,4.69,56248,57447252.0,2.29,-1.25,-0.06,1.17
2013-05-16,612,4.76,4.79,4.84,4.67,50252,51555147.0,3.58,0.84,0.04,1.05
2013-05-17,612,4.77,4.89,4.93,4.76,70115,72727388.0,3.55,2.09,0.1,1.46
2013-05-20,612,4.87,4.85,4.95,4.82,64150,67098992.0,2.66,-0.82,-0.04,1.34
2013-05-21,612,4.86,4.87,4.94,4.82,56979,59551845.0,2.47,0.41,0.02,1.19
2013-05-22,612,4.87,4.91,4.93,4.78,64594,67328837.0,3.08,0.82,0.04,1.35
2013-05-23,612,4.88,4.74,4.91,4.74,64079,66279412.0,3.46,-3.46,-0.17,1.33
2013-05-24,612,4.74,4.8,4.82,4.67,42818,43870833.0,3.16,1.27,0.06,0.89
2013-05-27,612,4.76,4.74,4.83,4.71,42893,43943551.0,2.5,-1.25,-0.06,0.89
2013-05-28,612,4.74,4.96,5.0,4.69,90817,94569599.0,6.54,4.64,0.22,1.89
2013-05-29,612,4.95,4.94,5.0,4.9,70601,74639809.0,2.02,-0.4,-0.02,1.47
2013-05-30,612,4.97,4.91,4.99,4.88,44163,46577500.0,2.23,-0.61,-0.03,0.92
2013-05-31,612,5.04,4.88,5.04,4.88,66127,70159768.0,3.26,-0.61,-0.03,1.38
2013-06-03,612,4.85,4.9,4.92,4.8,40343,42074881.0,2.46,0.41,0.02,0.84
2013-06-04,612,4.9,4.79,4.95,4.78,44236,46044838.0,3.47,-2.24,-0.11,0.92
2013-06-05,612,4.82,4.99,5.01,4.75,89461,94521363.0,5.43,4.18,0.2,1.86
2013-06-06,612,4.91,4.93,5.05,4.91,67115,71472204.0,2.81,-1.2,-0.06,1.4
2013-06-07,612,4.95,4.77,4.97,4.75,45131,46878239.0,4.46,-3.25,-0.16,0.94
2013-06-13,612,4.65,4.4,4.65,4.3,41522,40050569.0,7.34,-7.76,-0.37,0.86
2013-06-14,612,4.45,4.39,4.47,4.35,24988,24032015.0,2.73,-0.23,-0.01,0.52
2013-06-17,612,4.4,4.5,4.55,4.28,51643,49905059.0,6.15,2.51,0.11,1.08
2013-06-18,612,4.46,4.47,4.51,4.39,30204,29237821.0,2.67,-0.67,-0.03,0.63
2013-06-19,612,4.42,4.55,4.55,4.39,28830,27977815.0,3.58,1.79,0.08,0.6
2013-06-20,612,4.47,4.35,4.5,4.35,22380,21611265.0,3.3,-4.4,-0.2,0.47
2013-06-21,612,4.26,4.32,4.37,4.2,20234,19070201.0,3.91,-0.69,-0.03,0.42
2013-06-24,612,4.32,3.95,4.32,3.85,31339,28271741.0,10.88,-8.56,-0.37,0.65
2013-06-25,612,3.96,3.85,4.02,3.52,33853,28730428.0,12.66,-2.53,-0.1,0.71
2013-06-26,612,3.87,3.81,3.93,3.75,27025,23097854.0,4.68,-1.04,-0.04,0.56
2013-06-27,612,3.82,3.79,4.0,3.79,30041,25984106.0,5.51,-0.52,-0.02,0.63
2013-06-28,612,3.72,3.77,3.9,3.69,22852,19420491.0,5.54,-0.53,-0.02,0.48
2013-07-01,612,3.77,3.88,3.9,3.7,26044,22404111.0,5.31,2.92,0.11,0.54
2013-07-02,612,3.85,3.87,3.92,3.82,18265,15745067.0,2.58,-0.26,-0.01,0.38
2013-07-03,612,3.85,3.79,3.85,3.71,21372,18096198.0,3.62,-2.07,-0.08,0.45
2013-07-04,612,3.75,3.91,4.0,3.72,40580,35220718.0,7.39,3.17,0.12,0.85
2013-07-05,612,3.9,3.94,4.05,3.87,43900,38724030.0,4.6,0.77,0.03,0.91
2013-07-08,612,3.86,3.67,3.86,3.66,31040,26188283.0,5.08,-6.85,-0.27,0.65
2013-07-09,612,3.61,3.71,3.78,3.61,17174,14394588.0,4.63,1.09,0.04,0.36
2013-07-10,612,3.76,3.9,3.93,3.73,31697,27233765.0,5.39,5.12,0.19,0.66
2013-07-11,612,3.9,4.09,4.16,3.9,57359,51393042.0,6.67,4.87,0.19,1.19
2013-07-12,612,4.04,3.95,4.09,3.94,39792,35313210.0,3.67,-3.42,-0.14,0.83
2013-07-15,612,4.04,4.06,4.14,4.0,33350,30011647.0,3.54,2.78,0.11,0.69
2013-07-16,612,4.06,4.09,4.11,3.99,23290,20900919.0,2.96,0.74,0.03,0.49
2013-07-17,612,4.09,3.98,4.1,3.97,22647,20254966.0,3.18,-2.69,-0.11,0.47
2013-07-18,612,3.95,3.89,3.97,3.88,18775,16349318.0,2.26,-2.26,-0.09,0.39
2013-07-19,612,3.89,3.76,3.95,3.76,26333,22724989.0,4.88,-3.34,-0.13,0.55
2013-07-22,612,3.73,3.8,3.81,3.71,17742,14942513.0,2.66,1.06,0.04,0.37
2013-07-23,612,3.8,3.93,3.98,3.8,25715,22505840.0,4.74,3.42,0.13,0.54
2013-07-24,612,3.91,3.95,3.98,3.87,19498,17019114.0,2.8,0.51,0.02,0.41
2013-07-25,612,3.97,4.04,4.1,3.91,47296,42254437.0,4.81,2.28,0.09,0.98
2013-07-26,612,4.01,4.03,4.09,3.96,25721,23006633.0,3.22,-0.25,-0.01,0.54
2013-07-29,612,4.0,3.9,4.05,3.89,17054,14911635.0,3.97,-3.23,-0.13,0.36
2013-07-30,612,3.91,3.96,4.05,3.87,15496,13673788.0,4.62,1.54,0.06,0.32
2013-07-31,612,3.96,3.94,4.04,3.94,14114,12464806.0,2.53,-0.51,-0.02,0.29
2013-08-01,612,3.94,4.02,4.04,3.91,22310,19812718.0,3.3,2.03,0.08,0.46
2013-08-02,612,4.04,4.12,4.2,4.03,48168,43801379.0,4.23,2.49,0.1,1.0
2013-08-05,612,4.12,4.16,4.2,4.08,25234,23083376.0,2.91,0.97,0.04,0.53
2013-08-06,612,4.16,4.25,4.29,4.12,35226,32684535.0,4.09,2.16,0.09,0.73
2013-08-07,612,4.22,4.16,4.25,4.15,24938,23011193.0,2.35,-2.12,-0.09,0.52
2013-08-08,612,4.18,4.18,4.3,4.15,33906,31471323.0,3.61,0.48,0.02,0.71
2013-08-09,612,4.21,4.34,4.36,4.19,57507,54190801.0,4.07,3.83,0.16,1.2
2013-08-12,612,4.34,4.54,4.56,4.29,81283,78529010.0,6.22,4.61,0.2,1.69
2013-08-13,612,4.51,4.44,4.51,4.4,47458,45926978.0,2.42,-2.2,-0.1,0.99
2013-08-14,612,4.44,4.31,4.5,4.28,43645,41582631.0,4.95,-2.93,-0.13,0.91
2013-08-15,612,4.27,4.27,4.37,4.27,24204,22859882.0,2.32,-0.93,-0.04,0.5
2013-08-16,612,4.26,4.19,4.43,4.16,34505,32442868.0,6.32,-1.87,-0.08,0.72
2013-08-19,612,4.15,4.31,4.35,4.13,28376,26567752.0,5.25,2.86,0.12,0.59
2013-08-20,612,4.29,4.26,4.4,4.21,24993,23558513.0,4.41,-1.16,-0.05,0.52
2013-08-21,612,4.28,4.26,4.28,4.22,13452,12548832.0,1.41,0.0,0.0,0.28
2013-08-22,612,4.26,4.21,4.32,4.21,20267,18905940.0,2.58,-1.17,-0.05,0.42
2013-08-23,612,4.22,4.18,4.29,4.09,20073,18502431.0,4.75,-0.71,-0.03,0.42
2013-08-26,612,4.19,4.29,4.29,4.19,16661,15523907.0,2.39,2.63,0.11,0.35
2013-08-29,612,4.33,4.21,4.37,4.17,29634,27643528.0,4.66,-1.86,-0.08,0.62
2013-08-30,612,4.2,4.12,4.21,4.1,25003,22917423.0,2.61,-2.14,-0.09,0.52
2013-09-02,612,4.11,4.15,4.18,4.1,15143,13842230.0,1.94,0.73,0.03,0.32
2013-09-03,612,4.15,4.22,4.24,4.13,15999,14805307.0,2.65,1.69,0.07,0.33
2013-09-04,612,4.23,4.25,4.26,4.21,17618,16372496.0,1.18,0.71,0.03,0.37
2013-09-05,612,4.21,4.12,4.25,4.11,20946,19253719.0,3.29,-3.06,-0.13,0.44
2013-09-06,612,4.12,4.14,4.17,4.11,15122,13793779.0,1.46,0.49,0.02,0.31
2013-09-09,612,4.15,4.26,4.34,4.15,36060,33582048.0,4.59,2.9,0.12,0.75
2013-09-10,612,4.27,4.32,4.34,4.27,37648,35460199.0,1.64,1.41,0.06,0.78
2013-09-11,612,4.33,4.43,4.55,4.32,80223,78035935.0,5.32,2.55,0.11,1.67
2013-09-12,612,4.37,4.36,4.4,4.3,37337,35447840.0,2.26,-1.58,-0.07,0.78
2013-09-13,612,4.33,4.31,4.34,4.28,22971,21652714.0,1.38,-1.15,-0.05,0.48
2013-09-16,612,4.32,4.27,4.35,4.25,17420,16343837.0,2.32,-0.93,-0.04,0.36
2013-09-17,612,4.27,4.12,4.29,4.11,24836,22791738.0,4.22,-3.51,-0.15,0.52
2013-09-18,612,4.13,4.15,4.15,4.11,12516,11407435.0,0.97,0.73,0.03,0.26
2013-09-23,612,4.17,4.21,4.22,4.17,20254,18708228.0,1.2,1.45,0.06,0.42
2013-09-24,612,4.21,4.22,4.24,4.14,21994,20312734.0,2.38,0.24,0.01,0.46
2013-09-25,612,4.24,4.29,4.39,4.21,43555,41235956.0,4.27,1.66,0.07,0.91
2013-09-26,612,4.28,4.14,4.32,4.14,22515,20926294.0,4.2,-3.5,-0.15,0.47
2013-09-27,612,4.13,4.34,4.36,4.1,52113,49108521.0,6.28,4.83,0.2,1.09
2013-09-30,612,4.35,4.31,4.37,4.26,25198,23670203.0,2.53,-0.69,-0.03,0.52
2013-10-08,612,4.26,4.28,4.3,4.21,22554,21015327.0,2.09,-0.7,-0.03,0.47
2013-10-09,612,4.24,4.24,4.26,4.18,24571,22766941.0,1.87,-0.93,-0.04,0.51
2013-10-10,612,4.25,4.39,4.51,4.25,73651,70487246.0,6.13,3.54,0.15,1.53
2013-10-11,612,4.39,4.49,4.61,4.35,71696,70299525.0,5.92,2.28,0.1,1.49
2013-10-14,612,4.42,4.47,4.54,4.36,49002,47478340.0,4.01,-0.45,-0.02,1.02
2013-10-15,612,4.5,4.58,4.58,4.41,38892,37906832.0,3.8,2.46,0.11,0.81
2013-10-16,612,4.57,4.6,4.75,4.51,106290,107019941.0,5.24,0.44,0.02,2.21
2013-10-17,612,4.54,4.66,4.76,4.45,82188,82208955.0,6.74,1.3,0.06,1.71
2013-10-18,612,4.61,4.56,4.69,4.52,45996,45706726.0,3.65,-2.15,-0.1,0.96
2013-10-21,612,4.57,4.58,4.64,4.46,53926,53189314.0,3.95,0.44,0.02,1.12
2013-10-22,612,4.57,4.67,4.77,4.56,63735,64003128.0,4.59,1.97,0.09,1.33
2013-10-23,612,4.64,4.48,4.75,4.47,59967,59797141.0,6.0,-4.07,-0.19,1.25
2013-10-24,612,4.47,4.43,4.56,4.42,31501,30811061.0,3.13,-1.12,-0.05,0.66
2013-10-25,612,4.41,4.42,4.5,4.39,21423,20686233.0,2.48,-0.23,-0.01,0.45
2013-10-28,612,4.46,4.72,4.76,4.46,77012,77615807.0,6.79,6.79,0.3,1.6
2013-10-29,612,4.68,4.79,4.86,4.56,90823,92658366.0,6.36,1.48,0.07,1.89
2013-10-30,612,5.06,4.95,5.15,4.88,214240,229714278.0,5.64,3.34,0.16,4.46
2013-10-31,612,4.88,5.23,5.36,4.85,200459,220780554.0,10.3,5.66,0.28,4.17
2013-11-01,612,5.12,5.07,5.27,4.99,109577,118850131.0,5.35,-3.06,-0.16,2.28
2013-11-04,612,5.09,4.97,5.15,4.89,62425,66328079.0,5.13,-1.97,-0.1,1.3
2013-11-05,612,4.99,5.06,5.1,4.91,78096,83543698.0,3.82,1.81,0.09,1.63
2013-11-06,612,5.02,4.96,5.1,4.95,67132,71820440.0,2.96,-1.98,-0.1,1.4
2013-11-07,612,4.91,4.79,4.99,4.77,46938,49080463.0,4.44,-3.43,-0.17,0.98
2013-11-08,612,4.78,4.82,4.87,4.71,39295,40497955.0,3.34,0.63,0.03,0.82
2013-11-11,612,4.84,4.92,4.95,4.74,33258,34609574.0,4.36,2.07,0.1,0.69
2013-11-12,612,4.92,4.92,4.96,4.87,25848,27236931.0,1.83,0.0,0.0,0.54
2013-11-13,612,4.9,4.94,5.09,4.86,58433,62358723.0,4.67,0.41,0.02,1.22
2013-11-14,612,4.93,5.02,5.02,4.75,50842,53373492.0,5.47,1.62,0.08,1.06
2013-11-15,612,5.0,5.23,5.24,4.99,102294,111199533.0,4.98,4.18,0.21,2.13
2013-11-18,612,5.21,5.18,5.28,5.13,85543,94525103.0,2.87,-0.96,-0.05,1.78
2013-11-19,612,5.18,5.36,5.53,5.18,112104,127447099.0,6.76,3.47,0.18,2.33
2013-11-20,612,5.29,5.32,5.39,5.25,61859,69420849.0,2.61,-0.75,-0.04,1.29
2013-11-21,612,5.32,5.16,5.32,5.12,75599,83158268.0,3.76,-3.01,-0.16,1.57
2013-11-22,612,5.19,5.11,5.21,5.07,54586,59497092.0,2.71,-0.97,-0.05,1.14
2013-11-25,612,5.12,4.91,5.16,4.88,108115,62216776.0,5.48,-3.91,-0.2,1.25
2013-11-26,612,4.91,4.87,4.99,4.86,61320,34954061.0,2.65,-0.81,-0.04,0.71
2013-11-27,612,4.88,4.92,4.96,4.87,69339,39524340.0,1.85,1.03,0.05,0.8
2013-11-28,612,4.93,5.12,5.16,4.89,143345,83854459.0,5.49,4.07,0.2,1.66
2013-11-29,612,5.13,4.99,5.14,4.96,119917,69497336.0,3.52,-2.54,-0.13,1.39
2013-12-02,612,4.91,4.65,4.91,4.51,135425,74826952.0,8.02,-6.81,-0.34,1.57
2013-12-03,612,4.61,4.87,4.89,4.6,89695,50171027.0,6.24,4.73,0.22,1.04
2013-12-04,612,4.87,4.9,4.99,4.82,72915,41638439.0,3.49,0.62,0.03,0.84
2013-12-05,612,4.9,4.95,5.07,4.89,67413,38994779.0,3.67,1.02,0.05,0.78
2013-12-06,612,4.96,4.86,4.97,4.84,45482,25805022.0,2.63,-1.82,-0.09,0.53
2013-12-09,612,4.84,4.81,4.92,4.79,50589,28435828.0,2.67,-1.03,-0.05,0.59
2013-12-10,612,4.79,4.83,4.88,4.76,41305,23208300.0,2.49,0.42,0.02,0.48
2013-12-11,612,4.84,4.92,4.92,4.75,49981,27984606.0,3.52,1.86,0.09,0.58
2013-12-12,612,4.92,4.95,5.03,4.88,63535,36651919.0,3.05,0.61,0.03,0.74
2013-12-13,612,4.98,5.31,5.39,4.98,252551,152467398.0,8.28,7.27,0.36,2.92
2013-12-30,612,5.92,5.21,5.92,5.1,275133,172105375.0,15.44,-1.88,-0.1,3.18
2013-12-31,612,5.06,5.04,5.2,4.86,143351,83023198.0,6.53,-3.26,-0.17,1.66
2014-01-02,612,4.91,4.93,4.98,4.88,75720,43309683.0,1.98,-2.18,-0.11,0.88
2014-01-03,612,4.96,5.22,5.36,4.96,172764,103520322.0,8.11,5.88,0.29,2.0
2014-01-06,612,5.21,5.37,5.54,5.1,194739,119880234.0,8.43,2.87,0.15,2.25
2014-01-07,612,5.32,5.34,5.45,5.18,96691,58794088.0,5.03,-0.56,-0.03,1.12
2014-01-08,612,5.32,5.24,5.39,5.2,76602,46410370.0,3.56,-1.87,-0.1,0.89
2014-01-09,612,5.24,5.0,5.24,4.97,85394,49984450.0,5.15,-4.58,-0.24,0.99
2014-01-10,612,4.96,4.7,4.97,4.61,87380,48949538.0,7.2,-6.0,-0.3,1.01
2014-01-13,612,4.66,4.85,5.01,4.66,61943,35057188.0,7.45,3.19,0.15,0.72
2014-01-14,612,4.82,4.89,4.91,4.75,50240,28304752.0,3.3,0.82,0.04,0.58
2014-01-15,612,4.92,4.79,4.93,4.74,55759,31147936.0,3.89,-2.04,-0.1,0.65
2014-01-16,612,4.84,4.93,5.0,4.82,75472,43110942.0,3.76,2.92,0.14,0.87
2014-01-17,612,4.91,4.79,4.93,4.78,42873,24053743.0,3.04,-2.84,-0.14,0.5
2014-01-20,612,4.42,4.62,4.79,4.42,55602,29835624.0,7.72,-3.55,-0.17,0.64
2014-01-21,612,4.53,4.63,4.66,4.53,36432,19687079.0,2.81,0.22,0.01,0.42
2014-01-22,612,4.64,4.74,4.75,4.61,42440,23325629.0,3.02,2.38,0.11,0.49
2014-01-23,612,4.73,4.63,4.77,4.59,62960,34401179.0,3.8,-2.32,-0.11,0.73
2014-01-24,612,4.63,4.68,4.73,4.59,79377,43290170.0,3.02,1.08,0.05,0.92
2014-01-27,612,4.63,4.62,4.63,4.54,56104,30229224.0,1.92,-1.28,-0.06,0.65
2014-01-28,612,4.62,4.63,4.67,4.61,28922,15706820.0,1.3,0.22,0.01,0.33
2014-01-29,612,4.64,4.62,4.67,4.61,28781,15615043.0,1.3,-0.22,-0.01,0.33
2014-01-30,612,4.63,4.62,4.65,4.59,19245,10387923.0,1.3,0.0,0.0,0.22
2014-02-07,612,4.59,4.68,4.71,4.58,36002,19637819.0,2.81,1.3,0.06,0.42
2014-02-10,612,4.67,4.93,4.95,4.67,99373,56163270.0,5.98,5.34,0.25,1.15
2014-02-11,612,4.94,5.13,5.21,4.85,119357,69130711.0,7.3,4.06,0.2,1.38
2014-02-12,612,5.01,5.04,5.11,5.01,84270,49226567.0,1.95,-1.75,-0.09,0.98
2014-02-13,612,5.07,5.04,5.2,5.01,92706,54868164.0,3.77,0.0,0.0,1.07
2014-02-14,612,5.01,5.07,5.1,4.99,54939,31984832.0,2.18,0.6,0.03,0.64
2014-02-17,612,5.09,5.1,5.18,5.01,76514,44946908.0,3.35,0.59,0.03,0.89
2014-02-18,612,5.12,5.0,5.13,4.97,79982,46383882.0,3.14,-1.96,-0.1,0.93
2014-02-19,612,4.98,5.02,5.05,4.92,66034,38115590.0,2.6,0.4,0.02,0.76
2014-02-20,612,5.02,5.19,5.39,4.91,203342,122011993.0,9.56,3.39,0.17,2.35
2014-02-21,612,5.11,5.14,5.22,5.04,96753,57113003.0,3.47,-0.96,-0.05,1.12
2014-02-24,612,5.09,4.96,5.09,4.92,67908,39142807.0,3.31,-3.5,-0.18,0.79
2014-02-25,612,4.98,4.76,5.01,4.7,75629,42850025.0,6.25,-4.03,-0.2,0.88
2014-02-26,612,4.74,4.8,4.8,4.67,48573,26904917.0,2.73,0.84,0.04,0.56
2014-02-27,612,4.81,4.64,4.83,4.62,81881,45063560.0,4.38,-3.33,-0.16,0.95
2014-02-28,612,4.6,4.68,4.72,4.59,61198,33284264.0,2.8,0.86,0.04,0.71
2014-03-03,612,4.66,4.93,4.94,4.61,121422,68053311.0,7.05,5.34,0.25,1.4
2014-03-04,612,4.86,4.88,4.93,4.82,77828,44102715.0,2.23,-1.01,-0.05,0.9
2014-03-05,612,4.97,4.83,5.11,4.81,103028,59110065.0,6.15,-1.02,-0.05,1.19
2014-03-06,612,4.81,4.76,4.81,4.67,59449,32834088.0,2.9,-1.45,-0.07,0.69
2014-03-07,612,4.78,4.77,4.9,4.73,47036,26401201.0,3.57,0.21,0.01,0.54
2014-03-10,612,4.71,4.54,4.71,4.53,55789,30215324.0,3.77,-4.82,-0.23,0.65
2014-03-11,612,4.51,4.6,4.62,4.51,34656,18579357.0,2.42,1.32,0.06,0.4
2014-03-12,612,4.58,4.6,4.64,4.52,31664,17002869.0,2.61,0.0,0.0,0.37
2014-03-13,612,4.58,4.67,4.76,4.57,35578,19387466.0,4.13,1.52,0.07,0.41
2014-03-14,612,4.64,4.61,4.65,4.57,27116,14621973.0,1.71,-1.28,-0.06,0.31
2014-03-17,612,4.62,4.69,4.69,4.62,29605,16126153.0,1.52,1.74,0.08,0.34
2014-03-18,612,4.69,4.82,4.84,4.66,59512,33002708.0,3.84,2.77,0.13,0.69
2014-03-19,612,4.73,4.76,4.84,4.68,60633,33592566.0,3.32,-1.24,-0.06,0.7
2014-03-20,612,4.76,4.64,4.83,4.64,46148,25520350.0,3.99,-2.52,-0.12,0.53
2014-03-21,612,4.62,4.82,4.84,4.61,60499,33512897.0,4.96,3.88,0.18,0.7
2014-03-24,612,4.78,4.84,4.85,4.7,85408,47547971.0,3.11,0.41,0.02,0.99
2014-03-25,612,4.82,5.26,5.4,4.75,408415,246760466.0,13.43,8.68,0.42,4.73
2014-03-26,612,5.11,5.26,5.3,5.01,231493,137548162.0,5.51,0.0,0.0,2.68
2014-03-27,612,5.18,5.09,5.29,5.07,129800,77252447.0,4.18,-3.23,-0.17,1.5
2014-03-28,612,5.07,5.36,5.36,4.98,294302,177362835.0,7.47,5.3,0.27,3.41
2014-03-31,612,5.37,5.31,5.69,5.28,315610,198122325.0,7.65,-0.93,-0.05,3.65
2014-04-01,612,5.21,5.18,5.21,5.04,167197,99000129.0,3.2,-2.45,-0.13,1.93
2014-04-02,612,5.16,5.29,5.34,5.12,132101,79867345.0,4.25,2.12,0.11,1.53
2014-08-18,612,5.9,5.9,5.9,5.9,13078,8749088.0,0.0,11.53,0.61,0.11
2014-08-19,612,6.57,6.57,6.57,6.57,24336,17911104.0,0.0,11.36,0.67,0.21
2014-08-20,612,7.31,7.31,7.31,7.31,25676,20797900.0,0.0,11.26,0.74,0.22
2014-08-21,612,8.12,8.12,8.12,8.12,35254,31411126.0,0.0,11.08,0.81,0.3
2014-08-22,612,9.01,9.01,9.01,9.01,235925,231206607.0,0.0,10.96,0.89,2.02
2014-08-25,612,9.72,9.21,9.81,8.72,1392090,1400484320.0,12.1,2.22,0.2,11.91
2014-08-26,612,9.12,8.84,9.35,8.77,640116,627315424.0,6.3,-4.02,-0.37,5.48
2014-08-27,612,8.73,8.11,8.95,7.97,816095,748301264.0,11.09,-8.26,-0.73,6.98
2014-08-28,612,8.15,8.24,8.47,7.98,577805,520431968.0,6.04,1.6,0.13,4.94
2014-08-29,612,7.82,7.4,7.84,7.34,737289,609748432.0,6.07,-10.19,-0.84,6.31
2014-09-01,612,7.49,7.77,7.84,7.44,487838,413170832.0,5.41,5.0,0.37,4.17
2014-09-02,612,7.84,8.17,8.3,7.7,516001,452729728.0,7.72,5.15,0.4,4.41
2014-09-03,612,8.19,8.22,8.22,7.87,600956,529533472.0,4.28,0.61,0.05,5.14
2014-09-04,612,8.1,8.27,8.59,8.03,588238,534097632.0,6.81,0.61,0.05,5.03
2014-09-05,612,8.26,8.42,8.55,8.15,375973,346049808.0,4.84,1.81,0.15,3.22
2014-09-09,612,8.4,8.23,8.55,8.01,340200,307514048.0,6.41,-2.26,-0.19,2.91
2014-09-10,612,8.06,8.56,8.59,8.01,422851,388337664.0,7.05,4.01,0.33,3.62
2014-09-11,612,8.56,8.91,9.49,8.49,703755,688146592.0,11.68,4.09,0.35,6.02
2014-09-12,612,9.11,9.88,9.88,9.02,791492,812005872.0,9.65,10.89,0.97,6.77
2014-09-15,612,10.21,10.37,10.67,9.57,853554,933218384.0,11.13,4.96,0.49,7.3
2014-09-16,612,10.21,9.75,10.66,9.71,619978,677131232.0,9.16,-5.98,-0.62,5.3
2014-09-17,612,10.06,9.92,10.4,9.72,383490,415801824.0,6.97,1.74,0.17,3.28
2014-09-18,612,9.51,9.5,9.82,9.36,494223,511817648.0,4.64,-4.23,-0.42,4.23
2014-09-19,612,9.47,9.46,9.79,9.33,397111,410049424.0,4.84,-0.42,-0.04,3.4
2014-09-22,612,9.41,9.49,9.86,9.12,419126,434370896.0,7.82,0.32,0.03,3.59
2014-09-23,612,9.69,9.62,9.75,9.46,310676,322833136.0,3.06,1.37,0.13,2.66
2014-09-24,612,9.62,9.55,9.67,9.34,310317,319385344.0,3.43,-0.73,-0.07,2.65
2014-09-25,612,9.66,10.09,10.39,9.5,482128,515213664.0,9.32,5.65,0.54,4.12
2014-09-26,612,9.92,9.92,10.13,9.83,213896,229533792.0,2.97,-1.68,-0.17,1.83
2014-09-29,612,9.98,9.63,10.09,9.59,291519,306580064.0,5.04,-2.92,-0.29,2.49
2014-09-30,612,9.61,9.57,9.71,9.48,159237,164531702.0,2.39,-0.62,-0.06,1.36
2014-10-08,612,9.81,9.64,9.89,9.59,199611,208814845.0,3.13,0.73,0.07,1.71
2014-10-09,612,9.64,9.5,9.71,9.31,211307,217088113.0,4.15,-1.45,-0.14,1.81
2014-10-10,612,9.55,9.18,9.55,9.09,314611,314952784.0,4.84,-3.37,-0.32,2.69
2014-10-13,612,9.09,8.84,9.11,8.57,287096,275063184.0,5.88,-3.7,-0.34,2.46
2014-10-14,612,8.81,9.01,9.17,8.71,222111,218108592.0,5.2,1.92,0.17,1.9
2014-10-15,612,9.08,8.81,9.08,8.76,194940,189121769.0,3.55,-2.22,-0.2,1.67
2014-10-16,612,8.79,8.59,8.82,8.57,147514,140066088.0,2.84,-2.5,-0.22,1.54
2014-10-17,612,8.59,8.29,8.63,8.09,222331,201726265.0,6.29,-3.49,-0.3,2.32
2014-10-20,612,8.32,9.06,9.19,8.28,370840,359058448.0,10.98,9.29,0.77,3.87
2014-10-21,612,9.03,8.9,9.13,8.84,203057,197950999.0,3.2,-1.77,-0.16,2.12
2014-10-22,612,8.96,8.87,9.34,8.82,209531,207574389.0,5.84,-0.34,-0.03,2.19
2014-10-23,612,8.81,8.61,8.99,8.55,132264,125887768.0,4.96,-2.93,-0.26,1.38
2014-10-24,612,8.61,8.65,8.76,8.57,76799,72651982.0,2.21,0.46,0.04,0.8
2014-10-27,612,8.59,8.71,8.78,8.43,69063,64926392.0,4.05,0.69,0.06,0.72
2014-10-28,612,8.63,8.98,9.01,8.63,120375,116996051.0,4.36,3.1,0.27,1.26
2014-10-29,612,9.0,9.36,9.46,8.87,334720,334100816.0,6.57,4.23,0.38,3.49
2014-10-30,612,9.29,9.23,9.48,9.15,238913,240952880.0,3.53,-1.39,-0.13,2.49
2014-10-31,612,9.23,9.13,9.31,8.96,158832,157293346.0,3.79,-1.08,-0.1,1.66
2014-11-03,612,9.11,9.07,9.19,8.89,230878,226146959.0,3.29,-0.66,-0.06,2.41
2014-11-04,612,9.04,9.07,9.36,8.89,268015,265132096.0,5.18,0.0,0.0,2.8
2014-11-05,612,8.91,8.65,8.91,8.58,297174,281357584.0,3.64,-4.63,-0.42,3.1
2014-11-06,612,8.66,8.81,8.87,8.61,152275,144954986.0,3.01,1.85,0.16,1.59
2014-11-07,612,8.79,8.83,8.94,8.63,159328,152454821.0,3.52,0.23,0.02,1.66
2014-11-10,612,9.11,9.01,9.42,8.94,382148,378814576.0,5.44,2.04,0.18,3.99
2014-11-11,612,9.02,8.58,9.06,8.54,247697,235382348.0,5.77,-4.77,-0.43,2.59
2014-11-12,612,8.59,8.69,8.71,8.51,140184,131827273.0,2.33,1.28,0.11,1.46
2014-11-13,612,8.71,8.51,8.71,8.33,199263,184925570.0,4.37,-2.07,-0.18,2.08
2014-11-14,612,8.46,8.34,8.61,8.31,153377,141105382.0,3.53,-2.0,-0.17,1.6
2014-11-17,612,8.52,8.56,8.69,8.44,130210,122079679.0,3.0,2.64,0.22,1.36
2014-11-18,612,8.58,8.57,8.75,8.5,100029,94021544.0,2.92,0.12,0.01,1.04
2014-11-19,612,8.64,8.63,8.7,8.53,87863,82601403.0,1.98,0.7,0.06,0.92
2014-11-20,612,8.61,8.83,8.94,8.56,160716,153703818.0,4.4,2.32,0.2,1.68
2014-11-21,612,8.84,8.99,9.01,8.77,176732,171610085.0,2.72,1.81,0.16,1.85
2014-11-24,612,9.22,9.13,9.24,8.96,247021,244539458.0,3.11,1.56,0.14,2.58
2014-11-25,612,9.11,9.14,9.17,8.93,216430,212880507.0,2.63,0.11,0.01,2.26
2014-11-26,612,9.11,8.98,9.11,8.89,175642,171768323.0,2.41,-1.75,-0.16,1.83
2014-11-27,612,9.05,9.18,9.29,9.0,251172,249771955.0,3.23,2.23,0.2,2.62
2014-11-28,612,9.03,8.85,9.04,8.69,319813,307587232.0,3.81,-3.59,-0.33,3.34
2014-12-01,612,8.51,8.6,8.85,8.42,232973,219568958.0,4.86,-2.82,-0.25,2.43
2014-12-02,612,8.71,8.63,8.79,8.55,177524,167246417.0,2.79,0.35,0.03,1.85
2014-12-03,612,8.54,8.92,9.16,8.31,514014,492561840.0,9.85,3.36,0.29,5.37
2014-12-04,612,8.99,9.17,9.17,8.89,490437,483863072.0,3.14,2.8,0.25,5.12
2014-12-05,612,9.2,8.99,9.47,8.66,466810,462144256.0,8.83,-1.96,-0.18,4.87
2014-12-08,612,8.81,8.95,9.11,8.62,287675,278560736.0,5.45,-0.44,-0.04,3.0
2014-12-09,612,8.71,8.57,9.08,8.57,333827,319955552.0,5.7,-4.25,-0.38,3.49
2014-12-10,612,8.47,8.65,8.67,8.4,189697,177172787.0,3.15,0.93,0.08,1.98
2014-12-11,612,8.57,8.83,8.83,8.49,224258,210614902.0,3.93,2.08,0.18,2.34
2014-12-12,612,8.78,8.74,8.93,8.68,167144,160141341.0,2.83,-1.02,-0.09,1.75
2014-12-15,612,8.7,8.62,8.7,8.48,207364,193921355.0,2.52,-1.37,-0.12,2.17
2014-12-16,612,8.56,8.58,8.61,8.5,169251,158154356.0,1.28,-0.46,-0.04,1.77
2014-12-17,612,8.61,9.04,9.32,8.5,552002,541099664.0,9.56,5.36,0.46,5.76
2014-12-18,612,9.71,10.02,10.02,9.69,298437,320832352.0,3.65,10.84,0.98,3.12
2014-12-19,612,10.7,9.69,11.01,9.68,1039127,1146270688.0,13.27,-3.29,-0.33,10.85
2014-12-22,612,9.41,8.69,9.66,8.68,480177,474724464.0,10.11,-10.32,-1.0,5.01
2014-12-23,612,8.68,8.61,8.87,8.46,220602,209838571.0,4.72,-0.92,-0.08,2.3
2014-12-24,612,8.66,8.87,9.1,8.66,195970,189841623.0,5.11,3.02,0.26,2.05
2014-12-25,612,8.87,8.95,8.99,8.61,184764,177388599.0,4.28,0.9,0.08,1.93
2014-12-26,612,8.93,9.31,9.31,8.87,263619,259941565.0,4.92,4.02,0.36,2.75
2015-01-16,612,9.41,9.32,10.32,9.24,544529,567554896.0,11.6,0.11,0.01,5.69
2015-01-19,612,9.01,8.52,9.01,8.32,285308,270651744.0,7.4,-8.58,-0.8,2.98
2015-01-20,612,8.54,8.67,8.73,8.5,164469,154578303.0,2.7,1.76,0.15,1.72
2015-01-21,612,8.61,8.85,8.92,8.52,256346,245167646.0,4.61,2.08,0.18,2.68
2015-01-22,612,8.77,9.2,9.3,8.74,374919,372171056.0,6.33,3.95,0.35,3.91
2015-01-23,612,9.31,9.02,9.41,8.99,234338,232234178.0,4.57,-1.96,-0.18,2.45
2015-01-26,612,8.96,9.01,9.14,8.67,208369,202600587.0,5.21,-0.11,-0.01,2.18
2015-01-27,612,9.01,9.06,9.15,8.87,201162,197293801.0,3.11,0.55,0.05,2.1
2015-01-28,612,9.09,8.95,9.12,8.92,143035,140015249.0,2.21,-1.21,-0.11,1.49
2015-01-29,612,8.89,8.78,8.95,8.76,120933,116375276.0,2.12,-1.9,-0.17,1.26
2015-01-30,612,8.75,8.63,8.85,8.61,149504,141661989.0,2.73,-1.71,-0.15,1.56
2015-02-02,612,8.66,8.63,8.75,8.59,87049,82350792.0,1.85,0.0,0.0,0.91
2015-02-03,612,8.69,8.82,8.89,8.66,106139,101320196.0,2.67,2.2,0.19,1.11
2015-02-04,612,8.91,9.01,9.17,8.91,282953,278308128.0,2.95,2.15,0.19,2.95
2015-02-05,612,9.07,8.8,9.08,8.79,153923,148848742.0,3.22,-2.33,-0.21,1.61
2015-02-06,612,8.73,8.61,8.79,8.56,102249,96517872.0,2.61,-2.16,-0.19,1.07
2015-02-09,612,8.6,8.64,8.69,8.5,60304,56750742.0,2.21,0.35,0.03,0.63
2015-02-10,612,8.65,8.56,8.65,8.48,102917,96176560.0,1.97,-0.93,-0.08,1.07
2015-02-11,612,8.57,8.59,8.69,8.5,69738,65439892.0,2.22,0.35,0.03,0.73
2015-02-12,612,8.61,8.57,8.62,8.5,82744,77351430.0,1.4,-0.23,-0.02,0.86
2015-02-13,612,8.63,8.76,8.81,8.56,103540,98329493.0,2.92,2.22,0.19,1.08
2015-02-16,612,8.77,8.81,8.86,8.73,112048,107427382.0,1.48,0.57,0.05,1.17
2015-02-17,612,8.83,9.0,9.05,8.81,155971,152393086.0,2.72,2.16,0.19,1.63
2015-02-25,612,9.03,8.83,9.04,8.76,106525,102852839.0,3.11,-1.89,-0.17,1.11
2015-02-26,612,8.83,9.55,9.68,8.79,344631,346878384.0,10.08,8.15,0.72,3.6
2015-02-27,612,9.54,9.34,9.61,9.16,372521,377922496.0,4.71,-2.2,-0.21,3.89
2015-03-02,612,9.42,10.0,10.18,9.31,494945,519698048.0,9.31,7.07,0.66,5.17
2015-03-03,612,9.92,10.13,10.55,9.71,622125,682231376.0,8.4,1.3,0.13,6.5
2015-03-04,612,10.09,10.1,10.31,9.91,338428,368233408.0,3.95,-0.3,-0.03,3.53
2015-03-05,612,10.09,9.84,10.16,9.62,291347,309466720.0,5.35,-2.57,-0.26,3.04
2015-03-06,612,9.87,10.21,10.71,9.72,410659,452583472.0,10.06,3.76,0.37,4.29
2015-03-09,612,10.01,10.11,10.17,9.79,241370,260555347.0,3.72,-0.98,-0.1,2.52
2015-03-10,612,9.99,10.09,10.35,9.93,208685,229597247.0,4.15,-0.2,-0.02,2.18
2015-03-11,612,9.96,9.94,10.3,9.91,173524,188134875.0,3.87,-1.49,-0.15,1.81
2015-03-12,612,9.94,9.77,10.26,9.71,258818,278925776.0,5.53,-1.71,-0.17,2.7
2015-03-13,612,9.82,9.87,10.04,9.7,235197,250296604.0,3.48,1.02,0.1,2.46
2015-03-16,612,9.88,10.12,10.17,9.88,293139,317289600.0,2.94,2.53,0.25,3.06
2015-03-17,612,10.14,10.38,10.56,10.09,439060,487819392.0,4.64,2.57,0.26,4.58
2015-03-18,612,10.39,10.7,10.8,10.27,439504,501252032.0,5.11,3.08,0.32,4.59
2015-03-19,612,10.81,10.82,11.16,10.62,510981,596415456.0,5.05,1.12,0.12,5.34
2015-03-20,612,10.76,10.71,11.01,10.64,324753,375026656.0,3.42,-1.02,-0.11,3.39
2015-03-23,612,10.88,11.59,11.86,10.87,582612,711903584.0,9.24,8.22,0.88,6.08
2015-03-24,612,11.6,11.53,11.7,11.04,472442,575866560.0,5.69,-0.52,-0.06,4.93
2015-03-25,612,11.52,11.21,11.52,11.09,339014,407706816.0,3.73,-2.78,-0.32,3.54
2015-03-26,612,11.42,11.53,12.0,11.42,420947,523808304.0,5.17,2.85,0.32,4.4
2015-03-27,612,11.61,11.57,11.82,11.51,215337,267272459.0,2.69,0.35,0.04,2.25
2015-03-30,612,11.49,11.44,11.57,11.16,363530,440734144.0,3.54,-1.12,-0.13,3.8
2015-03-31,612,11.49,11.5,11.7,11.35,295995,363700336.0,3.06,0.52,0.06,3.09
2015-04-01,612,11.48,11.62,11.67,11.38,261500,322894032.0,2.52,1.04,0.12,2.73
2015-04-02,612,11.71,11.91,11.98,11.51,385347,480981136.0,4.04,2.5,0.29,4.02
2015-04-03,612,11.81,11.78,12.0,11.58,379121,476425488.0,3.53,-1.09,-0.13,3.96
2015-04-07,612,12.14,12.49,12.7,11.96,438676,579138000.0,6.28,6.03,0.71,4.58
2015-04-08,612,12.55,12.13,12.65,11.91,431851,559735920.0,5.92,-2.88,-0.36,4.51
2015-04-09,612,12.19,11.54,12.25,11.22,473903,584962592.0,8.49,-4.86,-0.59,4.95
2015-04-10,612,11.46,11.62,11.69,11.28,310256,382999184.0,3.55,0.69,0.08,3.24
2015-04-13,612,11.53,11.8,11.89,11.46,350611,438131936.0,3.7,1.55,0.18,3.66
2015-04-14,612,11.76,11.41,11.76,11.34,413360,507195824.0,3.56,-3.31,-0.39,4.32
2015-06-23,612,10.71,10.19,11.18,10.19,700403,778417744.0,8.68,-10.69,-1.22,7.31
2015-06-24,612,10.16,11.29,11.29,10.02,609378,688232912.0,12.46,10.79,1.1,6.36
2015-06-25,612,11.66,12.06,12.5,11.54,1103244,1423347584.0,8.5,6.82,0.77,11.52
2015-06-26,612,12.04,10.78,12.04,10.78,692407,842160432.0,10.45,-10.61,-1.28,7.23
2015-06-29,612,11.14,9.77,11.17,9.62,596812,664774080.0,14.38,-9.37,-1.01,6.23
2015-06-30,612,9.76,10.13,10.35,8.71,614582,633464432.0,16.79,3.68,0.36,6.42
2015-07-01,612,9.91,9.37,10.69,9.1,538081,586728416.0,15.7,-7.5,-0.76,5.62
2015-07-02,612,9.38,8.35,9.54,8.35,558498,531746304.0,12.7,-10.89,-1.02,5.83
2015-07-03,612,7.91,7.44,8.43,7.44,454849,385644784.0,11.86,-10.9,-0.91,4.75
2015-07-06,612,8.26,6.97,8.26,6.62,747329,594304464.0,22.04,-6.32,-0.47,7.8
2015-07-07,612,6.61,6.19,6.61,6.19,304123,215053019.0,6.03,-11.19,-0.78,3.18
2015-07-15,612,6.89,6.89,6.89,6.89,25851,19853352.0,0.0,11.31,0.7,0.27
2015-07-16,612,6.47,7.23,7.29,6.12,575174,437908032.0,16.98,4.93,0.34,6.01
2015-07-17,612,7.09,7.62,7.89,7.03,544688,448440608.0,11.89,5.39,0.39,5.69
2015-07-20,612,7.4,7.38,7.69,7.25,616183,507149024.0,5.77,-3.15,-0.24,6.43
2015-07-21,612,7.33,7.51,7.66,6.98,467009,381734240.0,9.21,1.76,0.13,4.88
2015-07-22,612,7.41,8.01,8.02,7.29,574037,481533440.0,9.72,6.66,0.5,5.99
2015-07-23,612,7.85,8.57,8.63,7.85,758113,678355200.0,9.74,6.99,0.56,7.92
2015-07-24,612,8.51,8.4,9.18,8.09,609940,565646848.0,12.72,-1.98,-0.17,6.37
2015-07-27,612,8.11,7.48,8.4,7.48,468931,412796688.0,10.95,-10.95,-0.92,4.9
2015-07-28,612,7.21,7.29,7.81,6.67,527726,421527952.0,15.24,-2.54,-0.19,5.51
2015-07-29,612,7.41,7.64,7.68,7.12,236881,193225713.0,7.68,4.8,0.35,2.47
2015-07-30,612,7.49,7.36,8.07,7.29,374573,316844960.0,10.21,-3.66,-0.28,3.91
2015-07-31,612,7.21,7.28,7.4,7.13,236979,190492744.0,3.67,-1.09,-0.08,2.47
2015-08-03,612,7.11,7.43,7.44,6.99,285298,225393828.0,6.18,2.06,0.15,2.98
2015-08-04,612,7.4,7.73,7.79,7.39,224041,187657245.0,5.38,4.04,0.3,2.34
2015-08-05,612,7.61,7.37,7.72,7.33,210716,175676878.0,5.05,-4.66,-0.36,2.2
2015-08-06,612,7.21,7.26,7.41,7.14,118014,95389858.0,3.66,-1.49,-0.11,1.23
2015-08-07,612,7.33,7.5,7.59,7.3,200183,164848764.0,3.99,3.31,0.24,2.09
2015-08-10,612,7.54,7.83,7.92,7.49,303424,258694764.0,5.73,4.4,0.33,3.17
2015-08-11,612,7.79,7.84,8.1,7.74,353523,307139136.0,4.6,0.13,0.01,3.69
2015-08-12,612,7.66,7.58,7.82,7.57,230547,195417272.0,3.19,-3.32,-0.26,2.41
2015-08-13,612,7.58,7.82,7.83,7.5,222280,188501593.0,4.35,3.17,0.24,2.32
2015-08-14,612,7.86,7.91,7.98,7.77,295450,256616815.0,2.69,1.15,0.09,3.08
2015-08-17,612,7.84,8.21,8.36,7.82,368665,328605024.0,6.83,3.79,0.3,3.85
2015-08-18,612,8.21,7.31,8.26,7.31,360105,308455904.0,11.57,-10.96,-0.9,3.76
2015-08-19,612,7.01,7.37,7.48,6.71,255783,201773038.0,10.53,0.82,0.06,2.67
2015-08-20,612,7.27,7.11,7.53,7.08,184892,149757423.0,6.11,-3.53,-0.26,1.93
2015-08-21,612,6.91,6.61,7.1,6.56,178166,136018674.0,7.59,-7.03,-0.5,1.86
2015-08-24,612,6.31,5.87,6.41,5.87,181790,122392502.0,8.17,-11.2,-0.74,1.9
2015-08-25,612,5.21,5.2,5.37,5.2,330103,199112189.0,2.9,-11.41,-0.67,3.45
2015-08-26,612,5.27,4.66,5.38,4.66,302372,176963944.0,13.85,-10.38,-0.54,3.16
2015-08-27,612,4.86,4.92,4.96,4.46,221202,123150543.0,10.73,5.58,0.26,2.31
2015-08-28,612,5.11,5.33,5.35,4.92,246356,145631138.0,8.74,8.33,0.41,2.57
2015-08-31,612,5.26,5.34,5.69,5.21,326565,202592719.0,9.01,0.19,0.01,3.41
2015-09-01,612,5.29,4.91,5.31,4.81,218985,126331186.0,9.36,-8.05,-0.43,2.29
2015-09-02,612,4.64,5.19,5.27,4.6,278899,160519982.0,13.65,5.7,0.28,2.91
2015-09-07,612,5.29,5.28,5.49,5.18,182731,112007873.0,5.97,1.73,0.09,1.91
2015-09-08,612,5.22,5.48,5.49,5.13,161978,99335327.0,6.82,3.79,0.2,1.69
2015-09-09,612,5.59,5.65,5.76,5.48,287024,184341884.0,5.11,3.1,0.17,3.0
2015-09-10,612,5.52,5.38,5.6,5.38,144004,90627285.0,3.89,-4.78,-0.27,1.5
2015-09-11,612,5.4,5.37,5.49,5.27,122857,75908851.0,4.09,-0.19,-0.01,1.28
2015-09-14,612,5.36,4.78,5.45,4.75,174696,102209629.0,13.04,-10.99,-0.59,1.82
2015-09-15,612,4.73,4.36,4.8,4.26,147730,79080974.0,11.3,-8.79,-0.42,1.54
2015-09-16,612,4.39,4.84,4.88,4.37,147039,79236445.0,11.7,11.01,0.48,1.54
2015-09-17,612,4.79,4.68,5.05,4.68,163052,92179219.0,7.64,-3.31,-0.16,1.7
2015-09-18,612,4.76,4.74,4.77,4.6,103659,56823360.0,3.63,1.28,0.06,1.08
2015-09-21,612,4.66,4.92,4.93,4.62,113265,63699192.0,6.54,3.8,0.18,1.18
2015-09-22,612,4.92,5.23,5.37,4.89,224714,133045096.0,9.76,6.3,0.31,2.35
2015-09-23,612,5.09,4.95,5.21,4.85,167344,97184129.0,6.88,-5.35,-0.28,1.75
2015-09-24,612,4.93,5.01,5.06,4.92,92039,53161685.0,2.83,1.21,0.06,0.96
2015-09-25,612,4.99,4.79,5.0,4.74,94136,53163984.0,5.19,-4.39,-0.22,0.98
2015-09-28,612,4.79,4.84,4.87,4.7,88470,49239839.0,3.55,1.04,0.05,0.92
2015-09-29,612,4.67,4.65,4.75,4.61,89667,48990183.0,2.89,-3.93,-0.19,0.94
2015-09-30,612,4.67,4.71,4.76,4.66,61464,33811506.0,2.15,1.29,0.06,0.64
2015-10-08,612,4.92,4.91,4.98,4.82,171432,97678065.0,3.4,4.25,0.2,1.79
2015-10-09,612,4.91,5.1,5.2,4.88,190638,111597501.0,6.52,3.87,0.19,1.99
2015-10-12,612,5.18,5.4,5.43,5.16,345057,210111881.0,5.29,5.88,0.3,3.6
2015-10-13,612,5.34,5.31,5.37,5.23,265430,161260623.0,2.59,-1.67,-0.09,2.77
2015-10-14,612,5.25,5.29,5.42,5.24,277462,170200335.0,3.39,-0.38,-0.02,2.9
2015-10-15,612,5.22,5.38,5.39,5.13,277008,168376813.0,4.91,1.7,0.09,2.89
2015-10-16,612,5.39,5.44,5.45,5.31,301562,186206648.0,2.6,1.12,0.06,3.15
2015-10-19,612,5.45,5.55,5.58,5.4,343305,215543466.0,3.31,2.02,0.11,3.58
2015-10-20,612,5.51,5.53,5.57,5.35,265883,166348110.0,3.96,-0.36,-0.02,2.78
2015-10-21,612,5.52,4.96,5.55,4.91,306040,185532600.0,11.57,-10.31,-0.57,3.2
2015-10-22,612,5.01,5.13,5.17,4.94,211445,123399967.0,4.64,3.43,0.17,2.21
2015-10-23,612,5.16,5.3,5.34,5.11,221271,133019516.0,4.48,3.31,0.17,2.31
2015-10-26,612,5.35,5.49,5.52,5.31,306402,190260070.0,3.96,3.58,0.19,3.2
2015-10-27,612,5.42,5.44,5.48,5.17,244394,149866985.0,5.65,-0.91,-0.05,2.55
2015-10-28,612,5.45,6.06,6.06,5.4,787738,522107568.0,12.13,11.4,0.62,8.22
2015-10-29,612,5.84,5.86,6.09,5.81,538216,361674016.0,4.62,-3.3,-0.2,5.62
2015-10-30,612,5.78,5.65,5.86,5.54,285574,184745805.0,5.46,-3.58,-0.21,2.98
2015-11-02,612,5.66,5.6,5.86,5.48,309826,201196200.0,6.73,-0.88,-0.05,3.23
2015-11-03,612,5.6,5.67,5.81,5.52,216772,139829203.0,5.18,1.25,0.07,2.26
2015-11-04,612,5.72,5.99,6.05,5.62,345405,229728295.0,7.58,5.64,0.32,3.61
2015-11-05,612,5.92,6.21,6.41,5.86,558234,388359872.0,9.18,3.67,0.22,5.83
2015-11-06,612,6.12,6.25,6.28,6.06,340727,237896921.0,3.54,0.64,0.04,3.56
2015-11-09,612,6.16,6.22,6.41,6.12,421127,298398176.0,4.64,-0.48,-0.03,4.4
2015-11-10,612,6.21,6.59,6.77,5.98,570740,404918144.0,12.7,5.95,0.37,5.96
2015-11-11,612,6.42,6.41,6.49,6.32,360515,258961888.0,2.58,-2.73,-0.18,3.76
2015-11-12,612,6.4,6.37,6.57,6.34,322318,233051501.0,3.59,-0.62,-0.04,3.37
2015-11-13,612,6.26,6.0,6.34,5.88,285867,197304314.0,7.22,-5.81,-0.37,2.98
2015-11-16,612,5.9,6.14,6.17,5.81,152093,103512252.0,6.0,2.33,0.14,1.59
2015-11-17,612,6.16,6.06,6.25,6.03,198611,138377085.0,3.58,-1.3,-0.08,2.07
2015-11-18,612,6.06,5.97,6.16,5.95,178337,122029269.0,3.47,-1.49,-0.09,1.86
2015-11-19,612,5.98,6.13,6.14,5.96,130790,89605985.0,3.02,2.68,0.16,1.37
2015-11-20,612,6.11,6.21,6.27,6.1,246567,172448842.0,2.77,1.31,0.08,2.57
2015-11-23,612,6.21,6.21,6.39,6.07,249682,176628653.0,5.15,0.0,0.0,2.61
2015-11-24,612,6.21,6.31,6.36,6.15,139478,97650564.0,3.38,1.61,0.1,1.46
2015-11-25,612,6.29,6.36,6.44,6.25,241029,172333512.0,3.01,0.79,0.05,2.52
2015-11-26,612,6.4,6.47,6.86,6.21,432392,315652496.0,10.22,1.73,0.11,4.51
2015-11-27,612,6.43,6.0,6.53,5.84,327358,230915036.0,10.66,-7.26,-0.47,3.42
2015-11-30,612,6.0,5.84,6.04,5.51,253570,167639827.0,8.83,-2.67,-0.16,2.65
2015-12-01,612,5.85,5.84,5.95,5.72,148904,99087781.0,3.94,0.0,0.0,1.55
2015-12-02,612,5.84,6.22,6.31,5.83,227698,156339298.0,8.22,6.51,0.38,2.38
2015-12-03,612,6.17,6.23,6.25,6.09,170533,118433371.0,2.57,0.16,0.01,1.78
2015-12-04,612,6.18,6.08,6.22,5.97,126019,86771286.0,4.01,-2.41,-0.15,1.32
2015-12-07,612,6.07,6.3,6.3,6.05,188380,131971018.0,4.11,3.62,0.22,1.97
2015-12-08,612,6.21,6.03,6.28,6.01,207746,143984241.0,4.29,-4.29,-0.27,2.17
2015-12-09,612,5.96,6.08,6.23,5.88,118906,81678358.0,5.8,0.83,0.05,1.24
2015-12-10,612,6.13,5.99,6.19,5.96,104165,71636892.0,3.78,-1.48,-0.09,1.09
2015-12-11,612,5.93,6.19,6.29,5.81,173121,118553680.0,8.01,3.34,0.2,1.81
2015-12-14,612,6.11,6.52,6.73,5.99,415657,300566192.0,11.95,5.33,0.33,4.34
2015-12-15,612,6.42,6.49,6.54,6.35,199403,143786346.0,2.91,-0.46,-0.03,2.08
2015-12-16,612,6.42,6.59,6.76,6.41,298535,221309485.0,5.39,1.54,0.1,3.12
2015-12-17,612,6.59,6.71,6.81,6.52,282121,209916985.0,4.4,1.82,0.12,2.95
2015-12-18,612,6.61,6.52,6.69,6.45,188761,138688409.0,3.58,-2.83,-0.19,1.97
2015-12-21,612,6.53,6.77,6.78,6.49,316896,236338263.0,4.45,3.83,0.25,3.31
2015-12-22,612,6.77,7.51,7.53,6.77,848646,693314928.0,11.23,10.93,0.74,8.86
2015-12-23,612,7.25,7.15,7.38,7.08,419484,335811072.0,3.99,-4.79,-0.36,4.38
2015-12-24,612,7.1,7.19,7.26,7.01,309384,245002274.0,3.5,0.56,0.04,3.23
2015-12-25,612,7.26,7.11,7.26,6.97,231554,182121272.0,4.03,-1.11,-0.08,2.42
2015-12-28,612,7.12,6.92,7.16,6.89,244172,191413044.0,3.8,-2.67,-0.19,2.55
2015-12-29,612,6.91,6.98,7.03,6.72,198746,152854269.0,4.48,0.87,0.06,2.08
2015-12-30,612,7.07,7.05,7.1,6.91,132313,103225360.0,2.72,1.0,0.07,1.38
2015-12-31,612,7.05,6.84,7.07,6.77,165692,127243675.0,4.26,-2.98,-0.21,1.73
2016-01-04,612,6.8,6.09,6.99,6.08,155293,113057840.0,13.3,-10.96,-0.75,1.62
2016-01-05,612,5.76,6.28,6.43,5.76,249818,174498496.0,11.0,3.12,0.19,2.61
2016-01-06,612,6.23,6.49,6.66,6.22,229195,166627048.0,7.01,3.34,0.21,2.39
2016-01-07,612,6.36,5.77,6.37,5.76,57747,39078600.0,9.4,-11.09,-0.72,0.6
2016-01-08,612,6.08,6.14,6.2,5.51,281500,191376439.0,11.96,6.41,0.37,2.94
2016-01-11,612,6.1,5.75,6.1,5.52,212292,140829579.0,9.45,-6.35,-0.39,2.22
2016-01-12,612,5.74,5.82,5.97,5.63,103466,68342235.0,5.91,1.22,0.07,1.08
2016-01-13,612,5.83,5.63,6.03,5.52,104367,69123629.0,8.76,-3.26,-0.19,1.09
2016-01-14,612,5.41,5.76,5.79,5.22,94480,60388562.0,10.12,2.31,0.13,0.99
2016-01-15,612,5.66,5.45,5.76,5.26,95164,59900589.0,8.68,-5.38,-0.31,0.99
2016-01-18,612,5.26,5.39,5.5,5.2,92355,57128974.0,5.5,-1.1,-0.06,0.96
2016-01-19,612,5.4,5.58,5.61,5.28,110849,69125145.0,6.12,3.53,0.19,1.16
2016-01-20,612,5.51,5.45,5.56,5.34,101368,63408047.0,3.94,-2.33,-0.13,1.06
2016-01-21,612,5.41,5.17,5.49,5.16,83596,51188608.0,6.06,-5.14,-0.28,0.87
2016-01-22,612,5.26,5.3,5.34,5.12,81931,49441639.0,4.26,2.51,0.13,0.86
2016-01-25,612,5.34,5.32,5.42,5.27,63804,39158605.0,2.83,0.38,0.02,0.67
2016-01-26,612,5.25,4.71,5.29,4.71,134403,77367917.0,10.9,-11.47,-0.61,1.4
2016-01-27,612,4.74,4.34,4.79,4.16,233306,119283391.0,13.38,-7.86,-0.37,2.44
2016-01-28,612,4.22,4.01,4.32,3.93,115126,57215767.0,8.99,-7.6,-0.33,1.2
2016-01-29,612,4.03,4.21,4.28,3.99,111361,55137102.0,7.23,4.99,0.2,1.16
2016-02-01,612,4.2,4.1,4.3,4.03,93317,46095880.0,6.41,-2.61,-0.11,0.97
2016-02-02,612,4.15,4.31,4.37,4.11,117245,59174155.0,6.34,5.12,0.21,1.22
2016-02-03,612,4.21,4.28,4.36,4.16,107208,54062425.0,4.64,-0.7,-0.03,1.12
2016-02-04,612,4.34,4.41,4.54,4.33,150639,79032225.0,4.91,3.04,0.13,1.57
2016-02-05,612,4.42,4.41,4.56,4.36,111077,58580725.0,4.54,0.0,0.0,1.16
2016-02-15,612,4.16,4.48,4.67,4.11,101213,52194550.0,12.7,1.59,0.07,1.06
2016-02-16,612,4.44,4.63,4.64,4.41,126945,67958190.0,5.13,3.35,0.15,1.33
2016-02-17,612,4.62,4.62,4.68,4.5,101793,54770328.0,3.89,-0.22,-0.01,1.06
2016-02-18,612,4.63,4.65,4.75,4.62,124663,68186784.0,2.81,0.65,0.03,1.3
2016-02-19,612,4.62,4.58,4.63,4.54,95662,51358563.0,1.94,-1.51,-0.07,1.0
2016-02-22,612,4.65,4.78,4.87,4.62,267835,147738301.0,5.46,4.37,0.2,2.8
2016-02-23,612,4.76,5.01,5.01,4.72,298923,169621025.0,6.07,4.81,0.23,3.12
2016-02-24,612,4.89,4.98,5.12,4.86,179992,103727796.0,5.19,-0.6,-0.03,1.88
2016-02-25,612,4.98,4.89,5.08,4.5,253374,141442439.0,11.65,-1.81,-0.09,2.65
2016-02-26,612,4.81,5.15,5.28,4.66,294705,169367479.0,12.68,5.32,0.26,3.08
2016-06-27,612,5.2,5.74,5.74,5.06,500712,309762192.0,13.2,11.46,0.59,5.17
2016-06-28,612,5.71,5.93,6.38,5.63,490056,334078992.0,13.07,3.31,0.19,5.06
2016-06-29,612,6.02,6.31,6.5,6.02,472512,331199008.0,8.09,6.41,0.38,4.88
2016-06-30,612,6.42,6.35,6.46,6.11,317292,223884628.0,5.55,0.63,0.04,3.28
2016-07-01,612,6.31,6.79,6.94,6.26,491739,366890560.0,10.71,6.93,0.44,5.08
2016-07-04,612,6.81,7.31,7.46,6.81,564673,450535792.0,9.57,7.66,0.52,5.83
2016-07-05,612,7.36,8.12,8.12,7.33,842680,730896864.0,10.81,11.08,0.81,8.7
2016-07-06,612,8.21,7.97,8.27,7.86,620744,548523776.0,5.05,-1.85,-0.15,6.41
2016-07-07,612,7.98,7.82,8.09,7.67,553843,478064448.0,5.27,-1.88,-0.15,5.72
2016-07-08,612,7.76,7.71,8.0,7.68,375096,323292176.0,4.09,-1.41,-0.11,3.87
2016-07-11,612,7.82,7.61,7.86,7.53,365014,308961712.0,4.28,-1.3,-0.1,3.77
2016-07-12,612,7.64,7.66,7.87,7.39,407219,343579056.0,6.31,0.66,0.05,4.2
2016-07-13,612,7.66,7.62,7.76,7.46,230813,193987736.0,3.92,-0.52,-0.04,2.38
2016-07-14,612,7.77,7.44,7.81,7.35,250091,208906853.0,6.04,-2.36,-0.18,2.58
2016-07-15,612,7.38,7.21,7.5,7.17,226938,182651671.0,4.44,-3.09,-0.23,2.34
2016-07-18,612,7.21,7.09,7.36,7.03,175179,139326564.0,4.58,-1.66,-0.12,1.81
2016-07-19,612,7.13,7.37,7.38,7.01,244884,195790476.0,5.22,3.95,0.28,2.53
2016-07-21,612,7.11,7.01,7.2,6.91,319169,250107772.0,3.93,-4.88,-0.36,3.3
2016-07-22,612,7.03,6.64,7.04,6.54,264870,200330111.0,7.13,-5.28,-0.37,2.73
2016-07-25,612,6.61,6.71,6.81,6.55,133248,99476656.0,3.92,1.05,0.07,1.38
2016-07-26,612,6.71,6.74,6.89,6.68,130333,99059466.0,3.13,0.45,0.03,1.35
2016-07-27,612,6.72,6.52,6.8,6.32,284022,209479577.0,7.12,-3.26,-0.22,2.93
2016-07-28,612,6.65,6.76,6.94,6.61,279115,210824194.0,5.06,3.68,0.24,2.88
2016-07-29,612,6.81,6.77,6.91,6.53,191411,144075473.0,5.62,0.15,0.01,1.98
2016-08-01,612,6.77,6.83,6.86,6.65,147831,111938368.0,3.1,0.89,0.06,1.53
2016-08-02,612,6.81,6.67,6.82,6.56,138172,103302845.0,3.81,-2.34,-0.16,1.43
2016-08-03,612,6.62,6.86,6.86,6.57,140132,105252703.0,4.35,2.85,0.19,1.45
2016-08-04,612,6.85,6.84,6.97,6.76,120160,91887186.0,3.06,-0.29,-0.02,1.24
2016-08-05,612,6.76,6.67,6.83,6.6,138982,103869491.0,3.36,-2.49,-0.17,1.43
2016-08-08,612,6.67,6.69,6.8,6.6,110983,83239209.0,3.0,0.3,0.02,1.15
2016-08-09,612,6.7,6.75,6.83,6.69,88963,67247928.0,2.09,0.9,0.06,0.92
2016-08-10,612,6.76,7.5,7.5,6.73,419340,341141872.0,11.41,11.11,0.75,4.33
2016-08-11,612,7.57,7.89,8.11,7.57,674073,580673616.0,7.2,5.2,0.39,6.95
2016-08-12,612,7.91,7.78,7.91,7.57,375394,318607936.0,4.31,-1.39,-0.11,3.87
2016-08-15,612,7.79,7.81,8.05,7.53,395581,338741280.0,6.68,0.39,0.03,4.08
2016-08-16,612,7.68,7.83,7.99,7.57,339475,290528624.0,5.38,0.26,0.02,3.5
2016-08-17,612,7.79,7.96,7.96,7.69,318522,275220832.0,3.45,1.66,0.13,3.29
2016-08-18,612,7.91,7.62,8.31,7.61,385702,334389264.0,8.79,-4.27,-0.34,3.98
2016-08-19,612,7.5,7.53,7.62,7.44,181399,150575363.0,2.36,-1.18,-0.09,1.87
2016-08-22,612,7.51,7.18,7.62,7.16,191512,156240783.0,6.11,-4.65,-0.35,1.98
2016-08-23,612,7.11,7.26,7.3,7.09,117257,94023925.0,2.92,1.11,0.08,1.21
2016-08-24,612,7.24,7.41,7.56,7.22,160432,131998602.0,4.68,2.07,0.15,1.66
2016-08-25,612,7.3,7.43,7.51,7.26,105828,86619424.0,3.37,0.27,0.02,1.09
2016-08-26,612,7.44,7.4,7.54,7.33,86277,71043371.0,2.83,-0.4,-0.03,0.89
2016-08-29,612,7.36,7.29,7.38,7.26,62151,50296010.0,1.62,-1.49,-0.11,0.64
2016-08-30,612,7.3,7.37,7.49,7.3,67136,54995811.0,2.61,1.1,0.08,0.69
2016-08-31,612,7.37,7.27,7.4,7.12,92854,74645381.0,3.8,-1.36,-0.1,0.96
2016-09-01,612,7.27,7.19,7.35,7.19,66494,53397873.0,2.2,-1.1,-0.08,0.69
2016-09-02,612,7.22,7.22,7.3,7.15,52536,42068816.0,2.09,0.42,0.03,0.54
2016-09-05,612,7.26,7.31,7.36,7.24,74644,60454860.0,1.66,1.25,0.09,0.77
2016-09-06,612,7.37,7.27,7.37,7.11,88050,70641274.0,3.56,-0.55,-0.04,0.91
2016-09-07,612,7.31,7.23,7.37,7.22,64663,52281649.0,2.06,-0.55,-0.04,0.67
2016-09-08,612,7.22,7.2,7.27,7.16,56859,45418988.0,1.52,-0.41,-0.03,0.59
2016-09-09,612,7.23,7.29,7.35,7.23,93597,75868928.0,1.67,1.25,0.09,0.97
2016-09-12,612,7.11,7.05,7.25,6.96,109816,86738592.0,3.98,-3.29,-0.24,1.13
2016-09-13,612,7.09,7.07,7.15,7.01,57909,45566532.0,1.99,0.28,0.02,0.6
2016-09-14,612,7.06,7.4,7.58,6.97,187012,152179426.0,8.63,4.67,0.33,1.89
2016-09-19,612,7.43,7.66,7.8,7.43,223857,189415303.0,5.0,3.51,0.26,2.26
2016-09-20,612,7.7,7.64,7.8,7.54,151052,127509886.0,3.39,-0.26,-0.02,1.53
2016-09-21,612,7.68,8.01,8.19,7.68,354669,309588608.0,6.68,4.84,0.37,3.58
2016-09-22,612,8.09,7.92,8.26,7.84,259057,227814937.0,5.24,-1.12,-0.09,2.62
2016-09-23,612,7.92,7.98,8.03,7.79,186813,161962461.0,3.03,0.76,0.06,1.89
2016-09-26,612,8.0,8.13,8.45,7.97,546340,479713664.0,6.02,1.88,0.15,5.52
2016-09-27,612,8.13,8.14,8.22,7.87,217963,187418387.0,4.31,0.12,0.01,2.2
2016-09-28,612,8.01,7.71,8.12,7.64,252446,210774449.0,5.9,-5.28,-0.43,2.55
2016-09-29,612,7.73,7.73,7.9,7.65,143292,118642029.0,3.24,0.26,0.02,1.45
2016-09-30,612,7.76,7.8,7.95,7.75,157366,131685150.0,2.59,0.91,0.07,1.59
2016-10-10,612,7.86,7.78,7.93,7.67,162486,135028728.0,3.33,-0.26,-0.02,1.64
2016-10-11,612,7.7,7.76,7.85,7.56,301517,247805129.0,3.73,-0.26,-0.02,3.04
2016-10-12,612,8.06,7.81,8.07,7.75,312411,262969086.0,4.12,0.64,0.05,3.15
2016-10-13,612,7.76,7.48,7.84,7.48,337474,277002880.0,4.61,-4.23,-0.33,3.4
2016-10-14,612,7.49,7.63,7.65,7.36,200583,161493913.0,3.88,2.01,0.15,2.02
2016-10-17,612,7.63,7.56,7.75,7.49,165651,134801754.0,3.41,-0.92,-0.07,1.67
2016-10-18,612,7.56,7.6,7.61,7.37,135021,109008942.0,3.17,0.53,0.04,1.36
2016-10-19,612,7.62,7.66,7.76,7.61,141609,116286762.0,1.97,0.79,0.06,1.43
2016-10-20,612,7.66,7.58,7.66,7.52,107960,87688337.0,1.83,-1.04,-0.08,1.09
2016-10-21,612,7.6,7.57,7.64,7.42,128543,103742402.0,2.9,-0.13,-0.01,1.3
2016-10-24,612,7.54,7.62,7.78,7.47,293117,240431245.0,4.1,0.66,0.05,2.96
2016-10-25,612,7.64,8.09,8.12,7.64,481776,409069904.0,6.3,6.17,0.47,4.86
2016-10-26,612,8.28,8.05,8.41,7.96,457399,398803936.0,5.56,-0.49,-0.04,4.61
2016-10-27,612,8.13,7.96,8.14,7.86,232496,197060934.0,3.48,-1.12,-0.09,2.35
2016-10-28,612,7.96,7.69,7.96,7.66,219682,182750333.0,3.77,-3.39,-0.27,2.22
2016-10-31,612,7.67,7.71,7.78,7.56,184542,151469278.0,2.86,0.26,0.02,1.86
2016-11-01,612,7.69,7.77,7.82,7.65,173352,143623016.0,2.2,0.78,0.06,1.75
2016-11-02,612,7.73,8.6,8.6,7.68,806718,727402832.0,11.84,10.68,0.83,8.14
2016-11-03,612,8.8,8.36,8.95,8.34,1101994,1007868944.0,7.09,-2.79,-0.24,11.12
2016-11-04,612,8.27,8.47,8.74,8.19,626639,566170752.0,6.58,1.32,0.11,6.32
2016-11-07,612,8.39,8.98,8.98,8.36,918447,852456368.0,7.32,6.02,0.51,9.27
2016-11-08,612,9.06,9.24,9.93,8.96,1103162,1087737856.0,10.8,2.9,0.26,11.13
2016-11-09,612,9.29,9.06,9.29,8.74,773313,735106688.0,5.95,-1.95,-0.18,7.8
2016-11-10,612,9.22,9.04,9.52,8.96,700947,677430976.0,6.18,-0.22,-0.02,7.07
2016-11-11,612,8.95,9.25,9.51,8.79,1063580,1040484080.0,7.96,2.32,0.21,10.73
2016-11-14,612,8.91,8.89,9.29,8.8,707892,672466064.0,5.3,-3.89,-0.36,7.14
2016-11-15,612,8.87,8.78,9.05,8.76,423403,397886720.0,3.26,-1.24,-0.11,4.27
2016-11-16,612,8.82,8.62,8.87,8.56,395369,362613488.0,3.53,-1.82,-0.16,3.99
2016-11-17,612,8.56,8.68,8.72,8.52,194001,178004063.0,2.32,0.7,0.06,1.96
2016-11-18,612,8.68,8.6,8.68,8.49,233918,212644723.0,2.19,-0.92,-0.08,2.36
2016-11-21,612,8.56,8.64,8.75,8.46,327895,299228352.0,3.37,0.47,0.04,3.31
2016-11-22,612,8.62,9.05,9.07,8.59,695364,658240416.0,5.56,4.75,0.41,7.02
2016-11-23,612,9.09,8.87,9.14,8.77,344887,325761664.0,4.09,-1.99,-0.18,3.48
2016-11-24,612,8.9,8.94,9.39,8.62,412998,390889104.0,8.68,0.79,0.07,4.17
2016-11-25,612,8.92,8.82,8.96,8.56,239210,222234139.0,4.47,-1.34,-0.12,2.41
2016-11-28,612,8.79,8.73,8.92,8.67,260734,243613506.0,2.83,-1.02,-0.09,2.63
2016-11-29,612,8.66,8.61,8.75,8.51,324123,296300928.0,2.75,-1.37,-0.12,3.27
2016-11-30,612,8.51,8.57,8.66,8.48,208361,190031864.0,2.09,-0.46,-0.04,2.1
2016-12-01,612,8.66,8.63,8.73,8.54,185361,169976221.0,2.22,0.7,0.06,1.87
2016-12-02,612,8.59,8.63,8.65,8.53,179541,163870651.0,1.39,0.0,0.0,1.81
2016-12-05,612,8.56,8.69,8.72,8.48,144715,132513849.0,2.78,0.7,0.06,1.46
2016-12-06,612,8.72,8.59,8.8,8.56,140366,128725485.0,2.76,-1.15,-0.1,1.42
2016-12-07,612,8.54,8.63,8.66,8.54,127380,116412577.0,1.4,0.47,0.04,1.29
2016-12-08,612,8.58,8.58,8.67,8.56,108863,99387141.0,1.27,-0.58,-0.05,1.1
2016-12-09,612,8.57,8.58,8.59,8.47,179415,162955574.0,1.4,0.0,0.0,1.81
2016-12-12,612,8.61,8.3,8.69,8.28,272524,247755277.0,4.78,-3.26,-0.28,2.75
2016-12-13,612,8.24,8.46,8.48,8.17,186005,165158172.0,3.73,1.93,0.16,1.88
2016-12-14,612,8.47,8.43,8.56,8.37,94261,84871798.0,2.25,-0.35,-0.03,0.95
2016-12-15,612,8.32,8.72,8.72,8.32,186132,170129806.0,4.74,3.44,0.29,1.88
2016-12-16,612,8.74,8.88,9.12,8.74,439970,418111776.0,4.36,1.83,0.16,4.44
2016-12-19,612,8.99,9.2,9.31,8.88,467012,453460048.0,4.84,3.6,0.32,4.71
2016-12-20,612,9.12,9.2,9.31,9.08,269094,262367774.0,2.5,0.0,0.0,2.71
2016-12-21,612,9.17,9.48,9.54,9.17,456235,451878656.0,4.02,3.04,0.28,4.6
2016-12-22,612,9.51,10.26,10.48,9.49,838433,895000496.0,10.44,8.23,0.78,8.46
2016-12-23,612,10.16,9.95,10.51,9.71,590709,629195984.0,7.8,-3.02,-0.31,5.96
2016-12-26,612,9.85,10.04,10.11,9.66,290188,304299456.0,4.52,0.9,0.09,2.93
2016-12-27,612,10.46,9.82,10.47,9.76,452249,484735648.0,7.07,-2.19,-0.22,4.56
2016-12-28,612,9.65,9.96,10.04,9.54,305915,315056160.0,5.09,1.43,0.14,3.09
2016-12-29,612,9.97,10.15,10.51,9.96,398609,432425072.0,5.52,1.91,0.19,4.02
2016-12-30,612,10.09,11.01,11.14,10.09,757749,850814368.0,10.34,8.47,0.86,7.64
2017-01-03,612,11.06,11.07,11.46,10.78,517795,598041824.0,6.18,0.54,0.06,5.22
2017-01-04,612,10.96,11.46,11.76,10.96,846512,1014964928.0,7.23,3.52,0.39,8.54
2017-01-05,612,11.55,11.29,11.93,11.08,530617,639291808.0,7.42,-1.48,-0.17,5.35
2017-01-06,612,11.12,11.23,11.41,11.12,258480,303954192.0,2.57,-0.53,-0.06,2.61
2017-01-09,612,11.26,10.9,11.43,10.8,287988,331880992.0,5.61,-2.94,-0.33,2.91
2017-01-10,612,11.07,11.15,11.36,10.94,252567,296191296.0,3.85,2.29,0.25,2.55
2017-01-11,612,11.09,10.65,11.16,10.51,222131,254255237.0,5.83,-4.48,-0.5,2.24
2017-01-12,612,10.77,10.37,10.85,10.25,224327,247209245.0,5.63,-2.63,-0.28,2.26
2017-01-13,612,10.53,10.29,10.62,10.27,144875,158973195.0,3.38,-0.77,-0.08,1.46
2017-01-16,612,10.39,10.33,10.62,9.91,262292,286181616.0,6.9,0.39,0.04,2.65
2017-01-17,612,10.46,10.78,10.8,10.26,180992,200477374.0,5.23,4.36,0.45,1.83
2017-01-18,612,10.74,10.89,11.03,10.71,178878,204513222.0,2.97,1.02,0.11,1.8
2017-01-19,612,10.82,10.34,10.93,10.31,179138,199045527.0,5.69,-5.05,-0.55,1.81
2017-01-20,612,10.35,10.45,10.52,10.14,112426,123060714.0,3.68,1.06,0.11,1.13
2017-01-23,612,10.42,10.87,10.94,10.42,143760,161947908.0,4.98,4.02,0.42,1.45
2017-01-24,612,10.86,11.3,11.39,10.83,271234,318198592.0,5.15,3.96,0.43,2.74
2017-01-25,612,11.22,10.86,11.37,10.65,394054,452304144.0,6.37,-3.89,-0.44,3.98
2017-01-26,612,10.8,11.07,11.19,10.7,220296,252921416.0,4.51,1.93,0.21,2.22
2017-02-03,612,11.04,10.86,11.04,10.76,83137,94942001.0,2.53,-1.9,-0.21,0.84
2017-02-06,612,10.89,10.81,10.93,10.56,78616,88528758.0,3.41,-0.46,-0.05,0.79
2017-02-07,612,10.72,11.03,11.06,10.72,142654,163478028.0,3.15,2.04,0.22,1.44
2017-02-08,612,11.04,10.95,11.05,10.84,106951,122486180.0,1.9,-0.73,-0.08,1.08
2017-02-09,612,10.92,10.89,10.97,10.8,84403,96210966.0,1.55,-0.55,-0.06,0.85
2017-02-10,612,10.95,11.11,11.27,10.95,295691,345006944.0,2.94,2.02,0.22,2.98
2017-02-13,612,11.19,11.04,11.28,11.0,231204,270073744.0,2.52,-0.63,-0.07,2.33
2017-02-14,612,11.09,11.52,11.56,10.96,456814,538449664.0,5.43,4.35,0.48,4.61
2017-02-15,612,11.39,11.19,11.45,11.11,255763,302348592.0,2.95,-2.86,-0.33,2.58
2017-02-16,612,11.09,11.16,11.26,11.06,146488,171507298.0,1.79,-0.27,-0.03,1.48
2017-02-17,612,11.1,11.03,11.16,11.02,136785,158913994.0,1.25,-1.16,-0.13,1.38
2017-02-20,612,11.01,11.06,11.1,10.97,101268,117178647.0,1.18,0.27,0.03,1.02
2017-02-21,612,11.07,10.99,11.11,10.93,124023,142851611.0,1.63,-0.63,-0.07,1.25
2017-02-22,612,11.05,10.86,11.05,10.78,146096,166721964.0,2.46,-1.18,-0.13,1.47
2017-02-23,612,10.81,10.78,10.88,10.53,199510,223653667.0,3.22,-0.74,-0.08,2.01
2017-02-24,612,10.71,10.7,10.78,10.59,62021,69700357.0,1.76,-0.74,-0.08,0.63
2017-02-27,612,10.71,10.5,10.72,10.47,90491,100602929.0,2.34,-1.87,-0.2,0.91
2017-02-28,612,10.48,10.51,10.59,10.37,66060,72821267.0,2.1,0.1,0.01,0.67
2017-03-01,612,10.51,10.94,11.04,10.49,175515,199811346.0,5.23,4.09,0.43,1.77
2017-03-02,612,10.95,10.86,11.03,10.86,103242,118621576.0,1.55,-0.73,-0.08,1.04
2017-03-03,612,10.85,10.83,10.95,10.56,92191,104278204.0,3.59,-0.28,-0.03,0.93
2017-03-06,612,10.83,10.82,10.89,10.65,59411,67121391.0,2.22,-0.09,-0.01,0.6
2017-03-07,612,10.74,10.57,10.82,10.51,111074,123968922.0,2.87,-2.31,-0.25,1.12
2017-03-08,612,10.57,10.56,10.64,10.49,54578,60499796.0,1.42,-0.09,-0.01,0.55
2017-03-09,612,10.53,10.49,10.55,10.43,58957,64947980.0,1.14,-0.66,-0.07,0.59
2017-03-10,612,10.53,10.53,10.68,10.5,66494,74069905.0,1.72,0.38,0.04,0.67
2017-03-13,612,10.51,10.54,10.58,10.49,52860,58581400.0,0.85,0.09,0.01,0.53
2017-03-14,612,10.57,10.03,10.58,9.96,186230,200030167.0,5.88,-4.84,-0.51,1.88
2017-03-15,612,9.91,9.64,10.03,9.51,159352,163739220.0,5.18,-3.89,-0.39,1.59
2017-03-16,612,9.67,9.72,9.76,9.59,87491,89416142.0,1.76,0.83,0.08,0.87
2017-03-17,612,9.72,9.61,9.74,9.56,71656,73102845.0,1.85,-1.13,-0.11,0.72
2017-03-20,612,9.62,9.52,9.66,9.45,89440,89743133.0,2.19,-0.94,-0.09,0.89
2017-03-21,612,9.54,10.0,10.04,9.42,191462,198206690.0,6.51,5.04,0.48,1.91
2017-03-22,612,9.84,9.63,9.94,9.62,94772,97607961.0,3.2,-3.7,-0.37,0.95
2017-03-23,612,9.64,9.56,9.7,9.49,82790,83890909.0,2.18,-0.73,-0.07,0.83
2017-03-24,612,9.56,9.6,9.68,9.54,57764,58655650.0,1.46,0.42,0.04,0.58
2017-03-27,612,9.6,9.65,9.68,9.56,65297,66459161.0,1.25,0.52,0.05,0.65
2017-03-28,612,9.66,9.65,9.73,9.61,49696,50714530.0,1.24,0.0,0.0,0.5
2017-03-29,612,9.64,9.47,9.7,9.46,80530,81120856.0,2.49,-1.87,-0.18,0.8
2017-03-30,612,9.47,8.83,9.54,8.78,166067,159868976.0,8.03,-6.76,-0.64,1.66
2017-03-31,612,8.85,9.03,9.23,8.85,92549,88647011.0,4.3,2.27,0.2,0.92
2017-04-05,612,9.02,9.09,9.13,8.86,104835,100376177.0,2.99,0.66,0.06,1.05
2017-04-06,612,9.09,8.99,9.12,8.96,112754,107880757.0,1.76,-1.1,-0.1,1.13
2017-04-07,612,8.99,9.0,9.07,8.91,68694,65528761.0,1.78,0.11,0.01,0.69
2017-04-10,612,9.0,9.03,9.15,8.75,105561,100061366.0,4.44,0.33,0.03,1.05
2017-04-11,612,8.99,9.17,9.2,8.97,92970,89674837.0,2.55,1.55,0.14,0.93
2017-04-12,612,9.2,9.12,9.3,8.98,72303,69987821.0,3.49,-0.55,-0.05,0.72
2017-04-13,612,9.06,9.05,9.24,9.02,49705,47931060.0,2.41,-0.77,-0.07,0.5
2017-04-14,612,9.13,9.02,9.15,8.98,52253,50117769.0,1.88,-0.33,-0.03,0.52
2017-04-17,612,9.22,9.19,9.23,9.05,115363,111971956.0,2.0,1.88,0.17,1.15
2017-04-18,612,9.15,9.08,9.23,9.0,75891,73405013.0,2.5,-1.2,-0.11,0.76
2017-04-19,612,9.02,8.89,9.02,8.46,131454,121268666.0,6.17,-2.09,-0.19,1.31
2017-04-20,612,8.87,8.9,8.94,8.77,59348,55931079.0,1.91,0.11,0.01,0.59
2017-04-21,612,8.91,8.91,9.01,8.74,66753,62678359.0,3.03,0.11,0.01,0.67
2017-04-24,612,8.87,8.75,8.93,8.75,78530,73586423.0,2.02,-1.8,-0.16,0.78
2017-04-25,612,8.75,8.72,8.83,8.55,72299,67252586.0,3.2,-0.34,-0.03,0.72
2017-04-26,612,8.67,8.8,8.83,8.67,66222,61856982.0,1.83,0.92,0.08,0.66
2017-04-27,612,8.82,8.72,8.82,8.56,61599,57153027.0,2.95,-0.91,-0.08,0.62
2017-04-28,612,8.64,8.77,8.78,8.64,43804,40712997.0,1.61,0.57,0.05,0.44
2017-05-02,612,8.81,8.75,8.83,8.72,43728,40643887.0,1.25,-0.23,-0.02,0.44
2017-05-03,612,8.69,8.66,8.77,8.52,63247,58047795.0,2.86,-1.03,-0.09,0.63
2017-05-04,612,8.66,8.55,8.71,8.51,41185,37758662.0,2.31,-1.27,-0.11,0.41
2017-05-05,612,8.54,8.59,8.7,8.5,48928,44721787.0,2.34,0.47,0.04,0.49
2017-05-08,612,8.54,8.49,8.64,8.38,51062,46395017.0,3.03,-1.16,-0.1,0.51
2017-05-09,612,8.44,8.51,8.54,8.42,43766,39561495.0,1.41,0.24,0.02,0.44
2017-05-10,612,8.51,8.42,8.61,8.39,46026,41774311.0,2.59,-1.06,-0.09,0.46
2017-05-11,612,8.36,7.52,8.36,7.52,178345,146238330.0,9.98,-10.69,-0.9,1.78
2017-05-12,612,7.49,7.46,7.55,7.14,97575,77969223.0,5.45,-0.8,-0.06,0.97
2017-05-15,612,7.46,7.14,7.52,7.14,73121,56889296.0,5.09,-4.29,-0.32,0.73
2017-05-16,612,7.08,7.28,7.34,7.0,72908,56636264.0,4.76,1.96,0.14,0.73
2017-05-17,612,7.23,7.5,7.71,7.23,70556,57018229.0,6.59,3.02,0.22,0.7
2017-05-18,612,7.46,7.5,7.62,7.42,42927,34646971.0,2.67,0.0,0.0,0.43
2017-05-19,612,7.48,7.36,7.55,7.33,45101,35831901.0,2.93,-1.87,-0.14,0.45
2017-05-22,612,7.35,7.42,7.53,7.31,50180,40147040.0,2.99,0.82,0.06,0.5
2017-05-23,612,7.43,7.05,7.48,7.0,57190,44260389.0,6.47,-4.99,-0.37,0.57
2017-05-24,612,6.99,6.97,7.11,6.84,46895,35250551.0,3.83,-1.13,-0.08,0.47
2017-05-25,612,6.96,7.2,7.23,6.92,55644,42395533.0,4.45,3.3,0.23,0.56
2017-05-26,612,7.18,7.46,7.54,7.12,66310,52686816.0,5.83,3.61,0.26,0.66
2017-05-31,612,7.54,7.21,7.64,7.18,60233,47639049.0,6.17,-3.35,-0.25,0.6
2017-06-01,612,7.21,7.02,7.29,7.0,48681,37276034.0,4.02,-2.64,-0.19,0.49
2017-06-02,612,7.06,6.91,7.11,6.71,69818,52005560.0,5.7,-1.57,-0.11,0.7
2017-06-05,612,6.95,7.2,7.2,6.95,52118,39790920.0,3.62,4.2,0.29,0.52
2017-06-06,612,7.2,7.27,7.31,7.1,46569,36200629.0,2.92,0.97,0.07,0.47
2017-06-07,612,7.27,7.33,7.51,7.22,56558,44874106.0,3.99,0.83,0.06,0.56
2017-06-08,612,7.33,7.31,7.43,7.27,36987,29080605.0,2.18,-0.27,-0.02,0.37
2017-06-09,612,7.31,7.2,7.31,7.14,40145,31084089.0,2.33,-1.5,-0.11,0.4
2017-06-12,612,7.21,6.98,7.21,6.94,43629,33139124.0,3.75,-3.06,-0.22,0.44
2017-06-13,612,6.98,7.16,7.23,6.98,49515,37958233.0,3.58,2.58,0.18,0.49
2017-06-14,612,7.16,7.19,7.26,7.15,36581,28309053.0,1.54,0.42,0.03,0.37
2017-06-15,612,7.17,7.39,7.52,7.14,74292,58781131.0,5.29,2.78,0.2,0.74
2017-06-16,612,7.36,7.39,7.46,7.29,44826,35564365.0,2.3,0.0,0.0,0.45
2017-06-19,612,7.38,7.47,7.48,7.31,44810,35642493.0,2.3,1.08,0.08,0.45
2017-06-20,612,7.47,7.63,7.64,7.39,64996,52651990.0,3.35,2.14,0.16,0.65
2017-06-21,612,7.66,7.54,7.71,7.49,57365,46621721.0,2.88,-1.18,-0.09,0.57
2017-06-22,612,7.52,7.36,7.56,7.34,56672,45299161.0,2.92,-2.39,-0.18,0.57
2017-06-23,612,7.36,7.39,7.43,7.26,33285,26196442.0,2.31,0.41,0.03,0.33
2017-06-26,612,7.36,7.59,7.61,7.36,49220,39670094.0,3.38,2.71,0.2,0.49
2017-06-27,612,7.65,7.5,7.65,7.42,42959,34546775.0,3.03,-1.19,-0.09,0.43
2017-06-28,612,7.46,7.5,7.59,7.42,34366,27655291.0,2.27,0.0,0.0,0.34
2017-06-29,612,7.48,7.56,7.66,7.48,52536,42714912.0,2.4,0.8,0.06,0.52
2017-06-30,612,7.5,7.51,7.56,7.44,34092,27428919.0,1.59,-0.66,-0.05,0.34
2017-07-03,612,7.51,7.61,7.61,7.48,40311,32649537.0,1.73,1.33,0.1,0.4
2017-07-04,612,7.61,7.51,7.66,7.49,44514,36107339.0,2.23,-1.31,-0.1,0.45
2017-07-05,612,7.52,7.77,7.81,7.52,84023,69128945.0,3.86,3.46,0.26,0.84
2017-07-06,612,7.76,8.06,8.44,7.74,173495,150389441.0,9.01,3.73,0.29,1.74
2017-07-07,612,8.13,8.4,8.4,7.99,160233,140956740.0,5.09,4.22,0.34,1.6
2017-07-10,612,8.23,8.23,8.56,8.21,138825,123407893.0,4.17,-2.02,-0.17,1.39
2017-07-11,612,8.2,8.03,8.34,8.02,93536,81733442.0,3.89,-2.43,-0.2,0.94
2017-07-12,612,7.99,8.17,8.18,7.86,78381,67017846.0,3.99,1.74,0.14,0.78
2017-07-13,612,8.13,8.33,8.45,8.08,106871,94313569.0,4.53,1.96,0.16,1.07
2017-07-14,612,8.33,8.18,8.33,8.1,62891,54931527.0,2.76,-1.8,-0.15,0.63
2017-07-17,612,8.13,7.89,8.26,7.56,106082,90147402.0,8.56,-3.55,-0.29,1.06
2017-07-18,612,7.86,8.0,8.0,7.85,75096,63682492.0,1.9,1.39,0.11,0.75
2017-07-19,612,7.96,8.85,8.85,7.96,519593,480897536.0,11.13,10.63,0.85,5.2
2017-07-20,612,9.01,8.96,9.04,8.71,485486,456836384.0,3.73,1.24,0.11,4.86
2017-07-21,612,8.83,8.85,8.95,8.67,210649,196157414.0,3.13,-1.23,-0.11,2.11
2017-07-24,612,8.73,8.79,8.92,8.67,153876,143396631.0,2.82,-0.68,-0.06,1.54
2017-07-25,612,8.73,8.58,8.82,8.49,178259,163955831.0,3.75,-2.39,-0.21,1.78
2017-07-26,612,8.81,8.56,8.84,8.46,184923,170062937.0,4.43,-0.23,-0.02,1.85
2017-07-27,612,8.48,8.34,8.56,8.17,177931,158068293.0,4.56,-2.57,-0.22,1.78
2017-07-28,612,8.33,8.61,8.66,8.24,176015,159115801.0,5.04,3.24,0.27,1.76
2017-07-31,612,8.54,9.08,9.23,8.47,382903,361230192.0,8.83,5.46,0.47,3.83
2017-08-01,612,8.95,8.71,9.01,8.68,236069,220433235.0,3.63,-4.07,-0.37,2.36
2017-08-02,612,8.69,9.01,9.49,8.67,435041,419356128.0,9.41,3.44,0.3,4.35
2017-08-03,612,8.93,9.34,9.6,8.92,397942,391201008.0,7.55,3.66,0.33,3.98
2017-08-04,612,9.35,9.82,9.89,9.26,501633,512964448.0,6.75,5.14,0.48,5.02
2017-08-07,612,9.81,10.43,10.55,9.38,547922,577941344.0,11.91,6.21,0.61,5.48
2017-08-08,612,10.43,10.27,11.06,10.21,660890,732263888.0,8.15,-1.53,-0.16,6.61
2017-08-09,612,10.66,10.56,10.91,10.27,469491,519142304.0,6.23,2.82,0.29,4.7
2017-08-10,612,10.34,10.43,10.71,10.22,398812,437896080.0,4.64,-1.23,-0.13,3.99
2017-08-11,612,10.22,9.33,10.22,9.33,450297,461006768.0,8.53,-10.55,-1.1,4.51
2017-08-14,612,9.35,9.44,9.66,9.16,223768,223279362.0,5.36,1.18,0.11,2.24
2017-08-15,612,9.36,9.5,9.65,9.26,139268,139638304.0,4.13,0.64,0.06,1.39
2017-08-16,612,9.61,9.54,9.8,9.33,180982,183307666.0,4.95,0.42,0.04,1.81
2017-08-17,612,9.78,9.55,9.81,9.41,178494,181070960.0,4.19,0.1,0.01,1.79
2017-08-18,612,9.31,9.26,9.44,9.1,191311,187179521.0,3.56,-3.04,-0.29,1.91
2017-08-21,612,9.18,9.39,9.51,9.15,184213,182644979.0,3.89,1.4,0.13,1.84
2017-08-22,612,9.31,9.19,9.42,9.13,129304,126593649.0,3.09,-2.13,-0.2,1.29
2017-08-23,612,9.13,8.82,9.13,8.63,199804,186874142.0,5.44,-4.03,-0.37,2.0
2017-08-24,612,8.99,8.79,9.06,8.76,104014,98072231.0,3.4,-0.34,-0.03,1.04
2017-08-25,612,8.74,9.04,9.22,8.73,137537,131563408.0,5.57,2.84,0.25,1.38
2017-08-28,612,8.95,9.18,9.19,8.88,145714,139873390.0,3.43,1.55,0.14,1.46
2017-08-29,612,9.13,9.19,9.49,9.12,160284,157785775.0,4.03,0.11,0.01,1.6
2017-08-30,612,9.16,9.54,9.64,9.11,240911,239737040.0,5.77,3.81,0.35,2.41
2017-08-31,612,9.45,9.6,9.71,9.36,184940,186096011.0,3.67,0.63,0.06,1.85
2017-09-01,612,9.61,9.69,9.92,9.56,238089,244940635.0,3.75,0.94,0.09,2.38
2017-09-04,612,9.74,9.71,9.94,9.53,198733,204266543.0,4.23,0.21,0.02,1.99
2017-09-05,612,9.58,9.47,9.62,9.36,176509,176843222.0,2.68,-2.47,-0.24,1.77
2017-09-06,612,9.45,9.66,9.76,9.37,178668,181741761.0,4.12,2.01,0.19,1.79
2017-09-07,612,9.47,9.57,9.71,9.45,192055,194134162.0,2.69,-0.93,-0.09,1.92
2017-09-08,612,9.49,9.48,9.69,9.37,118342,119170318.0,3.34,-0.94,-0.09,1.18
2017-09-11,612,9.7,10.28,10.45,9.7,413392,443335360.0,7.91,8.44,0.8,4.14
2017-09-12,612,10.45,10.74,11.23,10.09,623979,699106512.0,11.09,4.47,0.46,6.24
2017-09-13,612,10.78,10.7,10.91,10.57,267135,300873520.0,3.17,-0.37,-0.04,2.67
2017-09-14,612,10.69,10.76,10.81,10.48,238077,266699986.0,3.08,0.56,0.06,2.38
2017-09-15,612,10.73,10.17,10.74,10.11,296282,322108784.0,5.86,-5.48,-0.59,2.97
2017-09-18,612,10.16,10.19,10.4,9.99,97708,105228803.0,4.03,0.2,0.02,0.98
2017-09-19,612,10.18,10.43,10.54,10.11,174498,190296035.0,4.22,2.36,0.24,1.75
2017-09-20,612,10.32,10.93,11.03,10.31,401479,455254800.0,6.9,4.79,0.5,4.02
2017-09-21,612,10.79,10.47,10.89,10.46,256222,285809504.0,3.93,-4.21,-0.46,2.56
2017-09-22,612,10.34,10.26,10.34,10.09,193591,207537473.0,2.39,-2.01,-0.21,1.94
2017-09-25,612,10.22,10.27,10.37,10.15,102632,110702682.0,2.14,0.1,0.01,1.03
2017-09-26,612,10.24,10.48,10.5,10.19,121081,132547685.0,3.02,2.04,0.21,1.21
2017-09-27,612,10.41,10.4,10.5,10.31,70691,77263593.0,1.81,-0.76,-0.08,0.71
2017-09-28,612,10.32,10.21,10.39,10.11,139148,149258595.0,2.69,-1.83,-0.19,1.39
2017-09-29,612,10.27,10.03,10.33,10.02,78741,83813051.0,3.04,-1.76,-0.18,0.79
2017-10-09,612,10.21,10.08,10.3,10.01,71626,76142841.0,2.89,0.5,0.05,0.72
2017-10-10,612,10.08,9.92,10.08,9.81,91271,95015611.0,2.68,-1.59,-0.16,0.91
2017-10-11,612,9.92,9.74,9.92,9.69,128351,131887352.0,2.32,-1.81,-0.18,1.28
2017-10-12,612,9.72,9.81,9.85,9.69,125667,129700429.0,1.64,0.72,0.07,1.26
2017-10-13,612,9.92,9.88,10.24,9.84,167643,177743692.0,4.08,0.71,0.07,1.68
2017-10-16,612,9.71,9.86,10.16,9.48,154215,158496493.0,6.88,-0.2,-0.02,1.54
2017-10-17,612,9.71,9.69,9.92,9.54,101814,103846274.0,3.85,-1.72,-0.17,1.02
2017-10-18,612,9.67,9.7,9.79,9.61,55125,56243098.0,1.86,0.1,0.01,0.55
2017-10-19,612,9.7,9.64,9.7,9.49,55509,56138038.0,2.16,-0.62,-0.06,0.56
2017-10-20,612,9.57,9.7,9.71,9.57,38307,39101077.0,1.45,0.62,0.06,0.38
2017-10-23,612,9.69,9.64,9.75,9.63,41622,42541814.0,1.24,-0.62,-0.06,0.42
2017-10-24,612,9.64,9.64,9.71,9.57,36436,37112978.0,1.45,0.0,0.0,0.36
2017-10-25,612,9.71,9.93,9.97,9.65,97202,100622763.0,3.32,3.01,0.29,0.97
2017-10-26,612,9.98,9.94,10.02,9.84,79298,83155590.0,1.81,0.1,0.01,0.79
2017-10-27,612,9.96,9.79,10.09,9.75,74193,77524581.0,3.42,-1.51,-0.15,0.74
2017-10-30,612,9.67,9.34,9.67,9.31,133173,133017639.0,3.68,-4.6,-0.45,1.33
2017-10-31,612,9.31,9.69,9.72,9.24,109266,110399623.0,5.14,3.75,0.35,1.09
2017-11-01,612,9.75,9.91,9.91,9.59,116093,119925343.0,3.3,2.27,0.22,1.16
2017-11-02,612,9.87,9.86,9.94,9.74,68753,71452985.0,2.02,-0.5,-0.05,0.69
2017-11-03,612,9.87,9.9,9.91,9.75,66480,68817443.0,1.62,0.41,0.04,0.67
2017-11-06,612,9.91,10.04,10.2,9.9,113214,120168427.0,3.03,1.41,0.14,1.13
2017-11-07,612,10.01,10.16,10.2,9.95,124153,131960841.0,2.49,1.2,0.12,1.24
2017-11-08,612,10.13,10.1,10.32,10.03,129506,138852060.0,2.85,-0.59,-0.06,1.3
2017-11-09,612,10.36,10.37,10.58,10.16,167148,181984166.0,4.16,2.67,0.27,1.67
2017-11-10,612,10.35,10.13,10.35,9.96,138285,146920114.0,3.76,-2.31,-0.24,1.38
2017-11-13,612,10.19,10.43,10.44,9.98,204109,220473391.0,4.54,2.96,0.3,2.04
2017-11-14,612,10.44,10.26,10.52,10.16,140475,152900125.0,3.45,-1.63,-0.17,1.41
2017-11-15,612,10.16,10.18,10.18,9.99,78377,83307707.0,1.85,-0.78,-0.08,0.78
2017-11-16,612,10.15,10.24,10.24,10.05,82687,88430922.0,1.87,0.59,0.06,0.83
2017-11-17,612,10.13,9.61,10.19,9.47,111295,114392229.0,7.03,-6.15,-0.63,1.11
2017-11-20,612,9.71,9.6,9.71,9.27,42889,43269935.0,4.58,-0.1,-0.01,0.43
2017-11-21,612,9.55,9.41,9.62,9.32,71904,71879107.0,3.13,-1.98,-0.19,0.72
2017-11-22,612,9.41,9.43,9.55,9.29,41245,41126283.0,2.76,0.21,0.02,0.41
2017-11-23,612,9.43,9.29,9.51,9.26,43234,42889614.0,2.65,-1.48,-0.14,0.43
2017-11-24,612,9.27,9.31,9.45,8.93,83066,81035437.0,5.6,0.22,0.02,0.83
2017-11-27,612,9.29,9.09,9.43,9.08,39815,39000659.0,3.76,-2.36,-0.22,0.4
2017-11-28,612,8.97,9.11,9.22,8.96,27997,27050060.0,2.86,0.22,0.02,0.28
2017-11-29,612,9.12,9.33,9.41,9.09,44539,43691378.0,3.51,2.41,0.22,0.45
2017-11-30,612,9.36,9.13,9.43,9.07,49075,48019710.0,3.86,-2.14,-0.2,0.49
2017-12-01,612,9.08,9.26,9.26,9.04,33297,32440582.0,2.41,1.42,0.13,0.33
2017-12-04,612,9.27,9.18,9.38,9.17,27213,26614649.0,2.27,-0.86,-0.08,0.27
2017-12-05,612,9.26,8.9,9.26,8.78,64827,62099414.0,5.23,-3.05,-0.28,0.65
2017-12-06,612,8.77,8.68,8.93,8.5,56780,52406052.0,4.83,-2.47,-0.22,0.57
2017-12-07,612,8.68,8.7,8.81,8.68,28348,26310879.0,1.5,0.23,0.02,0.28
2017-12-08,612,8.7,8.7,8.8,8.62,34741,32163809.0,2.07,0.0,0.0,0.35
2017-12-11,612,8.74,8.75,8.78,8.63,51285,47449628.0,1.72,0.57,0.05,0.51
2017-12-12,612,8.75,8.58,8.76,8.57,48146,44319653.0,2.17,-1.94,-0.17,0.48
2017-12-13,612,8.57,8.74,8.75,8.5,33020,30286956.0,2.91,1.86,0.16,0.33
2017-12-14,612,8.74,8.71,8.8,8.63,38271,35410838.0,1.95,-0.34,-0.03,0.38
2017-12-15,612,8.71,8.58,8.74,8.49,26591,24279632.0,2.87,-1.49,-0.13,0.27
2017-12-18,612,8.56,8.56,8.65,8.52,68377,62220794.0,1.52,-0.23,-0.02,0.68
2017-12-19,612,8.58,8.56,8.64,8.53,47117,42949959.0,1.29,0.0,0.0,0.47
2017-12-20,612,8.59,8.21,8.6,8.18,52533,46864757.0,4.91,-4.09,-0.35,0.53
2017-12-21,612,8.27,8.39,8.42,8.2,44758,39731722.0,2.68,2.19,0.18,0.45
2017-12-22,612,8.51,8.54,8.57,8.46,39059,35386959.0,1.31,1.79,0.15,0.39
2017-12-25,612,8.44,8.4,8.55,8.36,30099,26967475.0,2.22,-1.64,-0.14,0.3
2017-12-26,612,8.36,8.45,8.51,8.18,48109,42937429.0,3.93,0.6,0.05,0.48
2017-12-27,612,8.39,8.5,8.65,8.39,69906,63635871.0,3.08,0.59,0.05,0.7
2017-12-28,612,8.52,9.08,9.12,8.5,167807,157708881.0,7.29,6.82,0.58,1.68
2017-12-29,612,8.98,8.86,9.03,8.69,116765,109123039.0,3.74,-2.42,-0.22,1.17
2018-01-02,612,8.83,8.81,8.85,8.65,125884,116561395.0,2.26,-0.56,-0.05,1.26
2018-01-03,612,8.78,8.77,8.87,8.68,129728,120718550.0,2.16,-0.45,-0.04,1.3
2018-01-04,612,8.7,8.75,8.76,8.6,93434,86185038.0,1.82,-0.23,-0.02,0.94
2018-01-05,612,8.72,8.66,8.74,8.62,49573,45615633.0,1.37,-1.03,-0.09,0.5
2018-01-08,612,8.65,8.79,8.86,8.63,94729,88174761.0,2.66,1.5,0.13,0.95
2018-01-09,612,8.78,8.67,8.8,8.58,64467,59363003.0,2.5,-1.37,-0.12,0.65
2018-01-10,612,8.61,8.43,8.67,8.37,87698,79148874.0,3.46,-2.77,-0.24,0.88
2018-01-11,612,8.39,8.48,8.49,8.34,42779,38432428.0,1.78,0.59,0.05,0.43
2018-01-12,612,8.45,8.41,8.46,8.36,43839,39184765.0,1.18,-0.83,-0.07,0.44
2018-01-15,612,8.42,7.94,8.42,7.94,83070,72170218.0,5.71,-5.59,-0.47,0.83
2018-01-16,612,7.98,7.78,8.1,7.75,85282,72249503.0,4.41,-2.02,-0.16,0.85
2018-01-17,612,7.81,7.79,7.91,7.74,75180,62732545.0,2.19,0.13,0.01,0.75
2018-01-18,612,7.82,7.99,8.06,7.79,66673,56783816.0,3.47,2.57,0.2,0.67
2018-01-19,612,7.99,7.89,8.04,7.86,46512,39488957.0,2.25,-1.25,-0.1,0.47
2018-01-22,612,7.87,8.04,8.04,7.84,42900,36567268.0,2.53,1.9,0.15,0.43
2018-01-23,612,8.06,8.09,8.14,7.98,48899,42083942.0,1.99,0.62,0.05,0.49
2018-01-24,612,8.09,7.98,8.11,7.85,55133,46813017.0,3.21,-1.36,-0.11,0.55
2018-01-25,612,7.98,8.22,8.31,7.96,76656,66855097.0,4.39,3.01,0.24,0.77
2018-01-26,612,8.16,8.06,8.23,8.05,45568,39350110.0,2.19,-1.95,-0.16,0.46
2018-01-29,612,8.04,8.04,8.19,8.0,58277,50201858.0,2.36,-0.25,-0.02,0.58
2018-01-30,612,8.03,7.86,8.03,7.85,49398,41715790.0,2.24,-2.24,-0.18,0.49
2018-01-31,612,7.87,7.7,7.89,7.56,67684,55776095.0,4.2,-2.04,-0.16,0.68
2018-02-01,612,7.7,7.49,7.79,7.49,68734,56574632.0,3.9,-2.73,-0.21,0.69
2018-02-02,612,7.31,7.8,8.04,7.23,60157,48535402.0,10.81,4.14,0.31,0.6
2018-02-05,612,7.56,7.55,7.68,7.44,59785,48359872.0,3.08,-3.21,-0.25,0.6
2018-02-06,612,7.02,6.96,7.34,6.96,68517,52711797.0,5.03,-7.81,-0.59,0.69
2018-02-07,612,7.06,6.64,7.18,6.51,85348,62448215.0,9.63,-4.6,-0.32,0.85
2018-02-08,612,6.65,6.72,6.8,6.58,42808,31087382.0,3.31,1.2,0.08,0.43
2018-02-09,612,6.62,6.36,6.64,6.06,69545,48535365.0,8.63,-5.36,-0.36,0.7
2018-02-12,612,6.39,6.55,6.61,6.39,40880,28956677.0,3.46,2.99,0.19,0.41
2018-02-13,612,6.6,6.79,6.89,6.6,41921,30731707.0,4.43,3.66,0.24,0.42
2018-02-14,612,6.89,6.99,7.01,6.8,35270,26295334.0,3.09,2.95,0.2,0.35
2018-02-22,612,7.03,7.19,7.31,7.03,43127,33448294.0,4.01,2.86,0.2,0.43
2018-02-23,612,7.26,7.26,7.29,7.11,38296,29703250.0,2.5,0.97,0.07,0.38
2018-02-26,612,7.22,7.5,7.58,7.22,53191,42660050.0,4.96,3.31,0.24,0.53
2018-02-27,612,7.54,7.47,7.56,7.41,39179,31375944.0,2.0,-0.4,-0.03,0.39
2018-02-28,612,7.46,7.59,7.65,7.36,41302,33445631.0,3.88,1.61,0.12,0.41
2018-03-01,612,7.7,7.5,7.7,7.41,45991,36907789.0,3.82,-1.19,-0.09,0.46
2018-03-02,612,7.44,7.47,7.64,7.36,43620,35053024.0,3.73,-0.4,-0.03,0.44
2018-03-05,612,7.47,7.45,7.5,7.33,34441,27393448.0,2.28,-0.27,-0.02,0.34
2018-03-06,612,7.45,7.72,7.76,7.33,93274,75602515.0,5.77,3.62,0.27,0.93
2018-03-07,612,7.65,7.34,7.66,7.33,74067,59149625.0,4.27,-4.92,-0.38,0.74
2018-03-08,612,7.3,7.36,7.45,7.27,30727,24331274.0,2.45,0.27,0.02,0.31
2018-03-09,612,7.36,7.38,7.42,7.29,36594,28890712.0,1.77,0.27,0.02,0.37
2018-03-12,612,7.4,7.54,7.58,7.35,46225,37141498.0,3.12,2.17,0.16,0.46
2018-03-13,612,7.53,7.47,7.6,7.42,40651,32638489.0,2.39,-0.93,-0.07,0.41
2018-03-14,612,7.42,7.38,7.52,7.37,36962,29538765.0,2.01,-1.2,-0.09,0.37
2018-03-15,612,7.32,7.34,7.42,7.29,29394,23181787.0,1.76,-0.54,-0.04,0.29
2018-03-16,612,7.28,7.15,7.41,7.15,27055,21086798.0,3.54,-2.59,-0.19,0.27
2018-03-19,612,7.15,7.13,7.16,7.07,42380,32393496.0,1.26,-0.28,-0.02,0.42
2018-03-20,612,7.07,7.17,7.18,7.04,22444,17210719.0,1.96,0.56,0.04,0.22
2018-03-21,612,7.17,6.99,7.19,6.99,37153,28455192.0,2.79,-2.51,-0.18,0.37
2018-03-22,612,6.99,6.94,7.15,6.86,49655,37450352.0,4.15,-0.72,-0.05,0.5
2018-03-23,612,6.66,6.41,6.79,6.19,77182,54549932.0,8.65,-7.64,-0.53,0.77
2018-03-26,612,6.21,6.76,6.82,6.19,63169,45117301.0,9.83,5.46,0.35,0.63
2018-03-27,612,6.85,7.2,7.31,6.81,69716,53352001.0,7.4,6.51,0.44,0.7
2018-03-28,612,7.12,7.02,7.19,7.01,43281,32986636.0,2.5,-2.5,-0.18,0.43
2018-03-29,612,7.02,6.99,7.12,6.87,42751,32317165.0,3.56,-0.43,-0.03,0.43
2018-03-30,612,7.03,6.82,7.03,6.76,80928,59592822.0,3.86,-2.43,-0.17,0.81
2018-04-02,612,6.82,6.73,6.82,6.62,63435,45967520.0,2.93,-1.32,-0.09,0.63
2018-04-03,612,6.69,6.48,6.69,6.38,86424,60656794.0,4.61,-3.71,-0.25,0.86
2018-04-04,612,6.53,6.38,6.54,6.37,47811,33411018.0,2.62,-1.54,-0.1,0.48
2018-04-09,612,6.36,6.4,6.51,6.27,51470,35634481.0,3.76,0.31,0.02,0.52
2018-04-10,612,6.5,6.51,6.58,6.42,62225,43773168.0,2.5,1.72,0.11,0.62
2018-04-11,612,6.63,6.51,6.68,6.47,48661,34475002.0,3.23,0.0,0.0,0.49
2018-04-12,612,6.49,6.34,6.49,6.31,51546,35653766.0,2.76,-2.61,-0.17,0.52
2018-04-13,612,6.41,6.4,6.51,6.38,35609,24824424.0,2.05,0.95,0.06,0.36
2018-04-16,612,6.26,6.15,6.26,6.12,61225,41010134.0,2.19,-3.91,-0.25,0.61
2018-04-17,612,6.19,6.13,6.36,6.12,46340,31238811.0,3.9,-0.33,-0.02,0.46
2018-04-18,612,6.2,6.05,6.22,5.8,60562,39598596.0,6.85,-1.31,-0.08,0.61
2018-04-19,612,6.15,6.43,6.64,6.15,112901,78382723.0,8.1,6.28,0.38,1.13
2018-04-20,612,6.28,6.07,6.31,6.05,72681,48681032.0,4.04,-5.6,-0.36,0.73
2018-04-23,612,5.96,5.98,6.08,5.9,42191,27420724.0,2.97,-1.48,-0.09,0.42
2018-04-24,612,5.88,5.98,6.08,5.75,42209,27313252.0,5.52,0.0,0.0,0.42
2018-04-25,612,5.97,5.88,5.97,5.86,29032,18674730.0,1.84,-1.67,-0.1,0.29
2018-04-26,612,5.9,5.71,5.91,5.7,38165,24135389.0,3.57,-2.89,-0.17,0.38
2018-04-27,612,5.71,5.67,5.81,5.63,30501,19035932.0,3.15,-0.7,-0.04,0.31
2018-05-02,612,5.67,5.42,5.7,5.36,47354,28652438.0,6.0,-4.41,-0.25,0.47
2018-05-03,612,5.46,5.49,5.63,5.37,59120,35529396.0,4.8,1.29,0.07,0.59
2018-05-04,612,5.49,5.5,5.63,5.44,51773,31373145.0,3.46,0.18,0.01,0.52
2018-05-07,612,5.5,5.59,5.63,5.5,33406,20471142.0,2.36,1.64,0.09,0.33
2018-05-08,612,5.58,5.84,6.2,5.55,90109,58164923.0,11.63,4.47,0.25,0.9
2018-05-09,612,5.88,5.92,5.94,5.66,52917,33675673.0,4.79,1.37,0.08,0.53
2018-05-10,612,5.86,5.8,5.91,5.76,46801,29743017.0,2.53,-2.03,-0.12,0.47
2018-05-11,612,5.82,5.78,5.84,5.73,33322,21114022.0,1.9,-0.34,-0.02,0.28
2018-05-14,612,5.81,5.74,5.87,5.74,25675,16235412.0,2.25,-0.69,-0.04,0.22
2018-05-15,612,5.72,5.88,6.06,5.67,38558,24749191.0,6.79,2.44,0.14,0.32
2018-05-16,612,5.79,5.89,5.96,5.78,33325,21376398.0,3.06,0.17,0.01,0.28
2018-05-17,612,5.94,5.83,5.94,5.82,16119,10298081.0,2.04,-1.02,-0.06,0.14
2018-05-18,612,5.76,5.82,5.85,5.73,23922,15108709.0,2.06,-0.17,-0.01,0.2
2018-05-21,612,5.85,5.87,5.94,5.85,25098,16152747.0,1.55,0.86,0.05,0.21
2018-05-22,612,5.85,5.83,5.86,5.78,20622,13119020.0,1.36,-0.68,-0.04,0.17
2018-05-23,612,5.85,5.62,5.87,5.59,29594,18551108.0,4.8,-3.6,-0.21,0.25
2018-05-24,612,5.6,5.78,5.8,5.6,31061,19472233.0,3.56,2.85,0.16,0.26
2018-05-25,612,5.78,5.78,5.88,5.76,27457,17498304.0,2.08,0.0,0.0,0.23
2018-05-28,612,5.78,5.79,5.9,5.77,29491,18824917.0,2.25,0.17,0.01,0.25
2018-05-29,612,5.84,5.67,5.85,5.65,33518,20968352.0,3.45,-2.07,-0.12,0.28
2018-05-30,612,5.73,5.45,5.73,5.43,41953,25438848.0,5.29,-3.88,-0.22,0.35
2018-05-31,612,5.48,5.54,5.56,5.44,20432,12361104.0,2.2,1.65,0.09,0.17
2018-06-01,612,5.36,5.49,5.54,5.36,26505,15929585.0,3.25,-0.9,-0.05,0.22
2018-06-04,612,5.49,5.34,5.5,5.34,32337,19249265.0,2.91,-2.73,-0.15,0.27
2018-06-05,612,5.35,5.34,5.39,5.25,24849,14551892.0,2.62,0.0,0.0,0.21
2018-06-06,612,5.35,5.59,5.64,5.33,34728,20840867.0,5.81,4.68,0.25,0.29
2018-06-07,612,5.57,5.39,5.6,5.37,35299,21188056.0,4.11,-3.58,-0.2,0.3
2018-06-08,612,5.35,5.26,5.37,5.24,27794,16145407.0,2.41,-2.41,-0.13,0.23
2018-06-11,612,5.27,5.32,5.35,5.22,22398,13066737.0,2.47,1.14,0.06,0.19
2018-06-12,612,5.33,5.33,5.34,5.26,13999,8184652.0,1.5,0.19,0.01,0.12
2018-06-13,612,5.33,5.13,5.33,5.12,18247,10528809.0,3.94,-3.75,-0.2,0.15
2018-06-14,612,5.13,5.15,5.27,5.13,12417,7049310.0,2.73,0.39,0.02,0.1
2018-06-15,612,5.15,5.06,5.22,4.92,18545,10290129.0,5.83,-1.75,-0.09,0.16
2018-06-19,612,5.1,4.55,5.1,4.51,50029,25930124.0,11.66,-10.08,-0.51,0.42
2018-06-20,612,4.54,4.65,4.67,4.48,34387,17405747.0,4.18,2.2,0.1,0.29
2018-06-21,612,4.62,4.51,4.71,4.48,25732,13071294.0,4.95,-3.01,-0.14,0.22
2018-06-22,612,4.51,4.56,4.59,4.46,13725,6909444.0,2.88,1.11,0.05,0.12
2018-06-25,612,4.62,4.73,4.79,4.6,44146,23084638.0,4.17,3.73,0.17,0.37
2018-06-26,612,4.67,4.76,4.78,4.57,41585,21610462.0,4.44,0.63,0.03,0.35
2018-06-27,612,4.77,4.7,4.82,4.59,29109,15143397.0,4.83,-1.26,-0.06,0.24
2018-06-28,612,4.69,4.62,4.8,4.61,24697,12789949.0,4.04,-1.7,-0.08,0.21
2018-06-29,612,4.62,4.76,4.77,4.56,28374,14748358.0,4.55,3.03,0.14,0.24
2018-07-02,612,4.76,4.67,4.83,4.62,26225,13571367.0,4.41,-1.89,-0.09,0.22
2018-07-03,612,4.64,4.64,4.72,4.53,30212,15455089.0,4.07,-0.64,-0.03,0.25
2018-07-04,612,4.59,4.63,4.66,4.55,28225,14363048.0,2.37,-0.22,-0.01,0.24
2018-07-05,612,4.54,4.41,4.61,4.37,37048,18430798.0,5.18,-4.75,-0.22,0.31
2018-07-06,612,4.33,4.31,4.46,4.11,29397,14156726.0,7.94,-2.27,-0.1,0.25
2018-07-09,612,4.26,4.38,4.42,4.26,22594,10976812.0,3.71,1.62,0.07,0.19
2018-07-10,612,4.38,4.41,4.46,4.35,19364,9472637.0,2.51,0.68,0.03,0.16
2018-07-11,612,4.38,4.31,4.38,4.26,22920,11009303.0,2.72,-2.27,-0.1,0.19
2018-07-12,612,4.26,4.42,4.43,4.26,24993,12225609.0,3.94,2.55,0.11,0.21
2018-07-13,612,4.39,4.66,4.79,4.39,50244,25513784.0,9.05,5.43,0.24,0.42
2018-07-16,612,4.65,4.46,4.65,4.41,41135,20453025.0,5.15,-4.29,-0.2,0.35
2018-07-17,612,4.45,4.43,4.46,4.34,26136,12773451.0,2.69,-0.67,-0.03,0.22
2018-07-18,612,4.39,4.37,4.42,4.31,37746,18322551.0,2.48,-1.35,-0.06,0.32
2018-07-19,612,4.34,4.33,4.37,4.27,19538,9387977.0,2.29,-0.92,-0.04,0.16
2018-07-20,612,4.32,4.38,4.38,4.25,24389,11708333.0,3.0,1.15,0.05,0.21
2018-07-23,612,4.38,4.49,4.59,4.31,45917,22619734.0,6.39,2.51,0.11,0.39
2018-07-24,612,4.45,4.62,4.76,4.45,86658,44526509.0,6.9,2.9,0.13,0.73
2018-07-25,612,4.61,4.5,4.64,4.48,85668,43059959.0,3.46,-2.6,-0.12,0.72
2018-07-26,612,4.52,4.69,4.7,4.48,102592,52406601.0,4.89,4.22,0.19,0.86
2018-07-27,612,4.68,4.66,4.84,4.62,92863,48317417.0,4.69,-0.64,-0.03,0.78
2018-07-30,612,4.63,4.59,4.69,4.56,55902,28428780.0,2.79,-1.5,-0.07,0.47
2018-07-31,612,4.58,4.57,4.6,4.53,32361,16334314.0,1.53,-0.44,-0.02,0.27
2018-08-01,612,4.61,4.47,4.62,4.45,39351,19737363.0,3.72,-2.19,-0.1,0.33
2018-08-02,612,4.4,4.27,4.4,4.21,38346,18291494.0,4.25,-4.47,-0.2,0.32
2018-08-03,612,4.21,4.27,4.36,4.21,19278,9225960.0,3.51,0.0,0.0,0.16
2018-08-06,612,4.28,4.2,4.32,4.16,24583,11593635.0,3.75,-1.64,-0.07,0.21
2018-08-07,612,4.14,4.35,4.35,4.14,21608,10311653.0,5.0,3.57,0.15,0.18
2018-08-08,612,4.33,4.32,4.37,4.29,18188,8779285.0,1.84,-0.69,-0.03,0.15
2018-08-09,612,4.51,4.47,4.59,4.38,54441,27239300.0,4.86,3.47,0.15,0.46
2018-08-10,612,4.41,4.37,4.43,4.32,37986,18490833.0,2.46,-2.24,-0.1,0.32
2018-08-13,612,4.33,4.33,4.36,4.25,26080,12503033.0,2.52,-0.92,-0.04,0.22
2018-08-14,612,4.29,4.36,4.4,4.29,17645,8526757.0,2.54,0.69,0.03,0.15
2018-08-15,612,4.37,4.26,4.38,4.26,21992,10516706.0,2.75,-2.29,-0.1,0.18
2018-08-16,612,4.21,4.26,4.32,4.21,15407,7317101.0,2.58,0.0,0.0,0.13
2018-08-17,612,4.28,4.22,4.33,4.21,16072,7623314.0,2.82,-0.94,-0.04,0.14
2018-08-20,612,4.22,4.27,4.31,4.19,12755,6034589.0,2.84,1.18,0.05,0.11
2018-08-21,612,4.26,4.35,4.37,4.24,17300,8336231.0,3.04,1.87,0.08,0.15
2018-08-22,612,4.33,4.32,4.36,4.29,9454,4541408.0,1.61,-0.69,-0.03,0.08
2018-08-23,612,4.27,4.35,4.36,4.27,13425,6477123.0,2.08,0.69,0.03,0.11
2018-08-24,612,4.36,4.36,4.37,4.3,10020,4843641.0,1.61,0.23,0.01,0.08
2018-08-27,612,4.4,4.37,4.41,4.36,21500,10486741.0,1.15,0.23,0.01,0.18
2018-08-28,612,4.37,4.41,4.51,4.31,39442,19375945.0,4.58,0.92,0.04,0.33
2018-08-29,612,4.35,4.3,4.38,4.28,26433,12714844.0,2.27,-2.49,-0.11,0.22
2018-08-30,612,4.28,4.22,4.36,4.22,20157,9567963.0,3.26,-1.86,-0.08,0.17
2018-08-31,612,4.19,4.16,4.23,4.14,13553,6330327.0,2.13,-1.42,-0.06,0.11
2018-09-03,612,4.17,4.22,4.23,4.15,10993,5140430.0,1.92,1.44,0.06,0.09
2018-09-04,612,4.22,4.22,4.25,4.17,11186,5264915.0,1.9,0.0,0.0,0.09
2018-09-05,612,4.21,4.17,4.21,4.17,14957,6996264.0,0.95,-1.18,-0.05,0.13
2018-09-06,612,4.19,4.13,4.21,4.12,12784,5946934.0,2.16,-0.96,-0.04,0.11
2018-09-07,612,4.14,4.15,4.22,4.11,14758,6874448.0,2.66,0.48,0.02,0.12
2018-09-10,612,4.15,4.07,4.18,4.02,16116,7419492.0,3.86,-1.93,-0.08,0.14
2018-09-11,612,4.07,4.03,4.09,3.99,13531,6123233.0,2.46,-0.98,-0.04,0.11
2018-09-12,612,4.02,4.04,4.08,4.01,12239,5548860.0,1.74,0.25,0.01,0.1
2018-09-13,612,4.09,4.11,4.12,4.03,20340,9286277.0,2.23,1.73,0.07,0.17
2018-09-14,612,4.08,4.1,4.16,4.08,10662,4914485.0,1.95,-0.24,-0.01,0.09
2018-09-17,612,4.11,4.0,4.11,4.0,13388,6051737.0,2.68,-2.44,-0.1,0.11
2018-09-18,612,3.86,4.01,4.03,3.86,21929,9764531.0,4.25,0.25,0.01,0.18
2018-09-19,612,4.02,4.06,4.09,3.93,16338,7416447.0,3.99,1.25,0.05,0.14
2018-09-20,612,4.05,4.05,4.13,4.04,14078,6436733.0,2.22,-0.25,-0.01,0.12
2018-09-21,612,4.05,4.13,4.13,4.04,25167,11591432.0,2.22,1.98,0.08,0.21
2018-09-25,612,4.13,4.11,4.18,4.1,14978,6924996.0,1.94,-0.48,-0.02,0.13
2018-09-26,612,4.15,4.1,4.15,4.09,18468,8516730.0,1.46,-0.24,-0.01,0.16
2018-09-27,612,4.11,4.02,4.11,4.0,16337,7442405.0,2.68,-1.95,-0.08,0.14
2018-09-28,612,4.02,4.05,4.13,4.02,15116,6878773.0,2.74,0.75,0.03,0.13
2018-10-08,612,4.04,3.96,4.09,3.96,20342,9188530.0,3.21,-2.22,-0.09,0.17
2018-10-09,612,3.96,3.98,4.03,3.95,15510,6945741.0,2.02,0.51,0.02,0.13
2018-10-10,612,3.99,3.96,4.03,3.92,16102,7188916.0,2.76,-0.5,-0.02,0.14
2018-10-11,612,3.88,3.52,3.88,3.52,46606,19236882.0,9.09,-11.11,-0.44,0.39
2018-10-12,612,3.5,3.34,3.5,3.16,39197,15007117.0,9.66,-5.11,-0.18,0.33
2018-10-15,612,3.33,3.34,3.45,3.26,22158,8489959.0,5.69,0.0,0.0,0.19
2018-10-16,612,3.34,3.3,3.41,3.22,16267,6176895.0,5.69,-1.2,-0.04,0.14
2018-10-17,612,3.3,3.29,3.35,3.23,16911,6403739.0,3.64,-0.3,-0.01,0.14
2018-10-18,612,3.29,3.15,3.29,3.12,15283,5592940.0,5.17,-4.26,-0.14,0.13
2018-10-19,612,3.07,3.2,3.21,2.99,20063,7253623.0,6.98,1.59,0.05,0.17
2018-10-22,612,3.2,3.38,3.41,3.2,31443,12095532.0,6.56,5.63,0.18,0.26
2018-10-23,612,3.41,3.46,3.5,3.39,41304,16335750.0,3.25,2.37,0.08,0.35
2018-10-24,612,3.46,3.45,3.48,3.41,16873,6644146.0,2.02,-0.29,-0.01,0.14
2018-10-25,612,3.4,3.42,3.42,3.3,19091,7348205.0,3.48,-0.87,-0.03,0.16
2018-10-26,612,3.42,3.5,3.63,3.4,27547,11012905.0,6.73,2.34,0.08,0.23
2018-10-29,612,3.41,3.38,3.49,3.37,17612,6884793.0,3.43,-3.43,-0.12,0.15
2018-10-30,612,3.39,3.46,3.51,3.38,20346,8029122.0,3.85,2.37,0.08,0.17
2018-10-31,612,3.46,3.65,3.65,3.46,37733,15452608.0,5.49,5.49,0.19,0.32
2018-11-01,612,3.66,3.59,3.7,3.58,31654,13082893.0,3.29,-1.64,-0.06,0.27
2018-11-02,612,3.65,3.74,3.95,3.65,47399,20023070.0,8.36,4.18,0.15,0.4
2018-11-05,612,3.73,3.71,3.76,3.64,30230,12674633.0,3.21,-0.8,-0.03,0.25
2018-11-06,612,3.66,3.68,3.71,3.62,17735,7349730.0,2.43,-0.81,-0.03,0.15
2018-11-07,612,3.68,3.68,3.8,3.66,27082,11449638.0,3.8,0.0,0.0,0.23
2018-11-08,612,3.73,3.6,3.73,3.6,36703,15197228.0,3.53,-2.17,-0.08,0.31
2018-11-09,612,3.63,3.66,3.71,3.61,24239,10087339.0,2.78,1.67,0.06,0.2
2018-11-12,612,3.73,3.74,3.74,3.63,29911,12578139.0,3.01,2.19,0.08,0.25
2018-11-13,612,3.72,3.88,3.94,3.68,55216,23919488.0,6.95,3.74,0.14,0.46
2018-11-14,612,3.9,3.83,3.93,3.79,30637,13319835.0,3.61,-1.29,-0.05,0.26
2018-11-15,612,3.86,3.89,3.9,3.82,25884,11279363.0,2.09,1.57,0.06,0.22
2018-11-16,612,3.89,3.93,3.95,3.85,43046,18947111.0,2.57,1.03,0.04,0.36
2018-11-19,612,3.91,3.91,3.93,3.86,30105,13195031.0,1.78,-0.51,-0.02,0.25
2018-11-20,612,3.88,3.82,4.0,3.78,53288,23385947.0,5.63,-2.3,-0.09,0.45
2018-11-21,612,3.82,3.81,3.86,3.69,28909,12305081.0,4.45,-0.26,-0.01,0.24
2018-11-22,612,3.82,3.9,3.92,3.79,36188,15771074.0,3.41,2.36,0.09,0.3
2018-11-23,612,3.87,3.6,3.9,3.57,46412,19421076.0,8.46,-7.69,-0.3,0.39
2018-11-26,612,3.59,3.53,3.61,3.51,22620,9144494.0,2.78,-1.94,-0.07,0.19
2018-11-27,612,3.54,3.53,3.59,3.5,21607,8733993.0,2.55,0.0,0.0,0.18
2018-11-28,612,3.53,3.6,3.61,3.37,35591,14224249.0,6.8,1.98,0.07,0.3
2018-11-29,612,3.64,3.58,3.69,3.58,34324,14108640.0,3.06,-0.56,-0.02,0.29
2018-11-30,612,3.56,3.55,3.58,3.47,25942,10444249.0,3.07,-0.84,-0.03,0.22
2018-12-03,612,3.68,3.66,3.72,3.62,44445,18517218.0,2.82,3.1,0.11,0.37
2018-12-04,612,3.71,3.79,3.81,3.66,43693,18595508.0,4.1,3.55,0.13,0.37
2018-12-05,612,3.79,3.79,3.85,3.72,32264,13805826.0,3.43,0.0,0.0,0.27
2018-12-06,612,3.75,3.71,3.77,3.67,31942,13460349.0,2.64,-2.11,-0.08,0.27
2018-12-07,612,3.78,3.7,3.79,3.68,22896,9640862.0,2.96,-0.27,-0.01,0.19
2018-12-10,612,3.76,3.6,3.76,3.57,25657,10553419.0,5.14,-2.7,-0.1,0.22
2018-12-11,612,3.68,3.74,3.74,3.59,26700,11125710.0,4.17,3.89,0.14,0.22
2018-12-12,612,3.79,3.7,3.79,3.7,19691,8309538.0,2.41,-1.07,-0.04,0.17
2018-12-13,612,3.76,3.8,3.85,3.69,45713,19513985.0,4.32,2.7,0.1,0.38
2018-12-14,612,3.82,3.6,3.82,3.56,42050,17469371.0,6.84,-5.26,-0.2,0.35
2018-12-17,612,3.63,3.6,3.64,3.56,24120,9851522.0,2.22,0.0,0.0,0.2
2018-12-18,612,3.56,3.53,3.62,3.46,36916,14866928.0,4.44,-1.94,-0.07,0.31
2018-12-19,612,3.58,3.59,3.66,3.49,33783,13816935.0,4.82,1.7,0.06,0.28
2018-12-20,612,3.54,3.59,3.63,3.51,21857,8931134.0,3.34,0.0,0.0,0.18
2018-12-21,612,3.63,3.54,3.64,3.47,34637,13980926.0,4.74,-1.39,-0.05,0.29
2018-12-24,612,3.54,3.6,3.63,3.52,33317,13624245.0,3.11,1.69,0.06,0.28
2018-12-25,612,3.62,3.57,3.62,3.49,31076,12541225.0,3.61,-0.83,-0.03,0.26
2018-12-26,612,3.6,3.59,3.63,3.52,28645,11727392.0,3.08,0.56,0.02,0.24
2018-12-27,612,3.67,3.51,3.67,3.5,29442,11901947.0,4.74,-2.23,-0.08,0.25
2018-12-28,612,3.53,3.47,3.58,3.47,18196,7299703.0,3.13,-1.14,-0.04,0.15
2019-01-02,612,3.48,3.38,3.55,3.35,29594,11531357.0,5.76,-2.59,-0.09,0.25
2019-01-03,612,3.36,3.37,3.43,3.36,16706,6485914.0,2.07,-0.3,-0.01,0.14
2019-01-04,612,3.38,3.46,3.46,3.34,26533,10341708.0,3.56,2.67,0.09,0.22
2019-01-07,612,3.51,3.52,3.54,3.4,24886,9918141.0,4.05,1.73,0.06,0.21
2019-01-08,612,3.53,3.53,3.59,3.49,20408,8242587.0,2.84,0.28,0.01,0.17
2019-01-09,612,3.57,3.56,3.64,3.53,30813,12558293.0,3.12,0.85,0.03,0.26
2019-01-10,612,3.56,3.49,3.56,3.47,26651,10651078.0,2.53,-1.97,-0.07,0.22
2019-01-11,612,3.47,3.54,3.56,3.47,17531,7031519.0,2.58,1.43,0.05,0.15
2019-01-14,612,3.54,3.57,3.6,3.52,22927,9306784.0,2.26,0.85,0.03,0.19
2019-01-15,612,3.55,3.58,3.59,3.52,23307,9428620.0,1.96,0.28,0.01,0.2
2019-01-16,612,3.6,3.59,3.62,3.56,27129,11078963.0,1.68,0.28,0.01,0.23
2019-01-17,612,3.59,3.57,3.64,3.52,30383,12403133.0,3.34,-0.56,-0.02,0.26
2019-01-18,612,3.56,3.98,3.98,3.56,57673,25507963.0,11.76,11.48,0.41,0.48
2019-01-21,612,4.27,4.43,4.43,4.14,114568,55442263.0,7.29,11.31,0.45,0.96
2019-01-22,612,4.71,4.47,4.86,4.44,393531,202687191.0,9.48,0.9,0.04,3.31
2019-01-23,612,4.19,4.36,4.45,4.07,259313,122676522.0,8.5,-2.46,-0.11,2.18
2019-01-24,612,4.23,4.13,4.27,4.04,201193,93047502.0,5.28,-5.28,-0.23,1.69
2019-01-25,612,4.1,3.99,4.11,3.89,174509,78112448.0,5.33,-3.39,-0.14,1.47
2019-01-28,612,3.97,3.8,4.0,3.78,101785,44398809.0,5.51,-4.76,-0.19,0.86
2019-01-29,612,3.8,3.62,3.8,3.51,100210,41406172.0,7.63,-4.74,-0.18,0.84
2019-01-30,612,3.3,3.34,3.47,3.28,104445,40300989.0,5.25,-7.73,-0.28,0.88
2019-01-31,612,3.37,3.29,3.39,3.25,69799,26695939.0,4.19,-1.5,-0.05,0.59
2019-02-01,612,3.31,3.46,3.49,3.31,50728,19782716.0,5.47,5.17,0.17,0.43
2019-02-11,612,3.55,3.56,3.58,3.46,54103,21618391.0,3.47,2.89,0.1,0.45
2019-02-12,612,3.54,3.59,3.6,3.52,55891,22641383.0,2.25,0.84,0.03,0.47
2019-02-13,612,3.58,3.63,3.69,3.52,72310,29682076.0,4.74,1.11,0.04,0.61
2019-02-14,612,3.6,3.61,3.63,3.58,54119,22152412.0,1.38,-0.55,-0.02,0.45
2019-02-15,612,3.59,3.58,3.64,3.57,55734,22799165.0,1.94,-0.83,-0.03,0.47
2019-02-18,612,3.6,3.69,3.69,3.6,71567,29622809.0,2.51,3.07,0.11,0.6
2019-02-19,612,3.7,3.79,3.88,3.69,102948,44057288.0,5.15,2.71,0.1,0.87
2019-02-20,612,3.8,3.95,3.98,3.79,119326,52324409.0,5.01,4.22,0.16,1.0
2019-02-21,612,3.95,3.89,4.0,3.84,105947,46617662.0,4.05,-1.52,-0.06,0.89
2019-02-22,612,3.89,4.11,4.11,3.84,143404,64545435.0,6.94,5.66,0.22,1.21
2019-02-25,612,4.15,4.3,4.35,4.06,198222,93694502.0,7.06,4.62,0.19,1.67
2019-02-26,612,4.21,4.23,4.44,4.17,210865,100817411.0,6.28,-1.63,-0.07,1.77
2019-02-27,612,4.21,4.1,4.36,4.02,128772,60403990.0,8.04,-3.07,-0.13,1.08
2019-02-28,612,4.17,4.24,4.39,4.17,149068,71103111.0,5.37,3.41,0.14,1.25
2019-03-01,612,4.29,4.22,4.33,4.13,93218,43908579.0,4.72,-0.47,-0.02,0.78
2019-03-04,612,4.2,4.32,4.49,4.2,138782,67123962.0,6.87,2.37,0.1,1.17
2019-03-05,612,4.34,4.44,4.45,4.25,157317,76292827.0,4.63,2.78,0.12,1.32
2019-03-06,612,4.38,4.7,4.81,4.37,262940,134872359.0,9.91,5.86,0.26,2.21
2019-03-07,612,4.65,4.79,4.98,4.62,305698,160903205.0,7.66,1.91,0.09,2.57
2019-03-08,612,4.6,4.26,4.66,4.26,211072,105592239.0,8.35,-11.06,-0.53,1.77
2019-03-11,612,4.27,4.45,4.47,4.27,106970,52196561.0,4.69,4.46,0.19,0.9
2019-03-12,612,4.5,4.51,4.62,4.42,134974,67741699.0,4.49,1.35,0.06,1.13
2019-03-13,612,4.6,4.39,4.6,4.33,114601,56777180.0,5.99,-2.66,-0.12,0.96
2019-03-14,612,4.36,4.33,4.56,4.26,111353,54240136.0,6.83,-1.37,-0.06,0.94
2019-03-15,612,4.32,4.36,4.41,4.26,93962,45327647.0,3.46,0.69,0.03,0.79
2019-03-18,612,4.46,4.59,4.65,4.35,148910,74502308.0,6.88,5.28,0.23,1.25
2019-03-19,612,4.63,4.48,4.68,4.47,115790,58465170.0,4.58,-2.4,-0.11,0.97
2019-03-20,612,4.49,4.54,4.58,4.39,90453,45040466.0,4.24,1.34,0.06,0.76
2019-03-21,612,4.61,4.53,4.61,4.5,84254,42443902.0,2.42,-0.22,-0.01,0.71
2019-03-22,612,4.52,4.48,4.52,4.31,90185,44229436.0,4.64,-1.1,-0.05,0.76
2019-03-25,612,4.41,4.34,4.46,4.31,67616,32966911.0,3.35,-3.13,-0.14,0.57
2019-03-26,612,4.37,4.29,4.39,4.15,95341,45258870.0,5.53,-1.15,-0.05,0.8
2019-03-27,612,4.29,4.64,4.64,4.23,245276,122064118.0,9.56,8.16,0.35,2.06
2019-03-28,612,4.51,4.39,4.51,4.3,189019,92203736.0,4.53,-5.39,-0.25,1.59
2019-03-29,612,4.35,4.62,4.62,4.31,218522,109445230.0,7.06,5.24,0.23,1.84
2019-04-01,612,4.61,4.9,5.12,4.55,462292,246689955.0,12.34,6.06,0.28,3.89
2019-04-02,612,4.86,4.83,4.97,4.73,283679,150665128.0,4.9,-1.43,-0.07,2.38
2019-04-03,612,4.75,4.79,4.84,4.72,129313,68194308.0,2.48,-0.83,-0.04,1.09
2019-04-04,612,5.09,4.74,5.16,4.61,217849,116246171.0,11.48,-1.04,-0.05,1.83
2019-04-08,612,4.74,4.84,5.0,4.69,212776,113203969.0,6.54,2.11,0.1,1.79
2019-04-09,612,4.79,4.71,4.83,4.63,115700,60038793.0,4.13,-2.69,-0.13,0.97
2019-04-10,612,4.69,4.61,4.69,4.55,88941,45346377.0,2.97,-2.12,-0.1,0.75
2019-04-11,612,4.6,4.48,4.69,4.46,96405,48660138.0,4.99,-2.82,-0.13,0.81
2019-04-12,612,4.48,4.48,4.54,4.44,50368,25041147.0,2.23,0.0,0.0,0.42
2019-04-15,612,4.52,4.39,4.59,4.38,95960,47852318.0,4.69,-2.01,-0.09,0.81
2019-04-16,612,4.36,4.53,4.56,4.33,90221,44743291.0,5.24,3.19,0.14,0.76
2019-04-17,612,4.56,4.6,4.68,4.52,105341,53802083.0,3.53,1.55,0.07,0.89
2019-04-18,612,4.6,4.62,4.73,4.59,89526,45948457.0,3.04,0.43,0.02,0.75
2019-04-19,612,4.62,4.61,4.64,4.43,85994,43214960.0,4.55,-0.22,-0.01,0.72
2019-04-22,612,4.63,4.46,4.63,4.44,76959,38406670.0,4.12,-3.25,-0.15,0.65
2019-04-23,612,4.49,4.43,4.5,4.36,73391,36033215.0,3.14,-0.67,-0.03,0.62
2019-04-24,612,4.46,4.43,4.47,4.36,51774,25320738.0,2.48,0.0,0.0,0.44
2019-04-25,612,4.43,4.14,4.46,4.13,81612,38965986.0,7.45,-6.55,-0.29,0.69
2019-04-26,612,4.13,4.13,4.25,4.11,62246,28963750.0,3.38,-0.24,-0.01,0.52
2019-04-29,612,4.12,4.03,4.2,4.0,59474,27207256.0,4.84,-2.42,-0.1,0.5
2019-04-30,612,3.99,4.07,4.12,3.99,53691,24531714.0,3.23,0.99,0.04,0.45
2019-05-06,612,3.99,3.8,4.0,3.71,74479,32413386.0,7.13,-6.63,-0.27,0.63
2019-05-07,612,3.82,3.84,3.86,3.76,52210,22483018.0,2.63,1.05,0.04,0.44
2019-05-08,612,3.78,3.83,3.89,3.71,33176,14360074.0,4.69,-0.26,-0.01,0.28
2019-05-09,612,3.78,3.81,3.86,3.75,25899,11125713.0,2.87,-0.52,-0.02,0.22
2019-05-10,612,3.85,3.86,3.93,3.74,43845,19069662.0,4.99,1.31,0.05,0.37
2019-05-13,612,3.86,3.76,3.86,3.74,46835,20031476.0,3.11,-2.59,-0.1,0.39
2019-05-14,612,3.71,3.75,3.8,3.71,27071,11522110.0,2.39,-0.27,-0.01,0.23
2019-05-15,612,3.75,3.81,3.83,3.75,35332,15173149.0,2.13,1.6,0.06,0.3
2019-05-16,612,3.9,4.24,4.24,3.84,64270,29896570.0,10.5,11.29,0.43,0.54
2019-05-17,612,4.51,4.15,4.52,4.1,234544,113596180.0,9.91,-2.12,-0.09,1.97
2019-05-20,612,4.06,4.24,4.41,3.77,160234,72254972.0,15.42,2.17,0.09,1.35
2019-05-21,612,4.09,4.71,4.71,3.96,250994,124813651.0,17.69,11.08,0.47,2.11
2019-05-22,612,4.73,4.52,4.96,4.52,444849,234042870.0,9.34,-4.03,-0.19,3.74
2019-05-23,612,4.46,4.34,4.62,4.26,239540,117962568.0,7.96,-3.98,-0.18,2.01
2019-05-24,612,4.29,4.67,4.82,4.28,514581,267983307.0,12.44,7.6,0.33,4.33
2019-05-27,612,4.41,4.83,4.91,4.32,514295,262994301.0,12.63,3.43,0.16,4.32
2019-05-28,612,4.71,4.72,4.91,4.53,399060,206930293.0,7.87,-2.28,-0.11,3.35
2019-05-29,612,5.24,5.24,5.24,5.24,172696,98955065.0,0.0,11.02,0.52,1.45
2019-05-30,612,5.51,5.81,5.81,5.32,744444,456836752.0,9.35,10.88,0.57,6.26
2019-05-31,612,5.81,5.71,6.21,5.4,951322,601725872.0,13.94,-1.72,-0.1,8.0
2019-06-03,612,5.51,5.12,5.61,5.09,653494,380542512.0,9.11,-10.33,-0.59,5.49
2019-06-04,612,5.07,4.77,5.12,4.63,459220,245204254.0,9.57,-6.84,-0.35,3.86
2019-06-05,612,4.86,4.7,4.98,4.64,378462,200090012.0,7.13,-1.47,-0.07,3.18
2019-06-06,612,4.71,4.8,5.01,4.58,398612,212070612.0,9.15,2.13,0.1,3.35
2019-06-10,612,4.79,4.99,5.01,4.61,430660,229882894.0,8.33,3.96,0.19,3.62
2019-06-11,612,4.86,5.17,5.38,4.81,567560,319905104.0,11.42,3.61,0.18,4.77
2019-06-12,612,5.17,5.08,5.59,5.04,665710,386942944.0,10.64,-1.74,-0.09,5.6
2019-06-13,612,5.11,5.16,5.17,4.85,372624,205818084.0,6.3,1.57,0.08,3.13
2019-06-14,612,5.12,5.1,5.42,4.96,495483,282168192.0,8.91,-1.16,-0.06,4.17
2019-06-17,612,4.99,5.66,5.66,4.97,344822,205144019.0,13.53,10.98,0.56,2.9
2019-06-18,612,5.88,5.41,6.01,5.31,883235,544088016.0,12.37,-4.42,-0.25,7.42
2019-06-19,612,5.24,5.35,5.51,5.24,567468,333079712.0,4.99,-1.11,-0.06,4.77
2019-06-20,612,5.28,5.23,5.31,5.04,446859,252444775.0,5.05,-2.24,-0.12,3.76
2019-06-21,612,5.19,5.18,5.31,5.14,337203,192558197.0,3.25,-0.96,-0.05,2.83
2019-06-24,612,5.1,5.07,5.28,4.99,282872,158675756.0,5.6,-2.12,-0.11,2.38
2019-06-25,612,5.02,4.84,5.09,4.8,305551,164437043.0,5.72,-4.54,-0.23,2.57
2019-06-26,612,4.76,4.8,4.91,4.76,139535,74291007.0,3.1,-0.83,-0.04,1.17
2019-06-27,612,4.81,4.79,4.89,4.71,134212,71018920.0,3.75,-0.21,-0.01,1.13
2019-06-28,612,4.81,4.85,4.9,4.64,227382,119917084.0,5.43,1.25,0.06,1.91
2019-07-01,612,4.79,4.82,4.82,4.69,178156,93746312.0,2.68,-0.62,-0.03,1.5
2019-07-02,612,4.76,4.71,4.82,4.71,138881,72800556.0,2.28,-2.28,-0.11,1.17
2019-07-03,612,4.73,4.66,4.79,4.64,112896,58582764.0,3.18,-1.06,-0.05,0.95
2019-07-04,612,4.66,4.54,4.7,4.49,157584,79688848.0,4.51,-2.58,-0.12,1.33
2019-07-05,612,4.57,4.45,4.57,4.42,101212,50104008.0,3.3,-1.98,-0.09,0.85
2019-07-08,612,4.39,4.17,4.41,4.17,160915,76317685.0,5.39,-6.29,-0.28,1.35
2019-07-09,612,4.21,4.25,4.3,4.18,99909,47306562.0,2.88,1.92,0.08,0.84
2019-07-10,612,4.26,4.13,4.3,4.11,82868,38814501.0,4.47,-2.82,-0.12,0.7
2019-07-11,612,4.19,4.12,4.23,4.09,82671,38471908.0,3.39,-0.24,-0.01,0.7
2019-07-12,612,4.11,4.08,4.14,4.05,71628,32904120.0,2.18,-0.97,-0.04,0.6
2019-07-15,612,4.11,4.2,4.2,4.07,98396,45598660.0,3.19,2.94,0.12,0.83
2019-07-16,612,4.19,4.16,4.23,4.13,85153,39714502.0,2.38,-0.95,-0.04,0.72
2019-07-17,612,4.16,4.17,4.2,4.11,72044,33459944.0,2.16,0.24,0.01,0.61
2019-07-18,612,4.15,4.64,4.64,4.14,173922,87235157.0,11.99,11.27,0.47,1.46
2019-07-19,612,4.6,4.63,4.88,4.54,470003,244832802.0,7.33,-0.22,-0.01,3.95
2019-07-22,612,4.48,4.29,4.48,4.23,252344,121553436.0,5.4,-7.34,-0.34,2.12
2019-07-23,612,4.25,4.39,4.39,4.17,169177,80470686.0,5.13,2.33,0.1,1.42
2019-07-24,612,4.35,4.37,4.45,4.33,161342,78674192.0,2.73,-0.46,-0.02,1.36
2019-07-25,612,4.37,4.34,4.4,4.26,115833,55637225.0,3.2,-0.69,-0.03,0.97
2019-07-26,612,4.26,4.26,4.32,4.22,101448,48234326.0,2.3,-1.84,-0.08,0.85
2019-07-29,612,4.27,4.24,4.33,4.19,82882,39245172.0,3.29,-0.47,-0.02,0.7
2019-07-30,612,4.22,4.29,4.3,4.21,85109,40498798.0,2.12,1.18,0.05,0.72
2019-07-31,612,4.29,4.25,4.29,4.17,77449,36548985.0,2.8,-0.93,-0.04,0.65
2019-08-01,612,4.17,4.12,4.23,4.12,77405,36026177.0,2.59,-3.06,-0.13,0.65
2019-08-02,612,4.31,4.33,4.39,4.22,257657,123964671.0,4.13,5.1,0.21,2.17
2019-08-05,612,4.26,4.3,4.51,4.19,180302,87275206.0,7.39,-0.69,-0.03,1.52
2019-08-06,612,4.16,4.06,4.29,4.02,158792,73297789.0,6.28,-5.58,-0.24,1.34
2019-08-07,612,4.09,4.24,4.29,4.06,167129,77955826.0,5.67,4.43,0.18,1.41
2019-08-08,612,4.17,4.11,4.23,4.07,123798,57201182.0,3.77,-3.07,-0.13,1.04
2019-08-09,612,4.12,4.03,4.27,4.02,113601,52512622.0,6.08,-1.95,-0.08,0.96
2019-08-12,612,3.98,3.89,3.98,3.71,117010,50674564.0,6.7,-3.47,-0.14,0.98
2019-08-13,612,3.84,3.87,3.93,3.8,66431,29024315.0,3.34,-0.51,-0.02,0.56
2019-08-14,612,3.93,3.96,3.96,3.84,79555,34856397.0,3.1,2.33,0.09,0.67
2019-08-15,612,3.87,3.92,3.94,3.85,77897,34200939.0,2.27,-1.01,-0.04,0.66
2019-08-16,612,3.96,3.99,4.13,3.94,119057,53719875.0,4.85,1.79,0.07,1.0
2019-08-19,612,3.96,4.05,4.06,3.91,106635,47823793.0,3.76,1.5,0.06,0.9
2019-08-20,612,4.01,4.21,4.35,4.0,219985,103448593.0,8.64,3.95,0.16,1.85
2019-08-21,612,4.18,4.12,4.21,4.09,122950,56967072.0,2.85,-2.14,-0.09,1.03
2019-08-22,612,4.09,4.07,4.13,4.03,92484,42158389.0,2.43,-1.21,-0.05,0.78
2019-08-23,612,4.08,4.12,4.26,4.07,131250,61046957.0,4.67,1.23,0.05,1.1
2019-08-26,612,4.21,4.13,4.26,4.13,120328,56147369.0,3.16,0.24,0.01,1.01
2019-08-27,612,4.1,4.16,4.18,4.08,108725,50333150.0,2.42,0.73,0.03,0.91
2019-08-28,612,4.16,4.17,4.22,4.13,75308,35049467.0,2.16,0.24,0.01,0.63
2019-08-29,612,4.21,4.17,4.21,4.14,77804,36270080.0,1.68,0.0,0.0,0.65
2019-08-30,612,4.17,4.16,4.26,4.03,131444,60879986.0,5.52,-0.24,-0.01,1.11
2019-09-02,612,4.13,4.19,4.2,4.08,100758,46767462.0,2.88,0.72,0.03,0.85
2019-09-03,612,4.2,4.16,4.24,4.14,77707,36291613.0,2.39,-0.72,-0.03,0.65
2019-09-04,612,4.14,4.19,4.24,4.13,87401,40837074.0,2.64,0.72,0.03,0.73
2019-09-05,612,4.23,4.23,4.31,4.18,170666,80795210.0,3.1,0.95,0.04,1.44
2019-09-06,612,4.25,4.21,4.3,4.19,89509,42234358.0,2.6,-0.47,-0.02,0.75
2019-09-09,612,4.25,4.3,4.35,4.2,136430,64987067.0,3.56,2.14,0.09,1.15
2019-09-10,612,4.28,4.35,4.49,4.28,156615,76299197.0,4.88,1.16,0.05,1.32
2019-09-11,612,4.37,4.38,4.45,4.31,161863,78893641.0,3.22,0.69,0.03,1.36
2019-09-12,612,4.36,4.36,4.41,4.3,85379,41274455.0,2.51,-0.46,-0.02,0.72
2019-09-16,612,4.35,4.36,4.41,4.34,75971,36924617.0,1.61,0.0,0.0,0.64
2019-09-17,612,4.34,4.19,4.34,4.15,123943,58372780.0,4.36,-3.9,-0.17,1.04
2019-09-18,612,4.18,4.14,4.21,4.13,60910,28346712.0,1.91,-1.19,-0.05,0.51
2019-09-19,612,4.14,4.15,4.16,4.06,74660,34315128.0,2.42,0.24,0.01,0.63
2019-09-20,612,4.15,4.11,4.16,4.07,43974,20208880.0,2.17,-0.96,-0.04,0.37
2019-09-23,612,4.11,3.99,4.11,3.97,64463,28967175.0,3.41,-2.92,-0.12,0.54
2019-09-24,612,3.96,4.16,4.25,3.96,145115,66779302.0,7.27,4.26,0.17,1.22
2019-09-25,612,4.13,4.16,4.25,4.02,164727,76217536.0,5.53,0.0,0.0,1.39
2019-09-26,612,4.09,4.04,4.15,3.91,132387,59868950.0,5.77,-2.88,-0.12,1.11
2019-09-27,612,3.99,3.91,4.01,3.9,92297,40855080.0,2.72,-3.22,-0.13,0.78
2019-09-30,612,3.92,3.83,3.93,3.81,46827,20410525.0,3.07,-2.05,-0.08,0.39
2019-10-08,612,3.82,3.87,3.88,3.81,48114,20877172.0,1.83,1.04,0.04,0.4
2019-10-09,612,3.87,3.88,3.9,3.82,38265,16689014.0,2.07,0.26,0.01,0.32
2019-10-10,612,3.88,3.9,3.92,3.87,40447,17748069.0,1.29,0.52,0.02,0.34
2019-10-11,612,3.88,3.91,3.93,3.86,37119,16290278.0,1.79,0.26,0.01,0.31
2019-10-14,612,4.0,3.96,4.03,3.95,54134,24220888.0,2.05,1.28,0.05,0.46
2019-10-15,612,3.96,3.94,3.96,3.91,34654,15318867.0,1.26,-0.51,-0.02,0.29
2019-10-16,612,3.93,3.91,3.95,3.89,44212,19488735.0,1.52,-0.76,-0.03,0.37
2019-10-17,612,3.9,3.9,3.94,3.88,22932,10088660.0,1.53,-0.26,-0.01,0.19
2019-10-18,612,3.89,3.84,3.92,3.83,31272,13604167.0,2.31,-1.54,-0.06,0.26
2019-10-21,612,3.99,3.86,3.99,3.83,26365,11486153.0,4.17,0.52,0.02,0.22
2019-10-22,612,3.87,3.87,3.88,3.84,20410,8872406.0,1.04,0.26,0.01,0.17
2019-10-23,612,3.84,3.83,3.87,3.82,25838,11194197.0,1.29,-1.03,-0.04,0.22
2019-10-24,612,3.8,3.82,3.84,3.77,26551,11425186.0,1.83,-0.26,-0.01,0.22
2019-10-25,612,3.82,3.82,3.84,3.75,30549,13094487.0,2.36,0.0,0.0,0.26
2019-10-28,612,3.82,3.87,3.89,3.81,40154,17467542.0,2.09,1.31,0.05,0.34
2019-10-29,612,3.88,3.86,3.9,3.84,34725,15126237.0,1.55,-0.26,-0.01,0.29
2019-10-30,612,3.86,3.74,3.86,3.74,42495,18142292.0,3.11,-3.11,-0.12,0.36
2019-10-31,612,3.76,3.67,3.76,3.67,35020,14676503.0,2.41,-1.87,-0.07,0.29
2019-11-01,612,3.65,3.72,3.77,3.65,32274,13586223.0,3.27,1.36,0.05,0.27
2019-11-04,612,3.72,3.69,3.75,3.67,37514,15747622.0,2.15,-0.81,-0.03,0.32
2019-11-05,612,3.71,3.73,3.74,3.67,30048,12625439.0,1.9,1.08,0.04,0.25
2019-11-06,612,3.73,3.71,3.76,3.7,22750,9588796.0,1.61,-0.54,-0.02,0.19
2019-11-07,612,3.75,3.68,3.75,3.66,36280,15146310.0,2.43,-0.81,-0.03,0.31
2019-11-08,612,3.7,3.66,3.72,3.66,28698,11960093.0,1.63,-0.54,-0.02,0.24
2019-11-11,612,3.65,3.5,3.65,3.49,48674,19658338.0,4.37,-4.37,-0.16,0.41
2019-11-12,612,3.5,3.51,3.57,3.42,29829,11836085.0,4.29,0.29,0.01,0.25
2019-11-13,612,3.49,3.46,3.52,3.44,25164,9949117.0,2.28,-1.42,-0.05,0.21
2019-11-14,612,3.45,3.46,3.47,3.43,30714,12119967.0,1.16,0.0,0.0,0.26
2019-11-15,612,3.47,3.47,3.6,3.45,43631,17534710.0,4.34,0.29,0.01,0.37
2019-11-18,612,3.48,3.52,3.56,3.45,30326,12076157.0,3.17,1.44,0.05,0.26
2019-11-19,612,3.51,3.56,3.58,3.5,30411,12273769.0,2.27,1.14,0.04,0.26
2019-11-20,612,3.55,3.6,3.67,3.53,58740,24004727.0,3.93,1.12,0.04,0.49
2019-11-21,612,3.57,3.56,3.6,3.55,36344,14752038.0,1.39,-1.11,-0.04,0.31
2019-11-22,612,3.56,3.56,3.62,3.53,47986,19530762.0,2.53,0.0,0.0,0.4
2019-11-25,612,3.53,3.7,3.72,3.53,100148,41583066.0,5.34,3.93,0.14,0.84
2019-11-26,612,3.67,3.61,3.7,3.61,54503,22484373.0,2.43,-2.43,-0.09,0.46
2019-11-27,612,3.59,3.59,3.64,3.57,38940,15956160.0,1.94,-0.55,-0.02,0.33
2019-11-28,612,3.58,3.57,3.63,3.55,32027,13064528.0,2.23,-0.56,-0.02,0.27
2019-11-29,612,3.58,3.54,3.59,3.52,26882,10847955.0,1.96,-0.84,-0.03,0.23
2019-12-02,612,3.55,3.54,3.58,3.52,19732,7960159.0,1.69,0.0,0.0,0.17
2019-12-03,612,3.54,3.55,3.56,3.49,26234,10545289.0,1.98,0.28,0.01,0.22
2019-12-04,612,3.55,3.63,3.73,3.52,82150,33811227.0,5.92,2.25,0.08,0.69
2019-12-05,612,3.6,3.6,3.61,3.57,49860,20355100.0,1.1,-0.83,-0.03,0.42
2019-12-06,612,3.58,3.6,3.62,3.58,33741,13812407.0,1.11,0.0,0.0,0.28
2019-12-09,612,3.6,3.61,3.63,3.59,34209,14016146.0,1.11,0.28,0.01,0.29
2019-12-10,612,3.6,3.63,3.65,3.58,46023,18901312.0,1.94,0.55,0.02,0.39
2019-12-11,612,3.63,3.62,3.64,3.59,35014,14394984.0,1.38,-0.28,-0.01,0.29
2019-12-12,612,3.62,3.62,3.65,3.6,30558,12576704.0,1.38,0.0,0.0,0.26
2019-12-13,612,3.62,3.65,3.65,3.62,39713,16382352.0,0.83,0.83,0.03,0.33
2019-12-16,612,3.66,3.66,3.67,3.62,42799,17717398.0,1.37,0.27,0.01,0.36
2019-12-17,612,3.66,3.72,3.74,3.65,81325,34166481.0,2.46,1.64,0.06,0.68
2019-12-18,612,3.73,3.76,3.78,3.71,76979,32602520.0,1.88,1.08,0.04,0.65
2019-12-19,612,3.76,3.82,3.82,3.74,65026,27827843.0,2.13,1.6,0.06,0.55
2019-12-20,612,3.81,3.75,3.88,3.74,66099,28350711.0,3.66,-1.83,-0.07,0.56
2019-12-23,612,3.7,3.65,3.75,3.64,56304,23578101.0,2.93,-2.67,-0.1,0.47
2019-12-24,612,3.66,3.79,3.81,3.66,80963,34303288.0,4.11,3.84,0.14,0.68
2019-12-25,612,3.8,3.73,3.82,3.71,56505,24004223.0,2.9,-1.58,-0.06,0.48
2019-12-26,612,3.72,3.78,3.78,3.71,38489,16322156.0,1.88,1.34,0.05,0.32
2019-12-27,612,3.77,3.81,3.94,3.76,146964,63870829.0,4.76,0.79,0.03,1.24
2019-12-30,612,3.78,3.85,3.86,3.76,104006,44762695.0,2.62,1.05,0.04,0.87
2019-12-31,612,3.83,3.83,3.86,3.79,54212,23388456.0,1.82,-0.52,-0.02,0.46
2020-01-02,612,3.86,3.87,3.9,3.83,75918,33118075.0,1.83,1.04,0.04,0.64
2020-01-03,612,3.88,3.9,3.93,3.86,66840,29332474.0,1.81,0.78,0.03,0.56
2020-01-06,612,3.91,3.95,3.97,3.88,112210,49618935.0,2.31,1.28,0.05,0.94
2020-01-07,612,3.98,3.96,4.02,3.93,97348,43408241.0,2.28,0.25,0.01,0.82
2020-01-08,612,3.95,3.84,3.95,3.83,112862,49360117.0,3.03,-3.03,-0.12,0.95
2020-01-09,612,3.88,3.87,3.92,3.85,69599,30385871.0,1.82,0.78,0.03,0.58
2020-01-10,612,3.89,3.84,3.9,3.83,64167,27844913.0,1.81,-0.78,-0.03,0.54
2020-01-13,612,3.84,3.89,3.89,3.82,62711,27295833.0,1.82,1.3,0.05,0.53
2020-01-14,612,3.88,3.92,3.97,3.87,100121,44293664.0,2.57,0.77,0.03,0.84
2020-01-15,612,3.91,3.85,3.93,3.84,63929,27862089.0,2.3,-1.79,-0.07,0.54
2020-01-16,612,3.85,3.81,3.9,3.81,57263,24838861.0,2.34,-1.04,-0.04,0.48
2020-01-17,612,3.82,3.78,3.85,3.76,44724,19217969.0,2.36,-0.79,-0.03,0.38
2020-01-20,612,3.75,3.76,3.8,3.73,38000,16102427.0,1.85,-0.53,-0.02,0.32
2020-01-21,612,3.76,3.66,3.78,3.66,49167,20602483.0,3.19,-2.66,-0.1,0.41
2020-01-22,612,3.66,3.67,3.7,3.59,47108,19513203.0,3.01,0.27,0.01,0.4
2020-01-23,612,3.68,3.55,3.69,3.51,69606,28401209.0,4.9,-3.27,-0.12,0.58
2020-02-03,612,3.15,3.15,3.15,3.15,15844,5767216.0,0.0,-11.27,-0.4,0.13
2020-02-04,612,2.79,2.95,3.1,2.79,150232,51269335.0,9.84,-6.35,-0.2,1.26
2020-02-05,612,2.94,3.03,3.1,2.92,96262,33838771.0,6.1,2.71,0.08,0.81
2020-02-06,612,3.05,3.11,3.12,3.0,91170,32546494.0,3.96,2.64,0.08,0.77
2020-02-07,612,3.11,3.18,3.2,3.01,82136,29807822.0,6.11,2.25,0.07,0.69
2020-02-10,612,3.18,3.24,3.25,3.13,61193,22575580.0,3.77,1.89,0.06,0.51
2020-02-11,612,3.25,3.26,3.34,3.23,82108,30980275.0,3.4,0.62,0.02,0.69
2020-02-12,612,3.26,3.29,3.31,3.24,71729,27076369.0,2.15,0.92,0.03,0.6
2020-02-13,612,3.3,3.29,3.35,3.26,85805,32532976.0,2.74,0.0,0.0,0.72
2020-02-14,612,3.29,3.32,3.35,3.24,80121,30394863.0,3.34,0.91,0.03,0.67
2020-02-17,612,3.33,3.39,3.39,3.28,92380,35459009.0,3.31,2.11,0.07,0.78
2020-02-18,612,3.4,3.46,3.52,3.4,113195,44699231.0,3.54,2.06,0.07,0.95
2020-02-19,612,3.46,3.41,3.48,3.4,83095,32592913.0,2.31,-1.45,-0.05,0.7
2020-02-20,612,3.43,3.46,3.47,3.39,70463,27652810.0,2.35,1.47,0.05,0.59
2020-02-21,612,3.47,3.47,3.5,3.43,70657,28009347.0,2.02,0.29,0.01,0.59
2020-02-24,612,3.42,3.48,3.49,3.41,98659,38953451.0,2.31,0.29,0.01,0.83
2020-02-25,612,3.39,3.36,3.42,3.23,143692,54928771.0,5.46,-3.45,-0.12,1.21
2020-02-26,612,3.28,3.4,3.46,3.28,114512,44433555.0,5.36,1.19,0.04,0.96
2020-02-27,612,3.4,3.38,3.44,3.34,70294,27204409.0,2.94,-0.59,-0.02,0.59
2020-02-28,612,3.26,3.21,3.32,3.16,117842,43835049.0,4.73,-5.03,-0.17,0.99
2020-03-02,612,3.25,3.31,3.33,3.23,78836,29831130.0,3.12,3.12,0.1,0.66
2020-03-03,612,3.37,3.33,3.4,3.29,80150,30762184.0,3.32,0.6,0.02,0.67
2020-03-04,612,3.34,3.42,3.42,3.3,99242,38250101.0,3.6,2.7,0.09,0.83
2020-03-05,612,3.46,3.5,3.53,3.43,105879,42075185.0,2.92,2.34,0.08,0.89
2020-03-06,612,3.47,3.46,3.49,3.43,80181,31630097.0,1.71,-1.14,-0.04,0.67
2020-03-09,612,3.28,3.32,3.41,3.28,93583,35874715.0,3.76,-4.05,-0.14,0.79
2020-03-10,612,3.26,3.34,3.38,3.22,74983,28422534.0,4.82,0.6,0.02,0.63
2020-03-11,612,3.35,3.33,3.41,3.33,59647,23029867.0,2.4,-0.3,-0.01,0.5
2020-03-12,612,3.31,3.27,3.31,3.2,69245,25850320.0,3.3,-1.8,-0.06,0.58
2020-03-13,612,3.15,3.19,3.22,3.08,75860,27610367.0,4.28,-2.45,-0.08,0.64
2020-03-16,612,3.22,3.14,3.28,3.09,84048,30913270.0,5.96,-1.57,-0.05,0.71
2020-03-17,612,3.15,3.08,3.21,3.01,61957,22144556.0,6.37,-1.91,-0.06,0.52
2020-03-18,612,3.1,3.06,3.15,3.02,73298,26217552.0,4.22,-0.65,-0.02,0.62
2020-03-19,612,3.02,3.06,3.08,2.96,66959,23534998.0,3.92,0.0,0.0,0.56
2020-03-20,612,3.07,3.1,3.11,3.03,49049,17467736.0,2.61,1.31,0.04,0.41
2020-03-23,612,3.01,3.06,3.07,2.98,55192,19381470.0,2.9,-1.29,-0.04,0.46
2020-03-24,612,3.09,3.13,3.14,3.06,78313,28086518.0,2.61,2.29,0.07,0.66
2020-03-25,612,3.16,3.16,3.21,3.15,65458,23981812.0,1.92,0.96,0.03,0.55
2020-03-26,612,3.14,3.08,3.15,3.06,77069,27651763.0,2.85,-2.53,-0.08,0.65
2020-03-27,612,3.12,3.08,3.13,3.07,48057,17275607.0,1.95,0.0,0.0,0.4
2020-03-30,612,3.06,3.03,3.06,2.96,53861,18851809.0,3.25,-1.62,-0.05,0.45
2020-03-31,612,3.06,3.16,3.21,3.04,88103,31967498.0,5.61,4.29,0.13,0.74
2020-04-01,612,3.16,3.15,3.2,3.09,74762,27159402.0,3.48,-0.32,-0.01,0.63
2020-04-02,612,3.09,3.15,3.16,3.07,43574,15750323.0,2.86,0.0,0.0,0.37
2020-04-03,612,3.14,3.13,3.19,3.12,46904,17087366.0,2.22,-0.63,-0.02,0.39
2020-04-07,612,3.19,3.2,3.22,3.15,77994,28641462.0,2.24,2.24,0.07,0.65
2020-04-08,612,3.18,3.25,3.28,3.16,68206,25296304.0,3.75,1.56,0.05,0.57
2020-04-09,612,3.26,3.24,3.29,3.21,49916,18648739.0,2.46,-0.31,-0.01,0.42
2020-04-10,612,3.24,3.14,3.24,3.12,49416,18070484.0,3.7,-3.09,-0.1,0.41
2020-04-13,612,3.24,3.25,3.28,3.15,99958,37151883.0,4.14,3.5,0.11,0.84
2020-04-14,612,3.22,3.26,3.29,3.21,65011,24414618.0,2.46,0.31,0.01,0.55
2020-04-15,612,3.26,3.21,3.27,3.21,52637,19569728.0,1.84,-1.53,-0.05,0.44
2020-04-16,612,3.2,3.2,3.22,3.16,38691,14225946.0,1.87,-0.31,-0.01,0.32
2020-04-17,612,3.2,3.19,3.25,3.18,44726,16558302.0,2.19,-0.31,-0.01,0.38
2020-04-20,612,3.19,3.15,3.21,3.13,47850,17436103.0,2.51,-1.25,-0.04,0.4
2020-04-21,612,3.13,3.11,3.14,3.06,50245,18004060.0,2.54,-1.27,-0.04,0.42
2020-04-22,612,3.08,3.12,3.14,3.05,34881,12494109.0,2.89,0.32,0.01,0.29
2020-04-23,612,3.1,3.1,3.16,3.09,36135,13032973.0,2.24,-0.64,-0.02,0.3
2020-04-24,612,3.07,3.06,3.1,3.03,39244,13934053.0,2.26,-1.29,-0.04,0.33
2020-04-27,612,3.05,3.04,3.12,3.03,54031,19274526.0,2.94,-0.65,-0.02,0.45
2020-04-28,612,3.04,2.96,3.05,2.88,60788,20945486.0,5.59,-2.63,-0.08,0.51
2020-04-29,612,2.94,2.97,3.0,2.93,43815,15178621.0,2.36,0.34,0.01,0.37
2020-04-30,612,3.0,3.13,3.19,3.0,84522,30470003.0,6.4,5.39,0.16,0.71
2020-05-06,612,3.17,3.32,3.37,3.11,161157,60749312.0,8.31,6.07,0.19,1.35
2020-05-07,612,3.29,3.25,3.32,3.21,87228,32797220.0,3.31,-2.11,-0.07,0.73
2020-05-08,612,3.29,3.26,3.3,3.24,65478,24636671.0,1.85,0.31,0.01,0.55
2020-05-11,612,3.29,3.25,3.3,3.23,61870,23173594.0,2.15,-0.31,-0.01,0.52
2020-05-12,612,3.24,3.24,3.3,3.21,54635,20453946.0,2.77,-0.31,-0.01,0.46
2020-05-13,612,3.24,3.22,3.28,3.21,54733,20398380.0,2.16,-0.62,-0.02,0.46
2020-05-14,612,3.26,3.23,3.35,3.22,91566,34472149.0,4.04,0.31,0.01,0.77
2020-05-15,612,3.21,3.19,3.26,3.19,53920,20011928.0,2.17,-1.24,-0.04,0.45
2020-05-18,612,3.21,3.36,3.37,3.2,153822,58648719.0,5.33,5.33,0.17,1.29
2020-05-19,612,3.37,3.47,3.61,3.29,219470,86204889.0,9.52,3.27,0.11,1.84
2020-05-20,612,3.45,3.34,3.48,3.28,127939,49540943.0,5.76,-3.75,-0.13,1.07
2020-05-21,612,3.34,3.46,3.54,3.29,178493,70464133.0,7.49,3.59,0.12,1.5
2020-05-22,612,3.41,3.86,3.86,3.31,212940,87789716.0,15.9,11.56,0.4,1.79
2020-05-25,612,4.3,4.3,4.3,4.3,313439,150137261.0,0.0,11.4,0.44,2.63
2020-05-26,612,4.31,4.78,4.78,4.31,1330585,671686352.0,10.93,11.16,0.48,11.17
2020-06-03,612,4.53,5.31,5.31,4.25,1630033,855183072.0,22.18,11.09,0.53,13.69
2020-06-04,612,5.13,5.08,5.78,5.06,1651551,979058048.0,13.56,-4.33,-0.23,13.87
2020-06-05,612,4.86,5.38,5.58,4.78,1297425,733611472.0,15.75,5.91,0.3,10.89
2020-06-08,612,5.17,4.79,5.27,4.79,1048866,576274592.0,8.92,-10.97,-0.59,8.81
2020-06-09,612,4.72,4.85,4.96,4.58,840160,441456896.0,7.93,1.25,0.06,7.05
2020-06-10,612,4.75,4.53,4.82,4.37,827080,417629792.0,9.28,-6.6,-0.32,6.94
2020-06-11,612,4.5,5.03,5.03,4.47,1175949,619766544.0,12.36,11.04,0.5,9.87
2020-06-12,612,4.86,5.23,5.5,4.83,1396480,790170144.0,13.32,3.98,0.2,11.72
2020-06-15,612,5.23,5.22,5.64,5.03,1150368,662003712.0,11.66,-0.19,-0.01,9.66
2020-06-16,612,5.15,5.52,5.72,5.05,1252100,736202816.0,12.84,5.75,0.3,10.51
2020-06-17,612,5.42,5.15,5.45,5.03,1018703,582340288.0,7.61,-6.7,-0.37,8.55
2020-06-18,612,5.02,4.84,5.11,4.82,697193,377192208.0,5.63,-6.02,-0.31,5.85
2020-06-19,612,4.79,4.89,4.97,4.74,494999,264933103.0,4.75,1.03,0.05,4.16
2020-06-22,612,4.86,4.83,5.02,4.81,457842,245866188.0,4.29,-1.23,-0.06,3.84
2020-06-23,612,4.78,5.08,5.36,4.78,834427,469027824.0,12.01,5.18,0.25,7.01
2020-06-24,612,4.98,4.86,5.05,4.81,563277,303579296.0,4.72,-4.33,-0.22,4.73
2020-06-29,612,4.82,4.56,4.84,4.52,520901,266488458.0,6.58,-6.17,-0.3,4.37
2020-06-30,612,4.61,4.73,4.78,4.53,470403,242196560.0,5.48,3.73,0.17,3.95
2020-07-01,612,4.69,5.04,5.25,4.64,807753,440311088.0,12.9,6.55,0.31,6.78
2020-07-02,612,4.96,5.12,5.29,4.92,784205,437209600.0,7.34,1.59,0.08,6.58
2020-07-03,612,5.22,5.27,5.49,5.07,846632,488887504.0,8.2,2.93,0.15,7.11
2020-07-06,612,5.25,5.85,5.85,5.24,1055539,645633312.0,11.57,11.01,0.58,8.86
2020-07-07,612,6.22,6.48,6.48,6.08,1451991,992964720.0,6.84,10.77,0.63,12.19
2020-07-08,612,6.22,7.18,7.18,6.18,1069030,761965536.0,15.43,10.8,0.7,8.98
2020-07-09,612,7.5,7.95,7.95,7.33,1546330,1271449072.0,8.64,10.72,0.77,12.98
2020-07-10,612,8.0,7.69,8.67,7.52,1571732,1331332496.0,14.47,-3.27,-0.26,13.2
2020-07-13,612,7.7,7.81,8.13,7.39,1133635,938504064.0,9.62,1.56,0.12,9.52
2020-07-14,612,7.65,8.22,8.45,7.54,1226435,1038783184.0,11.65,5.25,0.41,10.3
2020-07-15,612,8.52,7.36,8.75,7.35,1035798,868242304.0,17.03,-10.46,-0.86,8.7
2020-07-16,612,7.62,7.47,8.06,7.1,985247,805545936.0,13.04,1.49,0.11,8.27
2020-07-17,612,6.98,7.07,7.49,6.68,780774,587460832.0,10.84,-5.35,-0.4,6.56
2020-07-20,612,7.1,7.83,7.83,7.1,871578,701271920.0,10.33,10.75,0.76,7.32
2020-07-21,612,8.08,7.8,8.37,7.61,1004258,842130256.0,9.71,-0.38,-0.03,8.43
2020-07-22,612,8.04,7.98,8.08,7.53,909660,751660448.0,7.05,2.31,0.18,7.64
2020-07-23,612,7.98,8.1,8.72,7.9,1314009,1146141424.0,10.28,1.5,0.12,11.03
2020-07-24,612,7.79,7.64,8.33,7.61,1008321,848330448.0,8.89,-5.68,-0.46,8.47
2020-07-27,612,7.43,7.68,7.87,7.3,643683,521567712.0,7.46,0.52,0.04,5.4
2020-07-28,612,7.77,7.73,8.16,7.62,710109,591814656.0,7.03,0.65,0.05,5.96
2020-07-29,612,7.54,7.74,7.76,7.4,634127,512271648.0,4.66,0.13,0.01,5.32
2020-07-30,612,7.72,7.98,8.07,7.52,861017,710818384.0,7.11,3.1,0.24,7.23
2020-07-31,612,7.84,7.91,8.27,7.63,734836,621145648.0,8.02,-0.88,-0.07,6.17
2020-08-03,612,7.8,8.52,8.73,7.75,1075477,941635232.0,12.39,7.71,0.61,9.03
2020-08-04,612,8.42,8.36,8.6,8.12,923724,810318352.0,5.63,-1.88,-0.16,7.76
2020-08-05,612,8.29,8.87,9.2,8.03,1155818,1048151824.0,14.0,6.1,0.51,9.7
2020-08-06,612,8.69,9.39,9.7,8.64,1212435,1172342416.0,11.95,5.86,0.52,10.18
2020-08-07,612,9.47,9.07,10.17,9.04,1372885,1380948608.0,12.03,-3.41,-0.32,11.53
2020-08-10,612,8.67,8.12,8.67,8.12,1109019,967517008.0,6.06,-10.47,-0.95,9.31
2020-08-11,612,7.81,7.7,8.24,7.52,761001,637946144.0,8.87,-5.17,-0.42,6.39
2020-08-12,612,7.52,7.18,7.62,7.03,699712,539315968.0,7.66,-6.75,-0.52,5.87
2020-08-13,612,7.21,7.44,7.56,7.12,518354,402438832.0,6.13,3.62,0.26,4.35
2020-08-14,612,7.08,7.19,7.43,7.02,428154,327929136.0,5.51,-3.36,-0.25,3.59
2020-08-17,612,7.16,7.29,7.37,7.07,423045,326659888.0,4.17,1.39,0.1,3.55
2020-08-18,612,7.35,7.59,7.76,7.33,613544,493498912.0,5.9,4.12,0.3,5.15
2020-08-19,612,7.63,7.47,7.77,7.44,472111,381766336.0,4.35,-1.58,-0.12,3.96
2020-08-20,612,7.32,6.96,7.32,6.9,467873,355715472.0,5.62,-6.83,-0.51,3.93
2020-08-21,612,7.02,7.12,7.26,6.94,327648,248225710.0,4.6,2.3,0.16,2.75
2020-08-24,612,7.05,6.93,7.07,6.83,285460,211212525.0,3.37,-2.67,-0.19,2.4
2020-08-25,612,6.93,6.66,6.98,6.64,355516,257686166.0,4.91,-3.9,-0.27,2.98
2020-08-26,612,6.7,6.35,6.71,6.33,379370,264970039.0,5.71,-4.65,-0.31,3.19
2020-08-27,612,6.35,6.45,6.49,6.35,240187,166250681.0,2.2,1.57,0.1,2.02
2020-08-28,612,6.46,6.55,6.56,6.34,250057,174172983.0,3.41,1.55,0.1,2.1
2020-08-31,612,6.54,6.61,6.76,6.54,255173,181563294.0,3.36,0.92,0.06,2.14
2020-09-01,612,6.6,6.64,6.68,6.52,172795,122454850.0,2.42,0.45,0.03,1.45
2020-09-02,612,6.61,6.39,6.62,6.35,282962,195630996.0,4.07,-3.77,-0.25,2.38
2020-09-03,612,6.33,6.18,6.35,6.15,266598,179279870.0,3.13,-3.29,-0.21,2.24
2020-09-04,612,6.05,6.21,6.23,5.98,195606,129031645.0,4.05,0.49,0.03,1.64
2020-09-07,612,6.22,6.06,6.32,6.03,201499,134339719.0,4.67,-2.42,-0.15,1.69
2020-09-08,612,6.05,6.2,6.2,5.96,223017,146353913.0,3.96,2.31,0.14,1.87
2020-09-09,612,6.09,5.94,6.13,5.92,192664,125053005.0,3.39,-4.19,-0.26,1.62
2020-09-10,612,6.02,5.86,6.06,5.82,207277,132992595.0,4.04,-1.35,-0.08,1.74
2020-09-11,612,5.87,5.88,5.9,5.68,196304,123134965.0,3.75,0.34,0.02,1.65
2020-09-14,612,5.89,5.93,6.02,5.88,176969,113834855.0,2.38,0.85,0.05,1.49
2020-09-15,612,5.93,5.98,6.0,5.84,160963,102990097.0,2.7,0.84,0.05,1.35
2020-09-16,612,5.97,5.83,5.97,5.77,148875,94138382.0,3.34,-2.51,-0.15,1.25
2020-09-17,612,5.82,5.79,5.88,5.68,158964,99386868.0,3.43,-0.69,-0.04,1.33
2020-09-18,612,5.83,6.17,6.21,5.77,328520,214085097.0,7.6,6.56,0.38,2.76
2020-09-21,612,6.17,6.2,6.33,6.05,302096,202277432.0,4.54,0.49,0.03,2.54
2020-09-22,612,6.08,5.97,6.13,5.94,192751,125519512.0,3.06,-3.71,-0.23,1.62
2020-09-23,612,5.96,5.92,6.08,5.89,142482,92061695.0,3.18,-0.84,-0.05,1.2
2020-09-24,612,5.86,5.68,5.87,5.67,175845,109004661.0,3.38,-4.05,-0.24,1.48
2020-09-25,612,5.72,5.62,5.75,5.56,114412,69976984.0,3.35,-1.06,-0.06,0.96
2020-09-28,612,5.61,5.71,5.82,5.6,133200,82325399.0,3.91,1.6,0.09,1.12
2020-09-29,612,5.74,5.68,5.79,5.65,103000,63917269.0,2.45,-0.53,-0.03,0.86
2020-09-30,612,5.66,5.67,5.72,5.6,84451,51815645.0,2.11,-0.18,-0.01,0.71
2020-10-09,612,5.79,5.97,6.0,5.75,179554,114728983.0,4.41,5.29,0.3,1.51
2020-10-12,612,6.07,6.17,6.18,6.0,213235,140632861.0,3.02,3.35,0.2,1.79
2020-10-13,612,6.42,6.27,6.67,6.23,411794,280659984.0,7.13,1.62,0.1,3.46
2020-10-14,612,6.36,6.15,6.37,6.12,205178,137233147.0,3.99,-1.91,-0.12,1.72
2020-10-15,612,6.16,6.26,6.35,6.14,217300,146888007.0,3.41,1.79,0.11,1.82
2020-10-16,612,6.27,6.17,6.3,6.13,138924,92470902.0,2.72,-1.44,-0.09,1.17
2020-10-19,612,6.17,6.07,6.28,6.05,144876,96075984.0,3.73,-1.62,-0.1,1.22
2020-10-20,612,6.07,6.09,6.09,5.93,109649,71077107.0,2.64,0.33,0.02,0.92
2020-10-21,612,6.06,6.08,6.18,6.0,109555,71732089.0,2.96,-0.16,-0.01,0.92
2020-10-22,612,6.01,5.99,6.04,5.9,102559,66173545.0,2.3,-1.48,-0.09,0.86
2020-10-23,612,5.99,5.84,6.03,5.83,104695,67119152.0,3.34,-2.5,-0.15,0.88
2020-10-26,612,5.87,5.91,5.92,5.76,88307,56023718.0,2.74,1.2,0.07,0.74
2020-10-27,612,5.92,6.07,6.1,5.89,156418,101787676.0,3.55,2.71,0.16,1.31
2020-10-28,612,6.07,6.04,6.08,5.94,116869,75864058.0,2.31,-0.49,-0.03,0.98
2020-10-29,612,5.92,5.9,5.96,5.85,113577,72560278.0,1.82,-2.32,-0.14,0.95
2020-10-30,612,5.9,5.57,5.92,5.54,182418,112828671.0,6.44,-5.59,-0.33,1.53
2020-11-02,612,5.55,5.84,5.87,5.55,198522,123338266.0,5.75,4.85,0.27,1.67
2020-11-03,612,5.82,6.47,6.47,5.82,402867,272398400.0,11.13,10.79,0.63,3.38
2020-11-04,612,6.76,6.58,6.76,6.46,765546,544259456.0,4.64,1.7,0.11,6.43
2020-11-05,612,6.59,6.61,6.7,6.5,497502,351578336.0,3.04,0.46,0.03,4.18
2020-11-06,612,6.59,6.65,6.75,6.55,430861,306358208.0,3.03,0.61,0.04,3.62
2020-11-09,612,6.81,7.15,7.27,6.73,713405,533457136.0,8.12,7.52,0.5,5.99
2020-11-10,612,7.03,7.26,7.46,6.93,666160,509098240.0,7.41,1.54,0.11,5.59
2020-11-11,612,7.13,7.02,7.42,7.0,576766,441740816.0,5.79,-3.31,-0.24,4.84
2020-11-12,612,6.92,7.04,7.18,6.77,450485,336868384.0,5.84,0.28,0.02,3.78
2020-11-13,612,7.01,7.26,7.42,6.98,606509,468995712.0,6.25,3.13,0.22,5.09
2020-11-16,612,7.26,7.69,7.96,7.17,799290,647397904.0,10.88,5.92,0.43,6.71
2020-11-17,612,7.63,7.33,7.63,7.25,633569,501652352.0,4.94,-4.68,-0.36,5.32
2020-11-18,612,7.29,7.48,7.66,7.24,561211,444862864.0,5.73,2.05,0.15,4.71
2020-11-19,612,7.34,7.07,7.47,6.98,515337,393039488.0,6.55,-5.48,-0.41,4.33
2020-11-20,612,7.08,7.29,7.34,6.98,433850,332304576.0,5.09,3.11,0.22,3.64
2020-11-23,612,7.32,7.68,7.86,7.31,819789,665917552.0,7.54,5.35,0.39,6.88
2020-11-24,612,7.63,8.03,8.17,7.47,905821,749299152.0,9.11,4.56,0.35,7.61
2020-11-25,612,7.91,7.68,8.07,7.68,692733,576624960.0,4.86,-4.36,-0.35,5.82
2020-11-26,612,7.67,7.46,7.76,7.27,517781,411764032.0,6.38,-2.86,-0.22,4.35
2020-11-27,612,7.47,7.46,7.54,7.2,384560,301350032.0,4.56,0.0,0.0,3.23
2020-11-30,612,7.5,7.47,7.82,7.38,576110,466829232.0,5.9,0.13,0.01,4.84
2020-12-01,612,7.35,7.33,7.44,7.18,478183,370566736.0,3.48,-1.87,-0.14,4.01
2020-12-02,612,7.35,7.34,7.59,7.29,409092,323395904.0,4.09,0.14,0.01,3.43
2020-12-03,612,7.22,6.8,7.22,6.76,575236,426675472.0,6.27,-7.36,-0.54,4.83
2020-12-04,612,6.69,6.87,6.91,6.63,241450,175995095.0,4.12,1.03,0.07,2.03
2020-12-07,612,6.82,6.78,6.96,6.74,193706,141645469.0,3.2,-1.31,-0.09,1.63
2020-12-08,612,6.74,6.72,6.81,6.64,171640,123724514.0,2.51,-0.88,-0.06,1.44
2020-12-09,612,6.7,6.65,6.88,6.63,192954,139447878.0,3.72,-1.04,-0.07,1.62
2020-12-10,612,6.63,6.88,6.88,6.53,254015,183291910.0,5.26,3.46,0.23,2.13
2020-12-11,612,6.95,6.65,7.05,6.59,280180,204301936.0,6.69,-3.34,-0.23,2.35
2020-12-14,612,6.63,6.41,6.63,6.36,232807,161689013.0,4.06,-3.61,-0.24,1.95
2020-12-15,612,6.41,6.33,6.41,6.2,150139,101913333.0,3.28,-1.25,-0.08,1.26
2020-12-16,612,6.38,6.35,6.44,6.17,161293,109890387.0,4.27,0.32,0.02,1.35
2020-12-17,612,6.27,6.8,6.82,6.27,367354,259771007.0,8.66,7.09,0.45,3.08
2020-12-18,612,6.82,6.86,6.97,6.73,374821,275733232.0,3.53,0.88,0.06,3.15
2020-12-21,612,6.79,6.88,6.94,6.73,283850,208181224.0,3.06,0.29,0.02,2.38
2020-12-22,612,6.79,6.34,6.82,6.28,344728,242141004.0,7.85,-7.85,-0.54,2.89
2020-12-23,612,6.3,6.59,6.69,6.3,280858,196499265.0,6.15,3.94,0.25,2.36
2020-12-24,612,6.6,6.45,6.67,6.4,176684,123573290.0,4.1,-2.12,-0.14,1.48
2020-12-25,612,6.43,6.74,6.77,6.3,300613,212180617.0,7.29,4.5,0.29,2.52
2020-12-28,612,6.76,6.95,7.02,6.64,477608,350494288.0,5.64,3.12,0.21,4.01
2020-12-29,612,6.87,6.44,6.89,6.35,428909,302328656.0,7.77,-7.34,-0.51,3.6
2020-12-30,612,6.45,6.56,6.7,6.39,291921,206153785.0,4.81,1.86,0.12,2.45
2020-12-31,612,6.57,6.54,6.73,6.5,260285,184063108.0,3.51,-0.3,-0.02,2.19
2021-01-04,612,6.54,6.99,7.05,6.46,501458,367744016.0,9.02,6.88,0.45,4.21
2021-01-05,612,6.96,7.12,7.26,6.95,561653,426105856.0,4.43,1.86,0.13,4.72
2021-01-06,612,7.11,7.13,7.24,6.92,412285,311439392.0,4.49,0.14,0.01,3.46
2021-01-07,612,7.04,7.4,7.48,6.88,630751,489016928.0,8.42,3.79,0.27,5.3
2021-01-08,612,7.34,7.16,7.34,6.93,357465,270646848.0,5.54,-3.24,-0.24,3.0
2021-01-11,612,7.1,6.7,7.12,6.7,345090,253724620.0,5.87,-6.42,-0.46,2.9
2021-01-12,612,6.56,6.53,6.74,6.4,344196,241546031.0,5.07,-2.54,-0.17,2.89
2021-01-13,612,6.54,6.44,6.68,6.41,257506,180888476.0,4.13,-1.38,-0.09,2.16
2021-01-14,612,6.43,5.79,6.43,5.75,450808,287597392.0,10.56,-10.09,-0.65,3.79
2021-01-15,612,6.41,6.42,6.42,6.15,362871,249527096.0,4.66,10.88,0.63,3.05
2021-01-18,612,6.9,7.11,7.11,6.78,235465,175314610.0,5.14,10.75,0.69,1.98
2021-01-19,612,7.82,6.9,7.82,6.86,1102636,867334512.0,13.5,-2.95,-0.21,9.26
2021-01-20,612,6.73,7.64,7.64,6.57,1016270,764692576.0,15.51,10.72,0.74,8.54
2021-01-21,612,7.49,7.96,8.32,7.18,1422565,1201478688.0,14.92,4.19,0.32,11.95
2021-01-22,612,7.68,7.71,8.19,7.52,977890,806041344.0,8.42,-3.14,-0.25,8.21
2021-01-25,612,7.6,7.32,7.84,7.3,825600,662561680.0,7.0,-5.06,-0.39,6.93
2021-01-26,612,7.31,7.55,7.64,7.14,646917,509957104.0,6.83,3.14,0.23,5.43
2021-01-27,612,7.38,7.27,7.43,7.01,473045,363236400.0,5.56,-3.71,-0.28,3.97
2021-01-28,612,7.02,7.12,7.47,6.97,427750,330485328.0,6.88,-2.06,-0.15,3.59
2021-01-29,612,7.26,6.63,7.35,6.5,575346,421181456.0,11.94,-6.88,-0.49,4.83
2021-02-01,612,6.61,6.7,6.72,6.35,289763,203739038.0,5.58,1.06,0.07,2.43
2021-02-02,612,6.7,6.74,6.87,6.47,324645,231480431.0,5.97,0.6,0.04,2.73
2021-02-03,612,6.71,6.8,7.06,6.57,464022,341356896.0,7.27,0.89,0.06,3.9
2021-02-04,612,6.72,6.4,6.84,6.38,359925,252864506.0,6.76,-5.88,-0.4,3.02
2021-02-05,612,6.44,6.26,6.72,6.23,303057,211622416.0,7.66,-2.19,-0.14,2.55
2021-02-08,612,6.28,6.53,6.58,6.03,334613,229313959.0,8.79,4.31,0.27,2.81
2021-02-09,612,6.51,6.87,6.96,6.48,422527,308085232.0,7.35,5.21,0.34,3.55
2021-02-10,612,6.89,6.88,7.05,6.75,396015,291537552.0,4.37,0.15,0.01,3.33
2021-02-18,612,7.32,7.25,7.44,7.07,545792,422428112.0,5.38,5.38,0.37,4.58
2021-02-19,612,7.26,7.68,7.9,7.21,731729,586781216.0,9.52,5.93,0.43,6.15
2021-02-22,612,7.9,8.0,8.5,7.78,1273461,1110078992.0,9.38,4.17,0.32,10.7
2021-02-23,612,7.8,7.92,8.29,7.77,946695,807270272.0,6.5,-1.0,-0.08,7.95
2021-02-24,612,7.92,7.69,8.14,7.64,750147,624138928.0,6.31,-2.9,-0.23,6.3
2021-02-25,612,8.02,7.82,8.28,7.75,871113,737903008.0,6.89,1.69,0.13,7.32
2021-02-26,612,7.37,7.39,7.6,7.22,623370,492715872.0,4.86,-5.5,-0.43,5.24
2021-03-01,612,7.43,7.85,8.0,7.2,728229,586889920.0,10.83,6.22,0.46,6.12
2021-03-02,612,7.7,7.54,7.8,7.42,596573,481819536.0,4.84,-3.95,-0.31,5.01
2021-03-03,612,7.62,7.88,7.96,7.6,706022,586470464.0,4.77,4.51,0.34,5.93
2021-03-04,612,7.87,8.0,8.4,7.77,1021853,874826624.0,7.99,1.52,0.12,8.58
2021-03-05,612,7.55,7.59,7.75,7.38,675300,543364816.0,4.63,-5.13,-0.41,5.67
2021-03-08,612,7.76,7.64,8.1,7.56,700164,583698096.0,7.11,0.66,0.05,5.88
2021-03-09,612,7.59,7.65,7.97,7.13,725934,584667664.0,10.99,0.13,0.01,6.1
2021-03-10,612,7.71,7.32,7.75,7.14,555541,434252432.0,7.97,-4.31,-0.33,4.67
2021-03-11,612,7.5,8.1,8.1,7.45,905147,757888288.0,8.88,10.66,0.78,7.6
2021-03-12,612,8.42,8.96,8.96,8.36,1949069,1805039792.0,7.41,10.62,0.86,16.37
2021-03-15,612,9.33,9.9,9.9,9.31,1561279,1581233936.0,6.58,10.49,0.94,13.11
2021-03-16,612,10.39,10.94,10.94,9.8,3257408,3567393520.0,11.52,10.51,1.04,27.36
2021-03-17,612,10.63,10.18,10.77,9.8,2288352,2462120192.0,8.87,-6.95,-0.76,19.22
2021-03-18,612,10.53,9.65,10.72,9.45,2420285,2576837840.0,12.48,-5.21,-0.53,20.33
2021-03-19,612,9.32,10.05,10.47,9.22,2459890,2535720128.0,12.95,4.15,0.4,20.66
2021-03-22,612,9.77,10.07,10.4,9.59,2272484,2379685120.0,8.06,0.2,0.02,19.09
2021-03-23,612,9.9,9.02,10.02,9.02,1507501,1465355104.0,9.93,-10.43,-1.05,12.66
2021-03-24,612,8.42,8.07,8.49,8.07,1184819,1024126976.0,4.66,-10.53,-0.95,9.95
2021-03-25,612,7.95,7.82,8.16,7.78,1159258,977024192.0,4.71,-3.1,-0.25,9.74
2021-03-26,612,7.82,8.07,8.14,7.74,1122306,943906320.0,5.12,3.2,0.25,9.43
2021-03-29,612,8.02,7.99,8.17,7.85,989297,841359456.0,3.97,-0.99,-0.08,8.31
2021-03-30,612,7.85,8.01,8.2,7.64,1189541,998819632.0,7.01,0.25,0.02,9.99
2021-03-31,612,7.82,7.84,7.98,7.72,648244,537804272.0,3.25,-2.12,-0.17,5.44
2021-04-01,612,7.85,7.7,7.87,7.35,1058956,856068768.0,6.63,-1.79,-0.14,8.89
2021-04-02,612,7.71,7.59,7.73,7.47,612344,495505824.0,3.38,-1.43,-0.11,5.14
2021-04-06,612,7.62,7.62,7.72,7.58,485802,394301376.0,1.84,0.4,0.03,4.08
2021-04-07,612,7.56,7.86,7.86,7.44,883081,722170432.0,5.51,3.15,0.24,7.42
2021-04-08,612,7.78,8.12,8.57,7.71,1488568,1275884336.0,10.94,3.31,0.26,12.5
2021-04-09,612,8.06,7.96,8.21,7.85,871501,739188304.0,4.43,-1.97,-0.16,7.32
2021-04-12,612,7.98,7.59,7.98,7.53,691511,566977376.0,5.65,-4.65,-0.37,5.81
2021-04-13,612,7.55,7.66,7.69,7.42,459022,370117184.0,3.56,0.92,0.07,3.86
2021-04-14,612,7.78,7.68,7.81,7.58,427607,348443648.0,3.0,0.26,0.02,3.59
2021-04-15,612,7.7,8.03,8.16,7.66,910953,763827488.0,6.51,4.56,0.35,7.65
2021-04-16,612,7.99,7.84,8.04,7.82,681141,571414048.0,2.74,-2.37,-0.19,5.72
2021-04-19,612,7.77,7.96,8.0,7.68,576808,482833072.0,4.08,1.53,0.12,4.84
2021-04-20,612,7.88,8.03,8.26,7.77,919786,780366256.0,6.16,0.88,0.07,7.72
2021-04-21,612,7.85,7.78,7.93,7.76,605187,499578816.0,2.12,-3.11,-0.25,5.08
2021-04-22,612,7.87,7.88,8.1,7.86,625146,523809104.0,3.08,1.29,0.1,5.25
2021-04-23,612,7.88,7.85,7.94,7.72,512441,422709440.0,2.79,-0.38,-0.03,4.3
2021-04-26,612,7.87,7.96,8.23,7.81,883047,747488704.0,5.35,1.4,0.11,7.42
2021-04-27,612,8.02,8.1,8.16,7.93,667625,565429200.0,2.89,1.76,0.14,5.61
2021-04-28,612,8.06,7.95,8.06,7.76,486126,405107616.0,3.7,-1.85,-0.15,4.08
2021-04-29,612,7.86,7.89,8.04,7.63,782753,648354496.0,5.16,-0.75,-0.06,6.57
2021-04-30,612,7.67,7.22,7.67,7.17,896813,703405440.0,6.34,-8.49,-0.67,7.53
2021-05-06,612,7.46,7.76,7.78,7.44,836670,676070800.0,4.71,7.48,0.54,7.03
2021-05-07,612,7.83,8.08,8.27,7.74,1145213,971031840.0,6.83,4.12,0.32,9.62
2021-05-10,612,8.28,8.87,8.93,8.17,1498528,1345791728.0,9.41,9.78,0.79,12.59
2021-05-11,612,8.56,8.41,8.56,7.97,1154667,1006556896.0,6.65,-5.19,-0.46,9.7
2021-05-12,612,8.11,8.28,8.35,8.01,730465,631024464.0,4.04,-1.55,-0.13,6.13
2021-05-13,612,8.01,7.77,8.02,7.71,712087,589541920.0,3.74,-6.16,-0.51,5.98
2021-05-14,612,7.79,7.76,7.86,7.67,454393,371430096.0,2.45,-0.13,-0.01,3.82
2021-05-17,612,7.71,7.84,7.89,7.63,407365,334244592.0,3.35,1.03,0.08,3.42
2021-05-18,612,7.88,7.77,7.93,7.72,362435,298398656.0,2.68,-0.89,-0.07,3.04
2021-05-19,612,7.67,7.67,7.71,7.6,334203,269875664.0,1.42,-1.29,-0.1,2.81
2021-05-20,612,7.41,7.46,7.52,7.28,366662,286799936.0,3.13,-2.74,-0.21,3.08
2021-05-21,612,7.4,7.68,7.75,7.38,360539,289174160.0,4.96,2.95,0.22,3.03
2021-05-24,612,7.52,7.55,7.63,7.46,294804,234346829.0,2.21,-1.69,-0.13,2.48
2021-05-25,612,7.57,7.56,7.61,7.44,277105,220812429.0,2.25,0.13,0.01,2.33
2021-05-26,612,7.53,7.6,7.66,7.49,324923,260333987.0,2.25,0.53,0.04,2.73
2021-05-27,612,7.56,7.57,7.61,7.52,246928,197217306.0,1.18,-0.39,-0.03,2.07
2021-05-28,612,7.7,7.62,7.79,7.59,450611,366797856.0,2.64,0.66,0.05,3.78
2021-05-31,612,7.63,7.61,7.7,7.51,285106,229498697.0,2.49,-0.13,-0.01,2.39
2021-06-01,612,7.57,7.55,7.57,7.38,350404,276601728.0,2.5,-0.79,-0.06,2.94
2021-06-02,612,7.5,7.38,7.55,7.38,248387,195649957.0,2.25,-2.25,-0.17,2.09
2021-06-03,612,7.36,7.46,7.64,7.3,312216,247163617.0,4.61,1.08,0.08,2.62
2021-06-04,612,7.34,7.33,7.41,7.28,242408,188299189.0,1.74,-1.74,-0.13,2.04
2021-06-07,612,7.37,7.3,7.39,7.26,200387,155219277.0,1.77,-0.41,-0.03,1.68
2021-06-08,612,7.3,7.14,7.3,7.12,253544,193154654.0,2.47,-2.19,-0.16,2.13
2021-06-09,612,7.14,7.26,7.3,7.14,183438,140645101.0,2.24,1.68,0.12,1.54
2021-06-10,612,7.2,7.17,7.3,7.16,190032,145369167.0,1.93,-1.24,-0.09,1.6
2021-06-11,612,7.21,7.41,7.5,7.13,390169,302873824.0,5.16,3.35,0.24,3.28
2021-06-15,612,7.34,7.15,7.36,7.12,232816,177753847.0,3.24,-3.51,-0.26,1.96
2021-06-16,612,7.17,6.8,7.18,6.78,268623,197867228.0,5.59,-4.9,-0.35,2.26
2021-06-17,612,6.81,6.72,6.88,6.69,201523,145507573.0,2.79,-1.18,-0.08,1.69
2021-06-18,612,6.59,6.68,6.69,6.4,253705,177406031.0,4.32,-0.6,-0.04,2.13
2021-06-21,612,6.64,6.55,6.64,6.52,199053,139402732.0,1.8,-1.95,-0.13,1.67
2021-06-22,612,6.57,6.77,6.85,6.57,237041,169544472.0,4.27,3.36,0.22,1.99
2021-06-23,612,6.78,6.75,6.82,6.65,184153,131907170.0,2.51,-0.3,-0.02,1.55
2021-06-24,612,6.77,6.71,6.81,6.68,152807,109526409.0,1.93,-0.59,-0.04,1.28
2021-06-25,612,6.71,6.82,6.89,6.63,256700,184461143.0,3.87,1.64,0.11,2.16
2021-06-28,612,6.79,6.66,6.79,6.62,284460,202340585.0,2.49,-2.35,-0.16,2.39
2021-06-29,612,6.67,6.62,6.74,6.55,222847,157619830.0,2.85,-0.6,-0.04,1.87
2021-06-30,612,6.62,6.66,6.7,6.59,109872,77706195.0,1.66,0.6,0.04,0.92
2021-07-01,612,6.65,6.47,6.65,6.47,154723,107982049.0,2.7,-2.85,-0.19,1.3
2021-07-02,612,6.45,6.51,6.71,6.4,199424,139872115.0,4.79,0.62,0.04,1.67
2021-07-05,612,6.56,6.74,6.77,6.56,251817,179953452.0,3.23,3.53,0.23,2.11
2021-07-06,612,6.72,6.74,6.81,6.62,228102,162953519.0,2.82,0.0,0.0,1.92
2021-07-07,612,6.64,6.92,7.05,6.61,415305,303453936.0,6.53,2.67,0.18,3.49
2021-07-08,612,7.05,7.28,7.61,6.99,797722,622003760.0,8.96,5.2,0.36,6.7
2021-07-09,612,7.17,7.58,7.65,7.12,825576,652776768.0,7.28,4.12,0.3,6.93
2021-07-12,612,7.69,7.36,7.82,7.34,755761,602297280.0,6.33,-2.9,-0.22,6.35
2021-07-13,612,7.39,7.39,7.51,7.24,427369,332977088.0,3.67,0.41,0.03,3.59
2021-07-14,612,7.37,7.11,7.39,7.06,525390,399153712.0,4.47,-3.79,-0.28,4.41
2021-07-15,612,7.08,7.36,7.47,6.94,559034,427810080.0,7.45,3.52,0.25,4.7
2021-07-16,612,7.42,8.14,8.14,7.31,880262,741645008.0,11.28,10.6,0.78,7.39
2021-07-19,612,8.13,8.24,8.86,7.98,1955309,1725109424.0,10.81,1.23,0.1,16.42
2021-07-20,612,7.87,8.03,8.22,7.82,1000857,846807344.0,4.85,-2.55,-0.21,8.41
2021-07-21,612,8.0,8.31,8.45,7.83,1332395,1143225984.0,7.72,3.49,0.28,11.19
2021-07-22,612,7.87,8.11,8.25,7.68,1536922,1291633728.0,6.86,-2.41,-0.2,12.91
2021-07-23,612,7.99,8.43,8.68,7.98,1619130,1433584688.0,8.63,3.95,0.32,13.6
2021-07-26,612,8.54,8.29,8.63,8.04,1118227,978163936.0,7.0,-1.66,-0.14,9.39
2021-07-27,612,8.34,7.66,8.52,7.6,1195509,1027763680.0,11.1,-7.6,-0.63,10.04
2021-07-28,612,7.49,7.32,7.77,7.08,787049,617604288.0,9.01,-4.44,-0.34,6.61
2021-07-29,612,7.44,8.1,8.1,7.44,577425,480576384.0,9.02,10.66,0.78,4.85
2021-07-30,612,8.33,8.45,8.53,8.12,1540729,1349736720.0,5.06,4.32,0.35,12.94
2021-08-02,612,8.44,8.37,8.56,8.16,981592,859987040.0,4.73,-0.95,-0.08,8.24
2021-08-03,612,8.34,7.76,8.36,7.7,941674,792862672.0,7.89,-7.29,-0.61,7.91
2021-08-04,612,7.86,8.04,8.1,7.7,793626,664414768.0,5.15,3.61,0.28,6.67
2021-08-05,612,7.92,7.83,8.04,7.73,610745,506099264.0,3.86,-2.61,-0.21,5.13
2021-08-06,612,7.84,8.22,8.38,7.84,993393,853753936.0,6.9,4.98,0.39,8.34
2021-08-09,612,8.21,8.45,8.52,8.02,1045621,916351264.0,6.08,2.8,0.23,8.78
2021-08-10,612,8.41,8.51,8.59,8.25,969697,859322480.0,4.02,0.71,0.06,8.14
2021-08-11,612,8.61,8.5,8.8,8.44,1154698,1043552416.0,4.23,-0.12,-0.01,9.7
2021-08-12,612,8.43,8.86,9.11,8.37,1468499,1357445952.0,8.71,4.24,0.36,12.33
2021-08-13,612,8.74,8.92,9.02,8.65,1048257,972839248.0,4.18,0.68,0.06,8.8
2021-08-16,612,8.88,8.45,9.0,8.37,930576,839340496.0,7.06,-5.27,-0.47,7.82
2021-08-17,612,8.53,8.33,8.62,8.26,655625,583461632.0,4.26,-1.42,-0.12,5.51
2021-08-18,612,8.27,8.39,8.59,8.2,533163,470458752.0,4.68,0.72,0.06,4.48
2021-08-19,612,8.23,8.17,8.24,7.86,672803,570455616.0,4.53,-2.62,-0.22,5.65
2021-08-20,612,7.98,8.03,8.08,7.79,545197,457103184.0,3.55,-1.71,-0.14,4.58
2021-08-23,612,8.1,8.16,8.26,8.07,567522,488468384.0,2.37,1.62,0.13,4.77
2021-08-24,612,8.27,8.3,8.45,8.18,700526,613855056.0,3.31,1.72,0.14,5.88
2021-08-25,612,8.27,8.77,8.81,8.21,1164466,1050276080.0,7.23,5.66,0.47,9.78
2021-08-26,612,8.67,9.04,9.34,8.59,1603481,1514087792.0,8.55,3.08,0.27,13.47
2021-08-27,612,8.98,9.15,9.27,8.82,1186295,1125748208.0,4.98,1.22,0.11,9.96
2021-08-30,612,9.27,9.52,9.61,9.03,1438767,1396648368.0,6.34,4.04,0.37,12.08
2021-08-31,612,9.34,9.46,9.48,9.05,987914,957492352.0,4.52,-0.63,-0.06,8.3
2021-09-01,612,9.34,8.76,9.66,8.47,1219296,1146745408.0,12.58,-7.4,-0.7,10.24
2021-09-02,612,8.64,9.68,9.68,8.64,1438367,1428758928.0,11.87,10.5,0.92,12.08
2021-09-03,612,9.77,9.31,9.9,9.04,1806745,1794535632.0,8.88,-3.82,-0.37,15.17
2021-09-06,612,9.58,9.22,9.77,9.0,1161449,1136252704.0,8.27,-0.97,-0.09,9.75
2021-09-07,612,9.38,9.83,9.84,9.23,1353656,1353940672.0,6.62,6.62,0.61,11.37
2021-09-08,612,9.69,10.18,10.47,9.58,1551016,1620787552.0,9.05,3.56,0.35,13.03
2021-09-09,612,10.01,10.74,11.13,9.97,1539225,1682198624.0,11.39,5.5,0.56,12.93
2021-09-10,612,10.62,10.31,10.85,10.21,1287003,1407101968.0,5.96,-4.0,-0.43,10.81
2021-09-13,612,10.73,10.99,11.15,10.5,1341749,1509026496.0,6.3,6.6,0.68,11.27
2021-09-14,612,10.52,10.03,10.52,9.97,1210663,1293696400.0,5.0,-8.74,-0.96,10.17
2021-09-15,612,9.82,10.17,10.2,9.67,759504,791784496.0,5.28,1.4,0.14,6.38
2021-09-16,612,10.24,9.88,10.54,9.85,883510,938184656.0,6.78,-2.85,-0.29,7.42
2021-09-17,612,9.88,9.67,10.24,9.17,783450,800818752.0,10.83,-2.13,-0.21,6.58
2021-09-22,612,9.64,9.9,10.03,9.58,563125,579515936.0,4.65,2.38,0.23,4.73
2021-09-23,612,10.06,9.65,10.06,9.42,579550,588965280.0,6.46,-2.53,-0.25,4.87
2021-09-24,612,9.95,9.58,10.55,9.53,953880,989730624.0,10.57,-0.73,-0.07,8.01
2021-09-27,612,9.28,8.58,9.37,8.58,639290,586734640.0,8.25,-10.44,-1.0,5.37
2021-09-28,612,8.29,8.32,8.49,8.15,575674,503062448.0,3.96,-3.03,-0.26,4.83
2021-09-29,612,8.26,7.77,8.4,7.74,557591,469900304.0,7.93,-6.61,-0.55,4.68
2021-09-30,612,7.9,7.8,7.95,7.74,402661,333256784.0,2.7,0.39,0.03,3.38
2021-10-08,612,7.95,7.84,7.98,7.66,367959,302733760.0,4.1,0.51,0.04,3.09
2021-10-11,612,7.82,7.84,7.91,7.6,290257,238691679.0,3.95,0.0,0.0,2.44
2021-10-12,612,7.92,7.52,8.0,7.4,391657,316508848.0,7.65,-4.08,-0.32,3.29
2021-10-13,612,7.62,7.57,7.64,7.32,264752,209736379.0,4.26,0.66,0.05,2.22
2021-10-14,612,7.58,7.75,7.88,7.47,352955,287029904.0,5.42,2.38,0.18,2.96
2021-10-15,612,7.66,7.65,7.77,7.49,308873,248778101.0,3.61,-1.29,-0.1,2.59
2021-10-18,612,7.73,7.84,7.84,7.53,382893,312458480.0,4.05,2.48,0.19,3.22
2021-10-19,612,7.75,7.82,7.86,7.67,309501,253550190.0,2.42,-0.26,-0.02,2.6
2021-10-20,612,7.48,7.57,7.7,7.37,346140,277091616.0,4.22,-3.2,-0.25,2.91
2021-10-21,612,7.65,7.66,7.85,7.54,390283,317718320.0,4.1,1.19,0.09,3.28
2021-10-22,612,7.63,7.23,7.64,7.06,590228,457279168.0,7.57,-5.61,-0.43,4.96
2021-10-25,612,7.21,7.33,7.35,7.09,290670,223383743.0,3.6,1.38,0.1,2.44
2021-10-26,612,7.25,7.16,7.39,7.15,288580,221607511.0,3.27,-2.32,-0.17,2.42
2021-10-27,612,7.08,6.96,7.16,6.82,340867,252162570.0,4.75,-2.79,-0.2,2.86
2021-10-28,612,6.83,6.55,6.95,6.52,436809,308531424.0,6.18,-5.89,-0.41,3.67
2021-10-29,612,6.62,6.55,6.7,6.54,259096,182118552.0,2.44,0.0,0.0,2.18
2021-11-01,612,6.55,6.61,6.71,6.48,243478,171674204.0,3.51,0.92,0.06,2.04
2021-11-02,612,6.58,6.34,6.64,6.21,378026,258570433.0,6.51,-4.08,-0.27,3.17
2021-11-03,612,6.35,6.43,6.43,6.24,206111,139717951.0,3.0,1.42,0.09,1.73
2021-11-04,612,6.43,6.46,6.49,6.32,224373,153462162.0,2.64,0.47,0.03,1.88
2021-11-05,612,6.42,6.24,6.42,6.24,215230,145236874.0,2.79,-3.41,-0.22,1.81
2021-11-08,612,6.2,6.42,6.45,6.19,196213,133560005.0,4.17,2.88,0.18,1.65
2021-11-09,612,6.55,6.48,6.58,6.4,184464,127263684.0,2.8,0.93,0.06,1.55
2021-11-10,612,6.42,6.49,6.5,6.27,198466,135086856.0,3.55,0.15,0.01,1.67
2021-11-11,612,6.49,6.56,6.59,6.46,199901,139317383.0,2.0,1.08,0.07,1.68
2021-11-12,612,6.64,6.53,6.68,6.52,205051,143650508.0,2.44,-0.46,-0.03,1.72
2021-11-15,612,6.55,6.48,6.55,6.39,136692,94081577.0,2.45,-0.77,-0.05,1.15
2021-11-16,612,6.48,6.34,6.49,6.32,138646,94591707.0,2.62,-2.16,-0.14,1.16
2021-11-17,612,6.32,6.52,6.52,6.3,184351,126797957.0,3.47,2.84,0.18,1.55
2021-11-18,612,6.48,6.54,6.6,6.47,194192,135643932.0,1.99,0.31,0.02,1.63
2021-11-19,612,6.55,6.71,6.72,6.45,289141,204164895.0,4.13,2.6,0.17,2.43
2021-11-22,612,6.67,6.81,6.83,6.67,267460,192353114.0,2.38,1.49,0.1,2.25
2021-11-23,612,6.81,7.28,7.3,6.81,606077,457156576.0,7.2,6.9,0.47,5.09
2021-11-24,612,7.21,7.29,7.53,7.15,523683,406769392.0,5.22,0.14,0.01,4.4
2021-11-25,612,7.27,7.15,7.34,7.11,321625,245803090.0,3.16,-1.92,-0.14,2.7
2021-11-26,612,7.12,7.25,7.41,7.09,349628,269966928.0,4.48,1.4,0.1,2.94
2021-11-29,612,7.01,7.18,7.22,6.92,267856,202216407.0,4.14,-0.97,-0.07,2.25
2021-11-30,612,7.19,7.07,7.31,7.0,266235,201749704.0,4.32,-1.53,-0.11,2.24
2021-12-01,612,7.07,7.09,7.11,6.93,211932,157963123.0,2.55,0.28,0.02,1.78
2021-12-02,612,7.07,7.09,7.22,6.94,271080,202955790.0,3.95,0.0,0.0,2.28
2021-12-03,612,7.07,7.16,7.21,6.94,258755,194716838.0,3.81,0.99,0.07,2.17
2021-12-06,612,7.15,7.39,7.48,7.09,534110,416442912.0,5.45,3.21,0.23,4.49
2021-12-07,612,7.48,7.56,7.62,7.26,568983,450341584.0,4.87,2.3,0.17,4.78
2021-12-08,612,7.47,7.47,7.63,7.42,433387,343686640.0,2.78,-1.19,-0.09,3.64
2021-12-09,612,7.4,7.28,7.45,7.28,314581,243865854.0,2.28,-2.54,-0.19,2.64
2021-12-10,612,7.27,7.33,7.41,7.22,212288,164915490.0,2.61,0.69,0.05,1.78
2021-12-13,612,7.34,7.25,7.38,7.16,233314,179020456.0,3.0,-1.09,-0.08,1.96
2021-12-14,612,7.23,7.08,7.25,7.07,208108,157358048.0,2.48,-2.34,-0.17,1.75
2021-12-15,612,7.03,7.01,7.14,6.99,181710,136334461.0,2.12,-0.99,-0.07,1.53
2021-12-16,612,6.99,7.12,7.13,6.98,166434,125156010.0,2.14,1.57,0.11,1.4
2021-12-17,612,7.1,7.02,7.25,7.02,230809,174102008.0,3.23,-1.4,-0.1,1.94
2021-12-20,612,7.07,7.0,7.14,6.98,186273,139381719.0,2.28,-0.28,-0.02,1.56
2021-12-21,612,6.97,6.95,6.98,6.58,284954,206253486.0,5.71,-0.71,-0.05,2.39
2021-12-22,612,6.95,6.83,7.0,6.79,211862,154688008.0,3.02,-1.73,-0.12,1.78
2021-12-23,612,7.04,7.56,7.56,7.02,672540,527867664.0,7.91,10.69,0.73,5.65
2021-12-24,612,7.67,7.22,7.67,7.22,855674,669178384.0,5.95,-4.5,-0.34,7.19
2021-12-27,612,7.1,7.18,7.3,6.94,351266,265303625.0,4.99,-0.55,-0.04,2.95
2021-12-28,612,7.17,7.32,7.42,7.1,389147,300436096.0,4.46,1.95,0.14,3.27
2021-12-29,612,7.33,7.18,7.36,7.16,247543,189729651.0,2.73,-1.91,-0.14,2.08
2021-12-30,612,7.18,7.3,7.39,7.16,312226,240585117.0,3.2,1.67,0.12,2.62
2021-12-31,612,7.27,7.28,7.33,7.18,218388,167893069.0,2.05,-0.27,-0.02,1.83
2022-01-04,612,7.29,7.3,7.4,7.22,265511,205067988.0,2.47,0.27,0.02,2.23
2022-01-05,612,7.27,7.02,7.28,6.96,299215,225222939.0,4.38,-3.84,-0.28,2.51
2022-01-06,612,7.02,7.09,7.17,7.0,164675,124013526.0,2.42,1.0,0.07,1.38
2022-01-07,612,7.07,7.19,7.3,7.05,256664,195240330.0,3.53,1.41,0.1,2.16
2022-01-10,612,7.19,7.27,7.36,7.13,223796,172601457.0,3.2,1.11,0.08,1.88
2022-01-11,612,7.27,7.33,7.4,7.23,340027,263837674.0,2.34,0.83,0.06,2.86
2022-01-12,612,7.42,7.31,7.45,7.23,234298,180951177.0,3.0,-0.27,-0.02,1.97
2022-01-13,612,7.27,7.13,7.38,7.13,268559,206564835.0,3.42,-2.46,-0.18,2.26
2022-01-14,612,7.08,6.91,7.1,6.89,239932,178101057.0,2.95,-3.09,-0.22,2.02
2022-01-17,612,6.81,6.88,6.9,6.81,173292,126191079.0,1.3,-0.43,-0.03,1.46
2022-01-18,612,6.88,6.88,6.94,6.85,159973,117054314.0,1.31,0.0,0.0,1.34
2022-01-19,612,6.9,6.79,7.0,6.71,223426,162599285.0,4.22,-1.31,-0.09,1.88
2022-01-20,612,6.79,6.65,6.85,6.63,199131,142363267.0,3.24,-2.06,-0.14,1.67
2022-01-21,612,6.63,6.69,6.72,6.6,136766,96839369.0,1.8,0.6,0.04,1.15
2022-01-24,612,6.64,6.58,6.64,6.51,114690,80251052.0,1.94,-1.64,-0.11,0.96
2022-01-25,612,6.57,6.22,6.6,6.2,215970,146957476.0,6.08,-5.47,-0.36,1.81
2022-01-26,612,6.27,6.38,6.46,6.27,145817,99188672.0,3.05,2.57,0.16,1.22
2022-01-27,612,6.39,6.25,6.45,6.24,124498,84129029.0,3.29,-2.04,-0.13,1.05
2022-01-28,612,6.27,6.23,6.34,5.98,142192,93788378.0,5.76,-0.32,-0.02,1.19
2022-02-07,612,6.36,6.54,6.54,6.33,164161,113271166.0,3.37,4.98,0.31,1.38
2022-02-08,612,6.5,6.75,6.77,6.48,198070,140005551.0,4.43,3.21,0.21,1.66
2022-02-09,612,6.94,6.85,6.97,6.8,307397,224658646.0,2.52,1.48,0.1,2.58
2022-02-10,612,6.9,6.93,7.01,6.87,259386,191292391.0,2.04,1.17,0.08,2.18
2022-02-11,612,6.85,6.81,6.99,6.79,187874,137364706.0,2.89,-1.73,-0.12,1.58
2022-02-14,612,6.77,6.67,6.87,6.63,160541,115034340.0,3.52,-2.06,-0.14,1.35
2022-02-15,612,6.67,6.63,6.73,6.56,119836,84729976.0,2.55,-0.6,-0.04,1.01
2022-02-16,612,6.66,6.77,6.81,6.66,123925,88927355.0,2.26,2.11,0.14,1.04
2022-02-17,612,6.75,6.76,6.87,6.73,150926,109153622.0,2.07,-0.15,-0.01,1.27
2022-02-18,612,6.76,6.84,6.88,6.73,133675,96970581.0,2.22,1.18,0.08,1.12
2022-02-21,612,6.84,6.8,6.86,6.74,118979,85780351.0,1.75,-0.58,-0.04,1.0
2022-02-22,612,6.79,6.78,6.87,6.66,170601,122541251.0,3.09,-0.29,-0.02,1.43
2022-02-23,612,6.79,6.79,6.82,6.73,123696,88995796.0,1.33,0.15,0.01,1.04
2022-02-24,612,6.72,6.73,6.93,6.62,328371,237360754.0,4.57,-0.88,-0.06,2.76
2022-02-25,612,6.74,6.8,6.97,6.73,339297,247628649.0,3.57,1.04,0.07,2.85
2022-02-28,612,6.87,6.9,6.93,6.76,234629,171152883.0,2.5,1.47,0.1,1.97
2022-03-01,612,6.89,6.87,6.92,6.78,197331,143488528.0,2.03,-0.43,-0.03,1.66
2022-03-02,612,6.96,7.13,7.35,6.9,639698,483289376.0,6.55,3.78,0.26,5.37
2022-03-03,612,7.23,7.18,7.34,7.13,552766,423708464.0,2.95,0.7,0.05,4.64
2022-03-04,612,7.2,7.11,7.3,7.05,391722,297035296.0,3.48,-0.97,-0.07,3.29
2022-03-07,612,7.25,7.04,7.27,6.99,304956,229603756.0,3.94,-0.98,-0.07,2.56
2022-03-08,612,6.83,6.6,6.86,6.41,395859,280115456.0,6.39,-6.25,-0.44,3.33
2022-03-09,612,6.47,6.44,6.58,6.1,321803,219059318.0,7.27,-2.42,-0.16,2.7
2022-03-10,612,6.46,6.41,6.54,6.38,208186,143397351.0,2.48,-0.47,-0.03,1.75
2022-03-11,612,6.35,6.4,6.44,6.16,167436,112520077.0,4.37,-0.16,-0.01,1.41
2022-03-14,612,6.33,6.13,6.38,6.12,158903,106073651.0,4.06,-4.22,-0.27,1.33
2022-03-15,612,6.07,5.51,6.09,5.51,260766,162099856.0,9.46,-10.11,-0.62,2.19
2022-03-16,612,5.6,5.72,5.74,5.37,182401,109683339.0,6.72,3.81,0.21,1.53
2022-03-17,612,5.78,5.76,5.89,5.75,149303,93128027.0,2.45,0.7,0.04,1.25
2022-03-18,612,5.78,5.92,5.93,5.75,151328,95358865.0,3.13,2.78,0.16,1.27
2022-03-21,612,5.96,5.96,6.04,5.85,133280,85044211.0,3.21,0.68,0.04,1.12
2022-03-22,612,5.97,5.98,6.06,5.91,143321,92091459.0,2.52,0.34,0.02,1.2
2022-03-23,612,5.93,5.94,5.99,5.89,103248,65785460.0,1.67,-0.67,-0.04,0.87
2022-03-24,612,6.02,5.9,6.03,5.87,123869,78992852.0,2.69,-0.67,-0.04,1.04
2022-03-25,612,5.88,5.92,6.02,5.86,141920,90693240.0,2.71,0.34,0.02,1.19
2022-03-28,612,5.87,6.01,6.1,5.75,172703,110031137.0,5.91,1.52,0.09,1.45
2022-03-29,612,6.01,5.92,6.06,5.85,142745,90873303.0,3.49,-1.5,-0.09,1.2
2022-03-30,612,5.9,5.93,5.94,5.85,110611,70050967.0,1.52,0.17,0.01,0.93
2022-03-31,612,5.93,5.83,5.94,5.81,105958,66676146.0,2.19,-1.69,-0.1,0.89
2022-04-01,612,5.81,5.82,5.85,5.75,78400,48953221.0,1.72,-0.17,-0.01,0.66
2022-04-06,612,5.85,5.92,5.93,5.77,124550,78100740.0,2.75,1.72,0.1,1.05
2022-04-07,612,5.93,5.83,5.99,5.83,129334,81676328.0,2.7,-1.52,-0.09,1.09
2022-04-08,612,5.79,5.83,5.89,5.67,134432,83459194.0,3.77,0.0,0.0,1.13
2022-04-11,612,5.82,5.59,5.82,5.56,139244,84819274.0,4.46,-4.12,-0.24,1.17
2022-04-12,612,5.55,5.7,5.72,5.52,107031,64630260.0,3.58,1.97,0.11,0.9
2022-04-13,612,5.68,5.86,5.95,5.63,234985,146766373.0,5.61,2.81,0.16,1.97
2022-04-14,612,5.83,5.98,6.01,5.82,217316,138264699.0,3.24,2.05,0.12,1.83
2022-04-15,612,6.01,5.83,6.09,5.79,191217,121968130.0,5.02,-2.51,-0.15,1.61
2022-04-18,612,5.81,5.74,5.82,5.62,116370,71279256.0,3.43,-1.54,-0.09,0.98
2022-04-19,612,5.73,5.81,5.87,5.69,95951,59801506.0,3.14,1.22,0.07,0.81
2022-04-20,612,5.74,5.64,5.78,5.61,119075,72758297.0,2.93,-2.93,-0.17,1.0
2022-04-21,612,5.62,5.47,5.64,5.42,166987,99180985.0,3.9,-3.01,-0.17,1.4
2022-04-22,612,5.43,5.34,5.43,5.24,113112,65043314.0,3.47,-2.38,-0.13,0.95
2022-04-25,612,5.18,4.76,5.2,4.76,208136,110516678.0,8.24,-10.86,-0.58,1.75
2022-04-26,612,4.64,4.47,4.72,4.45,161962,80956330.0,5.67,-6.09,-0.29,1.36
2022-04-27,612,4.43,4.75,4.77,4.32,152905,76234463.0,10.07,6.26,0.28,1.28
2022-04-28,612,4.75,4.63,4.8,4.56,122880,62720052.0,5.05,-2.53,-0.12,1.03
2022-04-29,612,4.69,4.88,4.92,4.69,117842,61817148.0,4.97,5.4,0.25,0.99
2022-05-05,612,4.86,4.94,4.99,4.85,91268,48930683.0,2.87,1.23,0.06,0.77
2022-05-06,612,4.77,4.82,4.84,4.73,74225,38825610.0,2.23,-2.43,-0.12,0.62
2022-05-09,612,4.79,4.86,4.96,4.77,68732,36519537.0,3.94,0.83,0.04,0.58
2022-05-10,612,4.8,4.9,4.91,4.77,84170,44471212.0,2.88,0.82,0.04,0.71
2022-05-11,612,4.92,4.95,5.06,4.91,129876,70418829.0,3.06,1.02,0.05,1.09
2022-05-12,612,4.93,4.97,5.04,4.89,78353,42290867.0,3.03,0.4,0.02,0.66
2022-05-13,612,5.0,4.98,5.01,4.91,85809,46277055.0,2.01,0.2,0.01,0.72
2022-05-16,612,5.01,5.03,5.08,5.0,89837,49086842.0,1.61,1.0,0.05,0.75
2022-05-17,612,5.03,5.02,5.03,4.94,63483,34441271.0,1.79,-0.2,-0.01,0.53
2022-05-18,612,5.03,5.0,5.07,4.98,76758,41878747.0,1.79,-0.4,-0.02,0.64
2022-05-19,612,4.9,5.02,5.03,4.86,98710,53066939.0,3.4,0.4,0.02,0.83
2022-05-20,612,5.17,5.57,5.57,5.15,267676,154362624.0,8.37,10.96,0.55,2.25
2022-05-23,612,5.77,5.93,6.17,5.69,919796,590963952.0,8.62,6.46,0.36,7.73
2022-05-24,612,5.81,5.49,5.89,5.48,632542,389698448.0,6.91,-7.42,-0.44,5.31
2022-05-25,612,5.5,5.61,5.78,5.5,397170,241546171.0,5.1,2.19,0.12,3.34
2022-05-26,612,5.66,5.63,5.72,5.52,291625,176233153.0,3.57,0.36,0.02,2.45
2022-05-27,612,5.63,5.55,5.69,5.47,247938,148669506.0,3.91,-1.42,-0.08,2.08
2022-05-30,612,5.54,5.52,5.58,5.47,157366,93640699.0,1.98,-0.54,-0.03,1.32
2022-05-31,612,5.53,5.5,5.54,5.4,187549,110197947.0,2.54,-0.36,-0.02,1.58
2022-06-01,612,5.45,5.44,5.48,5.38,149148,87345947.0,1.82,-1.09,-0.06,1.25
2022-06-02,612,5.42,5.65,5.67,5.38,336966,202285082.0,5.33,3.86,0.21,2.83
2022-06-06,612,5.73,6.09,6.25,5.67,600796,383539344.0,10.27,7.79,0.44,5.05
2022-06-07,612,6.03,6.0,6.12,5.95,332244,214288290.0,2.79,-1.48,-0.09,2.79
2022-06-08,612,6.02,5.96,6.07,5.77,254311,161758575.0,5.0,-0.67,-0.04,2.14
2022-06-09,612,5.98,5.85,5.98,5.78,166714,105084215.0,3.36,-1.85,-0.11,1.4
2022-06-10,612,5.87,5.95,6.03,5.79,218754,139553258.0,4.1,1.71,0.1,1.84
2022-06-13,612,5.97,6.05,6.16,5.9,235308,151819119.0,4.37,1.68,0.1,1.98
2022-06-14,612,5.94,6.01,6.02,5.79,188888,119914463.0,3.8,-0.66,-0.04,1.59
2022-06-15,612,5.94,5.95,6.07,5.93,197554,126985842.0,2.33,-1.0,-0.06,1.66
2022-06-16,612,5.96,5.9,6.1,5.87,166120,106235075.0,3.87,-0.84,-0.05,1.4
2022-06-17,612,5.85,6.08,6.16,5.82,300378,194958476.0,5.76,3.05,0.18,2.52
2022-06-20,612,6.07,5.93,6.16,5.92,196199,125671614.0,3.95,-2.47,-0.15,1.65
2022-06-21,612,5.89,5.74,5.93,5.66,224273,138836414.0,4.55,-3.2,-0.19,1.88
2022-06-22,612,5.77,5.68,5.82,5.67,109392,67435615.0,2.61,-1.05,-0.06,0.92
2022-06-23,612,5.72,6.0,6.02,5.67,244406,153930839.0,6.16,5.63,0.32,2.05
2022-06-24,612,6.0,5.92,6.03,5.89,150826,96031167.0,2.33,-1.33,-0.08,1.27
2022-06-27,612,5.91,5.89,5.96,5.83,155243,98207501.0,2.2,-0.51,-0.03,1.3
2022-06-28,612,5.92,6.06,6.06,5.89,199287,126589189.0,2.89,2.89,0.17,1.67
2022-06-29,612,6.05,5.8,6.06,5.79,185027,115690384.0,4.46,-4.29,-0.26,1.55
2022-06-30,612,5.81,5.87,5.91,5.79,118709,73542008.0,2.07,1.21,0.07,1.0
2022-07-01,612,5.95,5.84,5.96,5.8,92962,57389563.0,2.73,-0.51,-0.03,0.78
2022-07-04,612,5.87,5.84,5.87,5.78,95756,58988860.0,1.54,0.0,0.0,0.8
2022-07-05,612,5.87,6.08,6.19,5.84,386056,247124450.0,5.99,4.11,0.24,3.24
2022-07-06,612,6.02,5.75,6.05,5.71,277622,170667401.0,5.59,-5.43,-0.33,2.33
2022-07-07,612,5.72,5.9,6.03,5.72,205363,127950808.0,5.39,2.61,0.15,1.72
2022-07-08,612,5.96,5.83,6.01,5.83,128311,80190135.0,3.05,-1.19,-0.07,1.08
2022-07-11,612,5.8,5.69,5.82,5.66,166133,100461430.0,2.74,-2.4,-0.14,1.4
2022-07-12,612,5.68,5.56,5.72,5.54,128537,76628076.72,3.16,-2.28,-0.13,1.08
2022-07-13,612,5.54,5.61,5.61,5.45,89426,52666914.29,2.88,0.9,0.05,0.75
2022-07-14,612,5.61,5.61,5.64,5.52,76255,45178052.0,2.14,0.0,0.0,0.64
2022-07-15,612,5.59,5.5,5.62,5.48,83953,49470613.0,2.5,-1.96,-0.11,0.71
2022-07-18,612,5.5,5.85,5.9,5.49,229818,140192722.44,7.45,6.36,0.35,1.93
2022-07-19,612,5.86,5.95,6.04,5.83,265076,167341295.29,3.59,1.71,0.1,2.23
2022-07-20,612,5.97,5.98,6.01,5.9,144457,91007190.07,1.85,0.5,0.03,1.21
2022-07-21,612,5.99,5.89,6.02,5.89,112571,70712208.38,2.17,-1.51,-0.09,0.95
2022-07-22,612,5.91,5.86,5.99,5.8,102600,63899909.94,3.23,-0.51,-0.03,0.86
2022-07-25,612,5.94,5.79,5.98,5.75,109776,67802385.73,3.92,-1.19,-0.07,0.92
2022-07-26,612,5.82,5.81,5.85,5.72,73390,44983478.41,2.25,0.35,0.02,0.62
2022-07-27,612,5.8,5.91,5.97,5.77,122152,75876500.35,3.44,1.72,0.1,1.03
2022-07-28,612,5.95,6.01,6.08,5.87,210333,132916788.21,3.55,1.69,0.1,1.77
2022-07-29,612,6.03,6.0,6.11,5.98,197970,126262309.09,2.16,-0.17,-0.01,1.66
2022-08-01,612,6.0,6.01,6.09,5.95,138974,88451946.11,2.33,0.17,0.01,1.17
2022-08-02,612,5.97,5.77,5.97,5.67,200073,122646059.7,4.99,-3.99,-0.24,1.68
2022-08-03,612,5.74,5.67,5.9,5.63,159625,97372022.83,4.68,-1.73,-0.1,1.34
2022-08-04,612,5.69,5.66,5.74,5.53,128340,76700036.1,3.7,-0.18,-0.01,1.08
2022-08-05,612,5.67,5.8,5.8,5.62,141696,85727402.14,3.18,2.47,0.14,1.19
2022-08-08,612,5.79,5.85,5.86,5.72,123039,75453411.67,2.41,0.86,0.05,1.03
2022-08-09,612,5.82,5.96,6.0,5.81,190846,119813214.7,3.25,1.88,0.11,1.6
2022-08-10,612,5.96,5.99,6.09,5.93,161389,102613478.08,2.68,0.5,0.03,1.36
2022-08-11,612,6.02,6.03,6.04,5.92,141830,89994929.22,2.0,0.67,0.04,1.19
2022-08-12,612,6.05,6.05,6.23,6.0,203263,131215086.94,3.81,0.33,0.02,1.71
2022-08-15,612,6.04,6.13,6.17,6.01,191434,123655818.21,2.64,1.32,0.08,1.61
2022-08-16,612,6.16,6.18,6.22,6.09,203068,132082649.7,2.12,0.82,0.05,1.71
2022-08-17,612,6.18,6.14,6.21,6.04,128691,83126139.37,2.75,-0.65,-0.04,1.08
2022-08-18,612,6.12,6.11,6.17,6.05,113924,73414725.3,1.95,-0.49,-0.03,0.96
2022-08-19,612,6.11,6.0,6.19,5.99,124443,79650770.26,3.27,-1.8,-0.11,1.05
2022-08-22,612,6.01,6.23,6.24,5.91,194082,125030821.0,5.5,3.83,0.23,1.63
2022-08-23,612,6.14,6.15,6.22,6.04,173738,111969733.12,2.89,-1.28,-0.08,1.46
2022-08-24,612,6.14,5.88,6.22,5.86,237069,149289303.04,5.85,-4.39,-0.27,1.99
2022-08-25,612,5.87,6.33,6.5,5.82,835343,552660340.93,11.56,7.65,0.45,7.02
2022-08-26,612,6.2,6.04,6.28,5.97,588370,379875672.51,4.9,-4.58,-0.29,4.94
2022-08-29,612,5.91,6.06,6.09,5.76,328850,206888088.59,5.46,0.33,0.02,2.76
2022-08-30,612,6.1,5.82,6.11,5.76,307015,191002503.75,5.78,-3.96,-0.24,2.58
2022-08-31,612,5.82,5.49,5.82,5.47,345309,204237762.29,6.01,-5.67,-0.33,2.9
2022-09-01,612,5.48,5.45,5.55,5.44,149675,87288280.84,2.0,-0.73,-0.04,1.26
2022-09-02,612,5.46,5.46,5.5,5.44,102432,59534224.64,1.1,0.18,0.01,0.86
2022-09-05,612,5.47,5.56,5.57,5.45,97164,56982184.04,2.2,1.83,0.1,0.82
2022-09-06,612,5.58,5.7,5.71,5.56,137705,82566583.18,2.7,2.52,0.14,1.16
2022-09-07,612,5.68,6.3,6.3,5.66,901060,588875489.55,11.23,10.53,0.6,7.57
2022-09-08,612,6.32,6.22,6.61,6.16,943978,628921413.74,7.14,-1.27,-0.08,7.93
2022-09-09,612,6.3,6.42,6.51,6.23,583229,392002094.95,4.5,3.22,0.2,4.9
2022-09-13,612,6.46,6.41,6.55,6.36,394388,267728113.26,2.96,-0.16,-0.01,3.31
2022-09-14,612,6.26,6.23,6.39,6.18,315583,208630503.21,3.28,-2.81,-0.18,2.65
2022-09-15,612,6.26,5.96,6.29,5.88,336240,213369945.48,6.58,-4.33,-0.27,2.82
2022-09-16,612,5.96,5.68,5.96,5.67,297781,182236516.57,4.87,-4.7,-0.28,2.5
2022-09-19,612,5.7,5.55,5.74,5.5,211518,125377002.0,4.23,-2.29,-0.13,1.78
2022-09-20,612,5.59,5.66,5.71,5.54,222243,132623310.76,3.06,1.98,0.11,1.87
2022-09-21,612,5.66,5.85,5.98,5.56,261303,159454518.88,7.42,3.36,0.19,2.19
2022-09-22,612,5.83,5.94,6.02,5.76,276022,173139783.87,4.44,1.54,0.09,2.32
2022-09-23,612,5.94,5.8,5.97,5.73,204540,126387869.11,4.04,-2.36,-0.14,1.72
2022-09-26,612,5.75,5.47,5.76,5.46,234003,138665533.83,5.17,-5.69,-0.33,1.97
2022-09-27,612,5.54,5.39,5.56,5.21,279851,158631178.25,6.4,-1.46,-0.08,2.35
2022-09-28,612,5.37,5.01,5.37,4.97,284054,154620865.56,7.42,-7.05,-0.38,2.39
2022-09-29,612,5.11,5.02,5.12,4.96,136754,73619338.28,3.19,0.2,0.01,1.15
2022-09-30,612,5.05,5.09,5.19,5.05,151312,82591224.75,2.79,1.39,0.07,1.27
2022-10-10,612,5.07,5.06,5.2,5.01,122051,66506526.19,3.73,-0.59,-0.03,1.02
2022-10-11,612,5.04,5.1,5.15,4.99,97267,52709998.26,3.16,0.79,0.04,0.82
2022-10-12,612,5.11,5.17,5.17,4.93,164770,89026843.7,4.71,1.37,0.07,1.38
2022-10-13,612,5.21,5.2,5.3,5.17,188937,105314851.74,2.51,0.58,0.03,1.59
2022-10-14,612,5.2,5.27,5.28,5.18,186134,103919037.43,1.92,1.35,0.07,1.56
2022-10-17,612,5.21,5.27,5.28,5.13,132144,73338729.57,2.85,0.0,0.0,1.11
2022-10-18,612,5.25,5.2,5.27,5.19,115361,64181582.67,1.52,-1.33,-0.07,0.97
2022-10-19,612,5.2,5.14,5.23,5.14,89028,49161911.6,1.73,-1.15,-0.06,0.75
2022-10-20,612,5.11,5.09,5.17,5.01,107562,58325917.66,3.11,-0.97,-0.05,0.9
2022-10-21,612,5.12,5.02,5.15,4.99,105099,56816525.3,3.14,-1.38,-0.07,0.88
2022-10-24,612,5.06,4.94,5.11,4.91,115762,61854855.41,3.98,-1.59,-0.08,0.97
2022-10-25,612,4.92,4.92,4.95,4.78,95589,49808749.54,3.44,-0.4,-0.02,0.8
2022-10-26,612,4.91,5.02,5.08,4.9,85804,45871751.05,3.66,2.03,0.1,0.72
2022-10-27,612,5.02,5.08,5.13,5.02,102653,55793552.0,2.19,1.2,0.06,0.86
2022-10-28,612,5.0,4.73,5.0,4.71,184555,95403079.86,5.71,-6.89,-0.35,1.55
2022-10-31,612,4.77,4.71,4.8,4.67,87727,44442709.9,2.75,-0.42,-0.02,0.74
2022-11-01,612,4.71,4.88,4.88,4.69,105144,54323069.25,4.03,3.61,0.17,0.88
2022-11-02,612,4.87,4.97,5.01,4.84,115816,61176045.04,3.48,1.84,0.09,0.97
2022-11-03,612,4.95,4.97,5.04,4.9,85551,45541271.09,2.82,0.0,0.0,0.72
2022-11-04,612,4.97,5.12,5.14,4.96,121535,65918541.19,3.62,3.02,0.15,1.02
2022-11-07,612,5.21,5.23,5.29,5.18,152264,84811039.08,2.15,2.15,0.11,1.28
2022-11-08,612,5.21,5.27,5.31,5.19,127675,71546119.8,2.29,0.76,0.04,1.07
2022-11-09,612,5.33,5.26,5.34,5.26,86127,48445637.26,1.52,-0.19,-0.01,0.72
2022-11-10,612,5.24,5.25,5.29,5.17,103854,57821225.44,2.28,-0.19,-0.01,0.87
2022-11-11,612,5.39,5.33,5.41,5.29,134050,76203561.48,2.29,1.52,0.08,1.13
2022-11-14,612,5.39,5.24,5.4,5.22,113408,63979421.0,3.38,-1.69,-0.09,0.95
2022-11-15,612,5.26,5.34,5.36,5.19,98083,55388254.8,3.24,1.91,0.1,0.82
2022-11-16,612,5.36,5.3,5.36,5.28,80839,45684539.84,1.5,-0.75,-0.04,0.68
2022-11-17,612,5.3,5.25,5.3,5.18,75866,42277895.48,2.26,-0.94,-0.05,0.64
2022-11-18,612,5.26,5.16,5.29,5.14,91581,50660307.1,2.86,-1.71,-0.09,0.77
2022-11-21,612,5.14,5.22,5.23,5.04,85326,46932757.16,3.68,1.16,0.06,0.72
2022-11-22,612,5.22,5.18,5.33,5.16,91499,50882623.0,3.26,-0.77,-0.04,0.77
2022-11-23,612,5.18,5.19,5.22,5.12,74588,41099733.77,1.93,0.19,0.01,0.63
2022-11-24,612,5.22,5.21,5.27,5.15,75067,41761765.77,2.31,0.39,0.02,0.63
2022-11-25,612,5.2,5.24,5.27,5.16,74727,41634168.82,2.11,0.58,0.03,0.63
2022-11-28,612,5.18,5.18,5.24,5.05,111050,60831456.7,3.63,-1.15,-0.06,0.93
2022-11-29,612,5.17,5.29,5.31,5.16,140183,78382965.02,2.9,2.12,0.11,1.18
2022-11-30,612,5.31,5.27,5.35,5.26,102155,57581371.8,1.7,-0.38,-0.02,0.86
2022-12-01,612,5.34,5.33,5.37,5.3,99318,56373200.42,1.33,1.14,0.06,0.83
2022-12-02,612,5.33,5.28,5.35,5.26,79508,44807268.77,1.69,-0.94,-0.05,0.67
2022-12-05,612,5.33,5.51,5.54,5.29,223714,129256855.2,4.73,4.36,0.23,1.88
2022-12-06,612,5.44,5.4,5.45,5.36,135995,78018917.19,1.63,-2.0,-0.11,1.14
2022-12-07,612,5.39,5.34,5.42,5.32,95086,54088731.0,1.85,-1.11,-0.06,0.8
2022-12-08,612,5.32,5.3,5.34,5.27,61726,34840141.84,1.31,-0.75,-0.04,0.52
2022-12-09,612,5.29,5.44,5.45,5.28,197172,113049299.11,3.21,2.64,0.14,1.66
2022-12-12,612,5.41,5.17,5.41,5.16,203318,113203513.71,4.6,-4.96,-0.27,1.71
2022-12-13,612,5.16,5.22,5.31,5.15,118963,66386187.2,3.09,0.97,0.05,1.0
2022-12-14,612,5.22,5.22,5.34,5.19,81343,45471698.0,2.87,0.0,0.0,0.68
2022-12-15,612,5.21,5.18,5.25,5.14,62845,34622398.3,2.11,-0.77,-0.04,0.53
2022-12-16,612,5.14,5.14,5.2,5.11,66760,36585735.55,1.74,-0.77,-0.04,0.56
2022-12-19,612,5.12,4.97,5.18,4.92,112239,60123112.13,5.06,-3.31,-0.17,0.94
2022-12-20,612,4.96,4.95,5.02,4.92,58544,31055840.3,2.01,-0.4,-0.02,0.49
2022-12-21,612,5.01,4.95,5.03,4.93,58761,31177519.0,2.02,0.0,0.0,0.49
2022-12-22,612,4.98,4.82,5.0,4.82,83134,43530106.0,3.64,-2.63,-0.13,0.7
2022-12-23,612,4.83,4.9,4.93,4.8,46523,24255447.0,2.7,1.66,0.08,0.39
2022-12-26,612,4.9,4.88,4.92,4.81,59365,30935081.8,2.24,-0.41,-0.02,0.5
2022-12-27,612,4.9,4.97,5.0,4.88,76139,40386029.92,2.46,1.84,0.09,0.64
2022-12-28,612,4.96,4.96,5.03,4.89,58970,31269463.6,2.82,-0.2,-0.01,0.5
2022-12-29,612,4.95,4.88,4.98,4.87,58611,30793672.15,2.22,-1.61,-0.08,0.49
2022-12-30,612,4.89,4.88,4.92,4.84,41786,21779733.0,1.64,0.0,0.0,0.35
2023-01-03,612,4.88,4.94,4.96,4.83,76357,40069917.2,2.66,1.23,0.06,0.64
2023-01-04,612,4.94,4.92,4.96,4.89,58878,30985729.0,1.42,-0.4,-0.02,0.49
2023-01-05,612,4.92,4.94,4.95,4.89,70072,36851788.44,1.22,0.41,0.02,0.59
2023-01-06,612,4.94,4.92,5.0,4.92,85479,45254709.58,1.62,-0.4,-0.02,0.72
2023-01-09,612,4.94,5.06,5.08,4.93,138798,74610696.0,3.05,2.85,0.14,1.17
2023-01-10,612,5.07,5.01,5.11,4.99,76169,40929884.5,2.37,-0.99,-0.05,0.64
2023-01-11,612,5.03,5.02,5.06,4.98,72344,38813783.6,1.6,0.2,0.01,0.61
2023-01-12,612,5.03,4.99,5.07,4.96,73057,39149957.4,2.19,-0.6,-0.03,0.61
2023-01-13,612,5.06,4.99,5.07,4.95,74669,39839511.34,2.4,0.0,0.0,0.63
2023-01-16,612,5.0,5.05,5.08,5.0,94548,50959303.7,1.6,1.2,0.06,0.79
2023-01-17,612,5.07,5.08,5.09,5.04,73074,39489043.34,0.99,0.59,0.03,0.61
2023-01-18,612,5.11,5.15,5.16,5.07,90487,49512025.98,1.77,1.38,0.07,0.76
2023-01-19,612,5.11,5.18,5.18,5.11,72328,39673682.02,1.36,0.58,0.03,0.61
2023-01-20,612,5.19,5.31,5.35,5.18,160981,90577837.29,3.28,2.51,0.13,1.35
2023-01-30,612,5.36,5.36,5.43,5.32,184328,105314315.56,2.07,0.94,0.05,1.55
2023-01-31,612,5.34,5.42,5.44,5.32,144597,82793804.3,2.24,1.12,0.06,1.21
2023-02-01,612,5.42,5.61,5.68,5.42,251312,149215481.79,4.8,3.51,0.19,2.11
2023-02-02,612,5.61,5.58,5.62,5.54,160321,94812314.66,1.43,-0.53,-0.03,1.35
2023-02-03,612,5.58,5.52,5.58,5.43,131604,76672574.22,2.69,-1.08,-0.06,1.1
2023-02-06,612,5.48,5.45,5.49,5.39,102072,58895777.31,1.81,-1.27,-0.07,0.86
2023-02-07,612,5.45,5.52,5.54,5.42,99763,58031269.75,2.2,1.28,0.07,0.84
2023-02-08,612,5.53,5.47,5.57,5.47,85423,50052492.8,1.81,-0.91,-0.05,0.72
2023-02-09,612,5.5,5.51,5.53,5.45,76294,44530060.1,1.46,0.73,0.04,0.64
2023-02-10,612,5.49,5.47,5.53,5.44,83648,48678098.75,1.63,-0.73,-0.04,0.7
2023-02-13,612,5.48,5.46,5.5,5.44,77293,44826924.46,1.1,-0.18,-0.01,0.65
2023-02-14,612,5.46,5.52,5.6,5.46,114466,67240239.6,2.56,1.1,0.06,0.96
2023-02-15,612,5.51,5.48,5.6,5.47,94179,55248618.66,2.36,-0.72,-0.04,0.79
2023-02-16,612,5.47,5.3,5.5,5.26,148948,85254490.74,4.38,-3.28,-0.18,1.25
2023-02-17,612,5.3,5.32,5.43,5.3,81491,46395032.09,2.45,0.38,0.02,0.68
2023-02-20,612,5.32,5.57,5.6,5.32,197992,115765901.92,5.26,4.7,0.25,1.66
2023-02-21,612,5.55,5.63,5.68,5.52,223206,132988790.48,2.87,1.08,0.06,1.87
2023-02-22,612,5.63,5.63,5.71,5.58,161548,96882999.0,2.31,0.0,0.0,1.36
2023-02-23,612,5.65,5.61,5.69,5.58,81796,48774568.85,1.95,-0.36,-0.02,0.69
2023-02-24,612,5.6,5.54,5.61,5.5,96447,56729995.4,1.96,-1.25,-0.07,0.81
2023-02-27,612,5.52,5.49,5.56,5.47,71204,41687029.44,1.62,-0.9,-0.05,0.6
2023-02-28,612,5.54,5.53,5.54,5.46,60881,35556569.15,1.46,0.73,0.04,0.51
2023-03-01,612,5.56,5.59,5.61,5.49,90627,53594136.96,2.17,1.08,0.06,0.76
2023-03-02,612,5.58,5.51,5.6,5.5,89523,52653233.0,1.79,-1.43,-0.08,0.75
2023-03-03,612,5.52,5.51,5.54,5.46,80703,47074602.0,1.45,0.0,0.0,0.68
2023-03-06,612,5.52,5.44,5.52,5.34,174168,100096833.72,3.27,-1.27,-0.07,1.46
2023-03-07,612,5.43,5.35,5.52,5.34,119539,68933281.82,3.31,-1.65,-0.09,1.0
2023-03-08,612,5.33,5.32,5.38,5.29,75272,42608360.08,1.68,-0.56,-0.03,0.63
2023-03-09,612,5.35,5.35,5.47,5.28,117621,66932860.1,3.57,0.56,0.03,0.99
2023-03-10,612,5.33,5.18,5.34,5.18,124276,69082161.03,2.99,-3.18,-0.17,1.04
2023-03-13,612,5.18,5.21,5.23,5.13,79670,44019131.61,1.93,0.58,0.03,0.67
2023-03-14,612,5.25,5.14,5.28,5.1,105923,58559058.6,3.45,-1.34,-0.07,0.89
2023-03-15,612,5.16,5.22,5.23,5.15,74808,41405908.42,1.56,1.56,0.08,0.63
2023-03-16,612,5.19,5.06,5.2,5.03,112426,61135639.76,3.26,-3.07,-0.16,0.94
2023-03-17,612,5.09,5.09,5.12,5.06,85318,46344600.13,1.19,0.59,0.03,0.72
2023-03-20,612,5.1,5.09,5.12,5.04,65601,35549466.63,1.57,0.0,0.0,0.55
2023-03-21,612,5.1,5.16,5.17,5.08,77088,42157577.5,1.77,1.38,0.07,0.65
2023-03-22,612,5.17,5.15,5.19,5.13,64094,35214454.57,1.16,-0.19,-0.01,0.54
2023-03-23,612,5.15,5.21,5.24,5.12,99532,54987776.64,2.33,1.17,0.06,0.84
2023-03-24,612,5.22,5.22,5.25,5.17,79895,44327103.03,1.54,0.19,0.01,0.67
2023-03-27,612,5.21,5.19,5.22,5.12,74511,41024552.46,1.92,-0.57,-0.03,0.63
2023-03-28,612,5.19,5.12,5.22,5.1,58068,31806596.6,2.31,-1.35,-0.07,0.49
2023-03-29,612,5.12,5.05,5.15,5.05,72957,39502676.0,1.95,-1.37,-0.07,0.61
2023-03-30,612,5.05,5.05,5.06,4.98,74916,40168896.94,1.58,0.0,0.0,0.63
2023-03-31,612,5.04,5.12,5.15,5.04,71840,39174322.56,2.18,1.39,0.07,0.6
2023-04-03,612,5.14,5.15,5.17,5.1,73053,39988036.46,1.37,0.59,0.03,0.61
2023-04-04,612,5.13,5.12,5.14,5.08,68744,37439084.41,1.17,-0.58,-0.03,0.58
2023-04-06,612,5.11,5.14,5.14,5.05,68431,37268992.6,1.76,0.39,0.02,0.57
2023-04-07,612,5.13,5.11,5.16,5.09,49803,27185428.88,1.36,-0.58,-0.03,0.42
2023-04-10,612,5.1,5.11,5.19,5.09,94008,51505624.2,1.96,0.0,0.0,0.79
2023-04-11,612,5.1,5.12,5.18,5.02,121670,66113393.64,3.13,0.2,0.01,1.02
2023-04-12,612,5.12,5.23,5.26,5.11,173310,96154974.58,2.93,2.15,0.11,1.45
2023-04-13,612,5.21,5.2,5.28,5.18,108318,60291121.6,1.91,-0.57,-0.03,0.91
2023-04-14,612,5.23,5.28,5.29,5.22,124582,69797604.04,1.35,1.54,0.08,1.05
2023-04-17,612,5.32,5.36,5.37,5.26,152762,86546057.66,2.08,1.52,0.08,1.28
2023-04-18,612,5.37,5.29,5.38,5.26,113488,63997480.08,2.24,-1.31,-0.07,0.95
2023-04-19,612,5.31,5.25,5.35,5.24,99096,55649777.88,2.08,-0.76,-0.04,0.83
2023-04-20,612,5.25,5.15,5.26,5.1,94411,51851425.64,3.05,-1.9,-0.1,0.79
2023-04-21,612,5.16,4.97,5.16,4.95,132090,70973028.0,4.08,-3.5,-0.18,1.11
2023-04-24,612,4.97,4.86,4.98,4.82,142557,74228556.53,3.22,-2.21,-0.11,1.2
2023-04-25,612,4.88,4.76,4.91,4.68,107995,55129643.81,4.73,-2.06,-0.1,0.91
2023-04-26,612,4.76,4.8,4.82,4.71,78343,40147965.39,2.31,0.84,0.04,0.66
2023-04-27,612,4.81,4.76,4.82,4.71,71350,36388137.48,2.29,-0.83,-0.04,0.6
2023-04-28,612,4.74,4.82,4.84,4.73,66742,34358940.77,2.31,1.26,0.06,0.56
2023-05-04,612,4.73,4.76,4.82,4.71,143598,73121752.0,2.28,-1.24,-0.06,1.21
2023-05-05,612,4.76,4.69,4.77,4.67,103612,52253556.96,2.1,-1.47,-0.07,0.87
2023-05-08,612,4.7,4.78,4.8,4.69,119838,61049365.46,2.35,1.92,0.09,1.01
2023-05-09,612,4.78,4.79,4.9,4.74,127981,65988707.5,3.35,0.21,0.01,1.07
2023-05-10,612,4.77,4.83,4.86,4.76,82624,42580611.6,2.09,0.84,0.04,0.69
2023-05-11,612,4.82,4.78,4.82,4.76,67895,34748435.55,1.24,-1.04,-0.05,0.57
2023-05-12,612,4.76,4.73,4.77,4.69,93021,47001511.8,1.67,-1.05,-0.05,0.78
2023-05-15,612,4.73,4.77,4.78,4.71,72021,36588014.58,1.48,0.85,0.04,0.6
2023-05-16,612,4.76,4.71,4.77,4.71,66889,33900341.95,1.26,-1.26,-0.06,0.56
2023-05-17,612,4.69,4.72,4.73,4.69,77029,38855325.02,0.85,0.21,0.01,0.65
2023-05-18,612,4.73,4.69,4.74,4.67,79800,40216694.61,1.48,-0.64,-0.03,0.67
2023-05-19,612,4.69,4.59,4.69,4.56,119107,58837457.12,2.77,-2.13,-0.1,1.0
2023-05-22,612,4.59,4.62,4.62,4.56,53901,26579002.52,1.31,0.65,0.03,0.45
2023-05-23,612,4.62,4.56,4.63,4.56,48650,23933973.8,1.52,-1.3,-0.06,0.41
2023-05-24,612,4.55,4.54,4.59,4.51,41715,20408201.0,1.75,-0.44,-0.02,0.35
2023-05-25,612,4.55,4.51,4.56,4.46,67379,32600981.44,2.2,-0.66,-0.03,0.57
2023-05-26,612,4.51,4.51,4.53,4.44,56733,27351361.0,2.0,0.0,0.0,0.48
2023-05-29,612,4.52,4.51,4.54,4.49,36175,17554067.95,1.11,0.0,0.0,0.3
2023-05-30,612,4.51,4.54,4.54,4.45,43416,20983371.0,2.0,0.67,0.03,0.36
2023-05-31,612,4.51,4.5,4.54,4.48,25374,12302489.9,1.32,-0.88,-0.04,0.21
2023-06-01,612,4.48,4.52,4.54,4.46,44560,21636586.9,1.78,0.44,0.02,0.37
2023-06-02,612,4.51,4.6,4.6,4.51,50679,24938539.1,1.99,1.77,0.08,0.43
2023-06-05,612,4.6,4.57,4.61,4.55,42311,20775847.5,1.3,-0.65,-0.03,0.36
2023-06-06,612,4.55,4.48,4.57,4.47,51670,25106577.0,2.19,-1.97,-0.09,0.43
2023-06-07,612,4.45,4.48,4.51,4.45,31354,15127479.74,1.34,0.0,0.0,0.26
2023-06-08,612,4.47,4.47,4.51,4.46,34673,16707255.38,1.12,-0.22,-0.01,0.29
2023-06-09,612,4.49,4.46,4.49,4.45,42352,20344997.0,0.89,-0.22,-0.01,0.36
2023-06-12,612,4.46,4.5,4.51,4.42,54772,26307173.21,2.02,0.9,0.04,0.46
2023-06-13,612,4.48,4.51,4.52,4.48,36219,17529678.51,0.89,0.22,0.01,0.3
2023-06-14,612,4.52,4.52,4.54,4.5,38656,18806900.4,0.89,0.22,0.01,0.32
2023-06-15,612,4.53,4.53,4.54,4.47,48058,23267504.0,1.55,0.22,0.01,0.4
2023-06-16,612,4.53,4.54,4.56,4.52,50521,24674561.32,0.88,0.22,0.01,0.42
2023-06-19,612,4.54,4.5,4.55,4.49,44506,21557497.95,1.32,-0.88,-0.04,0.37
2023-06-20,612,4.48,4.46,4.51,4.46,40800,19643933.38,1.11,-0.89,-0.04,0.34
2023-06-21,612,4.46,4.42,4.48,4.41,45810,21885943.0,1.57,-0.9,-0.04,0.38
2023-06-26,612,4.41,4.34,4.41,4.33,55648,26161196.14,1.81,-1.81,-0.08,0.47
2023-06-27,612,4.37,4.48,4.5,4.37,56029,26438564.0,3.0,3.23,0.14,0.47
2023-06-28,612,4.49,4.51,4.52,4.41,55272,26168638.4,2.46,0.67,0.03,0.46
2023-06-29,612,4.5,4.51,4.55,4.48,52233,24996328.44,1.55,0.0,0.0,0.44
2023-06-30,612,4.5,4.57,4.57,4.49,46199,22284783.2,1.77,1.33,0.06,0.39
2023-07-03,612,4.57,4.6,4.68,4.57,96381,47116042.0,2.41,0.66,0.03,0.81
2023-07-04,612,4.64,4.61,4.7,4.6,72751,35742841.2,2.17,0.22,0.01,0.61
2023-07-05,612,4.6,4.81,4.83,4.6,233656,117515940.25,4.99,4.34,0.2,1.96
2023-07-06,612,4.84,4.71,4.86,4.7,156334,78260547.35,3.33,-2.08,-0.1,1.31
2023-07-07,612,4.78,4.79,4.84,4.64,179135,89983765.94,4.25,1.7,0.08,1.5
2023-07-10,612,4.73,4.72,4.81,4.71,100169,50280521.0,2.09,-1.46,-0.07,0.84
2023-07-11,612,4.72,4.72,4.74,4.66,64764,32162253.15,1.69,0.0,0.0,0.54
2023-07-12,612,4.69,4.67,4.74,4.66,64637,32060563.0,1.69,-1.06,-0.05,0.54
2023-07-13,612,4.71,4.77,4.8,4.7,117822,59411609.37,2.14,2.14,0.1,0.99
2023-07-14,612,4.77,4.75,4.81,4.73,66675,33592393.08,1.68,-0.42,-0.02,0.56
2023-07-17,612,4.73,4.73,4.74,4.66,60737,30244685.23,1.68,-0.42,-0.02,0.51
2023-07-18,612,4.73,4.74,4.76,4.69,34495,17244501.36,1.48,0.21,0.01,0.29
2023-07-19,612,4.75,4.76,4.77,4.71,37405,18735548.68,1.27,0.42,0.02,0.31
2023-07-20,612,4.76,4.73,4.78,4.72,58088,29187393.75,1.26,-0.63,-0.03,0.49
2023-07-21,612,4.71,4.74,4.77,4.71,44977,22524175.28,1.27,0.21,0.01,0.38
2023-07-24,612,4.73,4.71,4.75,4.7,34967,17454943.24,1.05,-0.63,-0.03,0.29
2023-07-25,612,4.74,4.82,4.83,4.73,126311,64046280.22,2.12,2.34,0.11,1.06
2023-07-26,612,4.81,4.84,4.84,4.81,67835,34556745.06,0.62,0.41,0.02,0.57
2023-07-27,612,4.84,4.81,4.88,4.79,57919,29569428.6,1.86,-0.62,-0.03,0.49
2023-07-28,612,4.79,4.86,4.87,4.77,69060,35290072.33,2.08,1.04,0.05,0.58
2023-07-31,612,4.86,4.96,5.03,4.86,126586,66195092.22,3.5,2.06,0.1,1.06
2023-08-01,612,4.99,5.05,5.05,4.96,164779,87133779.84,1.81,1.81,0.09,1.38
2023-08-02,612,5.03,5.03,5.06,5.0,98582,52213854.65,1.19,-0.4,-0.02,0.83
2023-08-03,612,5.01,5.02,5.05,4.98,75716,39981412.54,1.39,-0.2,-0.01,0.64
2023-08-04,612,5.05,5.02,5.09,5.0,81296,43162636.14,1.79,0.0,0.0,0.68
2023-08-07,612,5.04,5.05,5.08,4.99,95426,50666612.94,1.79,0.6,0.03,0.8
2023-08-08,612,5.03,5.03,5.05,4.97,64786,34232151.4,1.58,-0.4,-0.02,0.54
2023-08-09,612,5.03,4.98,5.03,4.97,42188,22204444.5,1.19,-0.99,-0.05,0.35
2023-08-10,612,4.97,4.96,5.02,4.94,50139,26272975.2,1.61,-0.4,-0.02,0.42
2023-08-11,612,4.97,4.88,5.0,4.87,68325,35496686.17,2.62,-1.61,-0.08,0.57
2023-08-14,612,4.88,4.88,4.89,4.79,60370,30887199.16,2.05,0.0,0.0,0.51
2023-08-15,612,4.87,4.85,4.89,4.81,54758,28028504.27,1.64,-0.61,-0.03,0.46
2023-08-16,612,4.85,4.83,4.9,4.82,56516,28976076.0,1.65,-0.41,-0.02,0.47
2023-08-17,612,4.83,4.87,4.88,4.77,52378,26750964.8,2.28,0.83,0.04,0.44
2023-08-18,612,4.9,4.82,4.92,4.82,52886,27125769.02,2.05,-1.03,-0.05,0.44
2023-08-21,612,4.83,4.79,4.89,4.78,62977,32191876.32,2.28,-0.62,-0.03,0.53
2023-08-22,612,4.78,4.79,4.84,4.72,74697,37736618.37,2.51,0.0,0.0,0.63
2023-08-23,612,4.82,4.75,4.84,4.74,93406,47314298.9,2.09,-0.84,-0.04,0.78
2023-08-24,612,4.79,4.83,4.89,4.77,94449,48198644.8,2.53,1.68,0.08,0.79
2023-08-25,612,4.83,4.73,4.83,4.71,91869,46166400.0,2.48,-2.07,-0.1,0.77
2023-08-28,612,4.92,4.87,4.96,4.86,184683,95808476.98,2.11,2.96,0.14,1.55
2023-08-29,612,4.87,4.84,4.91,4.82,128966,66034828.18,1.85,-0.62,-0.03,1.08
2023-08-30,612,4.83,4.8,4.9,4.78,88255,45013194.72,2.48,-0.83,-0.04,0.74
2023-08-31,612,4.77,4.75,4.83,4.74,74728,37662098.62,1.88,-1.04,-0.05,0.63
2023-09-01,612,4.77,4.96,4.97,4.75,204914,106017336.15,4.63,4.42,0.21,1.72
2023-09-04,612,4.98,5.06,5.09,4.93,226701,120146630.04,3.23,2.02,0.1,1.9
2023-09-05,612,5.07,5.07,5.08,4.98,144033,76410437.81,1.98,0.2,0.01,1.21
2023-09-06,612,5.07,5.05,5.07,4.99,81615,43213735.07,1.58,-0.39,-0.02,0.69
2023-09-07,612,5.04,4.94,5.04,4.93,94366,49454610.0,2.18,-2.18,-0.11,0.79
2023-09-08,612,4.93,4.91,4.96,4.9,72921,37900409.8,1.21,-0.61,-0.03,0.61
2023-09-11,612,4.91,4.99,5.0,4.89,98553,51572948.5,2.24,1.63,0.08,0.83
2023-09-12,612,5.0,4.95,5.04,4.95,70782,37108244.58,1.8,-0.8,-0.04,0.59
2023-09-13,612,4.93,4.96,5.02,4.92,73485,38440586.2,2.02,0.2,0.01,0.62
2023-09-14,612,4.95,5.01,5.03,4.95,96838,51101701.4,1.61,1.01,0.05,0.81
2023-09-15,612,5.04,5.04,5.08,5.01,85802,45600088.2,1.4,0.6,0.03,0.72
2023-09-18,612,5.08,5.02,5.08,4.96,89591,47223914.82,2.38,-0.4,-0.02,0.75
2023-09-19,612,5.03,5.03,5.07,5.0,75307,39946649.0,1.39,0.2,0.01,0.63
2023-09-20,612,5.03,5.03,5.07,5.02,71639,38080276.2,0.99,0.0,0.0,0.6
2023-09-21,612,5.0,4.97,5.03,4.95,78530,41247131.0,1.59,-1.19,-0.06,0.66
2023-09-22,612,4.96,4.98,5.0,4.93,83017,43439017.5,1.41,0.2,0.01,0.7
2023-09-25,612,4.99,4.92,5.0,4.9,67063,34966843.4,2.01,-1.2,-0.06,0.56
2023-09-26,612,4.95,4.9,4.95,4.88,64538,33469476.72,1.42,-0.41,-0.02,0.54
2023-09-27,612,4.83,4.85,4.88,4.81,65531,33534604.29,1.43,-1.02,-0.05,0.55
2023-09-28,612,4.83,4.87,4.89,4.83,60155,30886348.3,1.24,0.41,0.02,0.5
2023-10-09,612,4.88,4.87,4.91,4.84,48886,25137089.0,1.44,0.0,0.0,0.41
2023-10-10,612,4.87,4.85,4.91,4.85,49781,25611439.08,1.23,-0.41,-0.02,0.42
2023-10-11,612,4.85,4.81,4.89,4.8,70614,36051001.38,1.86,-0.82,-0.04,0.59
2023-10-12,612,4.81,4.95,4.98,4.81,89007,46047616.62,3.53,2.91,0.14,0.75
2023-10-13,612,4.94,4.93,4.95,4.89,69220,35894234.43,1.21,-0.4,-0.02,0.58
2023-10-16,612,4.93,4.89,4.96,4.86,79314,40942646.8,2.03,-0.81,-0.04,0.67
2023-10-17,612,4.9,4.84,4.91,4.83,59092,30331598.53,1.64,-1.02,-0.05,0.5
2023-10-18,612,4.85,4.77,4.87,4.77,65629,33254539.41,2.07,-1.45,-0.07,0.55
2023-10-19,612,4.77,4.79,4.86,4.75,66717,33879894.25,2.31,0.42,0.02,0.56
2023-10-20,612,4.77,4.79,4.83,4.74,65200,32968332.58,1.88,0.0,0.0,0.55
2023-10-23,612,4.73,4.58,4.73,4.57,101757,50005413.56,3.34,-4.38,-0.21,0.85
2023-10-24,612,4.58,4.81,4.82,4.58,124887,62513959.0,5.24,5.02,0.23,1.05
2023-10-25,612,4.81,5.01,5.02,4.79,163739,85846747.58,4.78,4.16,0.2,1.37
2023-10-26,612,4.98,5.11,5.14,4.95,191351,101755174.45,3.79,2.0,0.1,1.61
2023-10-27,612,5.28,5.31,5.59,5.26,488054,276706751.11,6.46,3.91,0.2,4.1
2023-10-30,612,5.31,5.43,5.51,5.31,276887,158010159.45,3.77,2.26,0.12,2.32
2023-10-31,612,5.37,5.46,5.49,5.37,161586,92266774.27,2.21,0.55,0.03,1.36
2023-11-01,612,5.44,5.48,5.49,5.4,153940,88056305.17,1.65,0.37,0.02,1.29
2023-11-02,612,5.47,5.42,5.51,5.42,156762,89884354.62,1.64,-1.09,-0.06,1.32
2023-11-03,612,5.44,5.31,5.44,5.31,186408,104698516.49,2.4,-2.03,-0.11,1.56
2023-11-06,612,5.36,5.35,5.39,5.22,197742,110014251.26,3.2,0.75,0.04,1.66
2023-11-07,612,5.35,5.37,5.42,5.26,184651,103974450.62,2.99,0.37,0.02,1.55
2023-11-08,612,5.36,5.4,5.41,5.32,138454,78264243.4,1.68,0.56,0.03,1.16
2023-11-09,612,5.38,5.37,5.43,5.29,143134,80706912.12,2.59,-0.56,-0.03,1.2
2023-11-10,612,5.31,5.39,5.42,5.3,108205,61171304.64,2.23,0.37,0.02,0.91
2023-11-13,612,5.41,5.5,5.5,5.39,161486,92454469.05,2.04,2.04,0.11,1.36
2023-11-14,612,5.45,5.49,5.52,5.41,120847,69112673.1,2.0,-0.18,-0.01,1.01
2023-11-15,612,5.5,5.52,5.56,5.49,125947,72999086.4,1.28,0.55,0.03,1.06
2023-11-16,612,5.52,5.51,5.56,5.49,98126,56924980.73,1.27,-0.18,-0.01,0.82
2023-11-17,612,5.5,5.52,5.54,5.44,80896,46749137.88,1.81,0.18,0.01,0.68
2023-11-20,612,5.57,5.51,5.57,5.49,103041,59733334.11,1.45,-0.18,-0.01,0.86
2023-11-21,612,5.54,5.48,5.57,5.48,76614,44382345.36,1.63,-0.54,-0.03,0.64
2023-11-22,612,5.48,5.44,5.52,5.44,78304,44976462.64,1.46,-0.73,-0.04,0.66
2023-11-23,612,5.41,5.51,5.51,5.39,85564,49127581.2,2.21,1.29,0.07,0.72
2023-11-24,612,5.52,5.46,5.53,5.43,68517,39357321.62,1.81,-0.91,-0.05,0.58
2023-11-27,612,5.44,5.47,5.52,5.41,106962,61449485.76,2.01,0.18,0.01,0.9
2023-11-28,612,5.48,5.52,5.52,5.42,107845,61989444.51,1.83,0.91,0.05,0.91
2023-11-29,612,5.51,5.48,5.54,5.44,72187,41715358.0,1.81,-0.72,-0.04,0.61
2023-11-30,612,5.48,5.43,5.5,5.38,84536,48239172.6,2.19,-0.91,-0.05,0.71
2023-12-01,612,5.47,5.48,5.49,5.39,99858,57193877.46,1.84,0.92,0.05,0.84
2023-12-04,612,5.48,5.47,5.54,5.42,82594,47470764.0,2.19,-0.18,-0.01,0.69
2023-12-05,612,5.43,5.39,5.47,5.38,81360,46346412.56,1.65,-1.46,-0.08,0.68
2023-12-06,612,5.34,5.43,5.48,5.34,71228,40720355.98,2.6,0.74,0.04,0.6
2023-12-07,612,5.46,5.43,5.46,5.35,87973,50009988.0,2.03,0.0,0.0,0.74
2023-12-08,612,5.43,5.31,5.44,5.31,136648,76910342.15,2.39,-2.21,-0.12,1.15
2023-12-11,612,5.33,5.38,5.39,5.23,114960,64347847.2,3.01,1.32,0.07,0.96
2023-12-12,612,5.4,5.35,5.4,5.26,92367,51685992.0,2.6,-0.56,-0.03,0.78
2023-12-13,612,5.38,5.33,5.39,5.3,58478,32882309.28,1.68,-0.37,-0.02,0.49
2023-12-14,612,5.35,5.37,5.42,5.33,62347,35189959.27,1.69,0.75,0.04,0.52
2023-12-15,612,5.36,5.32,5.42,5.31,60129,33777026.4,2.05,-0.93,-0.05,0.5
2023-12-18,612,5.39,5.29,5.39,5.27,74862,41738572.95,2.26,-0.56,-0.03,0.63
2023-12-19,612,5.28,5.27,5.32,5.23,59605,32934963.52,1.7,-0.38,-0.02,0.5
2023-12-20,612,5.29,5.27,5.34,5.25,55751,31031495.31,1.71,0.0,0.0,0.47
2023-12-21,612,5.24,5.28,5.29,5.16,66784,36735336.4,2.47,0.19,0.01,0.56
2023-12-22,612,5.28,5.29,5.35,5.21,67043,37207737.0,2.65,0.19,0.01,0.56
2023-12-25,612,5.28,5.24,5.28,5.14,94174,51446432.53,2.65,-0.95,-0.05,0.79
2023-12-26,612,5.27,5.17,5.29,5.17,56454,30989817.0,2.29,-1.34,-0.07,0.47
2023-12-27,612,5.18,5.3,5.32,5.17,71105,39327812.14,2.9,2.51,0.13,0.6
2023-12-28,612,5.33,5.41,5.43,5.27,81383,45984403.63,3.02,2.08,0.11,0.68
2023-12-29,612,5.41,5.48,5.5,5.38,77941,44510149.0,2.22,1.29,0.07,0.65
2024-01-02,612,5.48,5.53,5.56,5.44,125464,72413806.79,2.19,0.91,0.05,1.05
2024-01-03,612,5.51,5.51,5.54,5.46,112509,64953324.97,1.45,-0.36,-0.02,0.94
2024-01-04,612,5.5,5.51,5.53,5.47,88102,50869938.66,1.09,0.0,0.0,0.74
2024-01-05,612,5.51,5.45,5.55,5.42,76726,44192804.14,2.36,-1.09,-0.06,0.64
2024-01-08,612,5.42,5.36,5.46,5.34,68702,38963217.0,2.2,-1.65,-0.09,0.58
2024-01-09,612,5.36,5.38,5.42,5.3,76595,43111133.64,2.24,0.37,0.02,0.64
2024-01-10,612,5.39,5.32,5.39,5.25,79625,44547951.8,2.6,-1.12,-0.06,0.67
2024-01-11,612,5.31,5.33,5.38,5.27,73589,41257835.2,2.07,0.19,0.01,0.62
2024-01-12,612,5.38,5.39,5.47,5.35,66365,37699290.0,2.25,1.13,0.06,0.56
2024-01-15,612,5.42,5.36,5.42,5.32,56481,31829730.18,1.86,-0.56,-0.03,0.47
2024-01-16,612,5.38,5.31,5.38,5.23,75256,41876418.6,2.8,-0.93,-0.05,0.63
2024-01-17,612,5.32,5.16,5.35,5.15,66953,37028887.47,3.77,-2.82,-0.15,0.56
2024-01-18,612,5.13,4.94,5.15,4.78,152303,79058519.0,7.17,-4.26,-0.22,1.28
2024-01-19,612,4.98,4.92,5.03,4.91,126577,66319626.18,2.43,-0.4,-0.02,1.06
2024-01-22,612,4.9,4.62,4.94,4.57,141670,71392888.72,7.52,-6.1,-0.3,1.19
2024-01-23,612,4.57,4.62,4.65,4.43,151376,72821049.17,4.76,0.0,0.0,1.27
2024-01-24,612,4.62,4.71,4.73,4.49,142106,69806344.3,5.19,1.95,0.09,1.19
2024-01-25,612,4.77,4.95,4.96,4.71,104448,53510876.2,5.31,5.1,0.24,0.88
2024-01-26,612,5.0,5.01,5.11,4.95,159526,84455186.2,3.23,1.21,0.06,1.34
2024-01-29,612,5.01,4.88,5.04,4.86,100576,52290622.73,3.59,-2.59,-0.13,0.84
2024-01-30,612,4.96,4.8,4.99,4.79,153631,79313117.61,4.1,-1.64,-0.08,1.29
2024-01-31,612,4.78,4.65,4.86,4.61,154910,77359700.05,5.21,-3.13,-0.15,1.3
2024-02-01,612,4.68,4.6,4.71,4.46,169086,82085494.69,5.38,-1.08,-0.05,1.42
2024-02-02,612,4.54,4.29,4.64,4.16,202078,94340511.91,10.43,-6.74,-0.31,1.7
2024-02-05,612,4.24,3.84,4.28,3.83,309670,130706329.6,10.49,-10.49,-0.45,2.6
2024-02-06,612,3.67,3.99,4.09,3.64,293939,120914595.47,11.72,3.91,0.15,2.47
2024-02-07,612,4.06,4.01,4.16,3.9,334043,143291936.94,6.52,0.5,0.02,2.8
2024-02-08,612,4.07,4.3,4.33,3.89,441029,192036776.4,10.97,7.23,0.29,3.7
2024-02-19,612,4.28,4.43,4.48,4.26,335445,156691644.94,5.12,3.02,0.13,2.82
2024-02-20,612,4.4,4.41,4.43,4.32,157959,73675881.96,2.48,-0.45,-0.02,1.33
2024-02-21,612,4.38,4.45,4.57,4.35,159222,75695858.98,4.99,0.91,0.04,1.34
2024-02-22,612,4.45,4.49,4.55,4.42,116324,55316342.59,2.92,0.9,0.04,0.98
2024-02-23,612,4.53,4.55,4.56,4.46,117492,56153051.7,2.23,1.34,0.06,0.99
2024-02-26,612,4.56,4.56,4.64,4.52,121406,58900285.0,2.64,0.22,0.01,1.02
2024-02-27,612,4.53,4.63,4.63,4.51,119083,57917417.7,2.63,1.54,0.07,1.0
2024-02-28,612,4.62,4.38,4.73,4.36,242389,117127967.04,7.99,-5.4,-0.25,2.03
2024-02-29,612,4.38,4.53,4.54,4.31,161608,76085314.2,5.25,3.42,0.15,1.36
2024-03-01,612,4.53,4.53,4.58,4.47,149213,71594974.6,2.43,0.0,0.0,1.25
2024-03-04,612,4.52,4.5,4.55,4.44,130053,61896046.58,2.43,-0.66,-0.03,1.09
2024-03-05,612,4.49,4.42,4.52,4.4,110786,52172505.02,2.67,-1.78,-0.08,0.93
2024-03-06,612,4.38,4.51,4.53,4.38,125140,59371204.08,3.39,2.04,0.09,1.05
2024-03-07,612,4.52,4.64,4.78,4.51,232470,115067690.9,5.99,2.88,0.13,1.95
2024-03-08,612,4.67,4.68,4.73,4.58,149204,73525085.3,3.23,0.86,0.04,1.25
2024-03-11,612,4.68,4.74,4.76,4.66,152081,75805732.85,2.14,1.28,0.06,1.28
2024-03-12,612,4.74,4.73,4.76,4.66,132894,66079387.0,2.11,-0.21,-0.01,1.12
2024-03-13,612,4.72,4.75,4.78,4.67,146577,73279051.31,2.33,0.42,0.02,1.23
2024-03-14,612,4.8,4.78,4.91,4.74,158380,80831752.3,3.58,0.63,0.03,1.33
2024-03-15,612,4.74,5.04,5.05,4.71,237906,123366677.92,7.11,5.44,0.26,2.0
2024-03-18,612,5.15,5.21,5.26,5.05,294041,159221856.4,4.17,3.37,0.17,2.47
2024-03-19,612,5.18,5.24,5.35,5.16,233383,129364071.91,3.65,0.58,0.03,1.96
2024-03-20,612,5.19,5.23,5.26,5.15,134266,73673644.0,2.1,-0.19,-0.01,1.13
2024-03-21,612,5.28,5.28,5.39,5.19,134365,74401665.92,3.82,0.96,0.05,1.13
2024-03-22,612,5.26,5.21,5.29,5.12,156545,85674672.36,3.22,-1.33,-0.07,1.31
2024-03-25,612,5.18,5.21,5.35,5.15,177974,98502683.07,3.84,0.0,0.0,1.49
2024-03-26,612,5.21,5.16,5.25,5.05,160777,87011331.84,3.84,-0.96,-0.05,1.35
2024-03-27,612,5.17,5.07,5.25,5.07,151160,81758683.3,3.49,-1.74,-0.09,1.27
2024-03-28,612,5.09,5.25,5.32,5.09,223426,122961788.83,4.54,3.55,0.18,1.88
2024-03-29,612,5.31,5.58,5.58,5.29,313006,178256426.0,5.52,6.29,0.33,2.63
2024-04-01,612,5.75,5.88,6.01,5.75,653419,402115204.62,4.66,5.38,0.3,5.48
2024-04-02,612,5.86,6.34,6.37,5.84,768140,493286326.78,9.01,7.82,0.46,6.45
2024-04-03,612,6.53,6.85,6.95,6.28,1075846,735578702.49,10.57,8.04,0.51,9.03
2024-04-08,612,7.42,6.69,7.42,6.57,1400073,1022754504.59,12.41,-2.34,-0.16,11.75
2024-04-09,612,6.83,7.38,7.39,6.83,1816728,1369389302.01,8.37,10.31,0.69,15.25
2024-04-10,612,7.24,6.91,7.24,6.79,1413675,1027055318.35,6.1,-6.37,-0.47,11.87
2024-04-11,612,6.73,7.11,7.48,6.66,1221091,898375646.88,11.87,2.89,0.2,10.25
2024-04-12,612,7.16,7.73,7.85,7.0,1725886,1353896492.77,11.95,8.72,0.62,14.49
2024-04-15,612,7.63,7.43,7.86,7.24,1363077,1054439722.14,8.02,-3.88,-0.3,11.44
2024-04-16,612,7.36,7.52,7.83,7.04,1380717,1065340878.44,10.63,1.21,0.09,11.59
2024-04-17,612,7.28,8.3,8.3,7.15,1678943,1371487485.09,15.29,10.37,0.78,14.09
2024-04-18,612,8.18,7.93,8.48,7.88,1709966,1436628580.53,7.23,-4.46,-0.37,14.35
2024-04-19,612,8.03,7.11,8.12,7.11,1780655,1388950220.67,12.74,-10.34,-0.82,14.95
2024-04-22,612,7.27,7.24,7.59,7.19,1230938,941573607.37,5.63,1.83,0.13,10.33
2024-04-23,612,7.08,6.93,7.32,6.86,992524,725726739.17,6.35,-4.28,-0.31,8.33
2024-04-24,612,6.84,7.21,7.4,6.84,755563,557904264.06,8.08,4.04,0.28,6.34
2024-04-25,612,7.11,7.63,7.93,7.11,1316673,1033705314.32,11.37,5.83,0.42,11.05
2024-04-26,612,7.46,7.68,7.83,7.41,1067719,840016523.42,5.5,0.66,0.05,8.96
2024-04-29,612,7.51,7.51,7.61,7.31,779241,602721815.56,3.91,-2.21,-0.17,6.54
2024-04-30,612,7.51,7.22,7.62,7.1,1037061,789727670.55,6.92,-3.86,-0.29,8.7
2024-05-06,612,7.09,7.48,7.53,6.97,1006198,755315159.89,7.76,3.6,0.26,8.45
2024-05-07,612,7.47,7.57,7.65,7.42,812209,633524545.22,3.07,1.2,0.09,6.82
2024-05-08,612,7.46,7.93,8.25,7.27,1506810,1227205523.49,12.95,4.76,0.36,12.65
2024-05-09,612,7.74,7.88,8.1,7.74,809577,662575070.98,4.54,-0.63,-0.05,6.8
2024-05-10,612,7.93,7.68,8.06,7.35,901744,714819545.76,9.01,-2.54,-0.2,7.57
2024-05-13,612,7.53,7.41,7.59,7.31,525103,404718619.06,3.65,-3.52,-0.27,4.41
2024-05-14,612,7.51,7.51,7.62,7.32,563367,435834644.02,4.05,1.35,0.1,4.73
2024-05-15,612,7.35,7.28,7.57,7.26,533152,406773450.88,4.13,-3.06,-0.23,4.47
2024-05-16,612,7.38,7.64,7.8,7.35,929355,733662601.1,6.18,4.95,0.36,7.8
2024-05-17,612,7.57,7.61,7.62,7.37,553465,429655233.2,3.27,-0.39,-0.03,4.65
2024-05-20,612,7.92,8.08,8.19,7.71,1185191,973087741.83,6.31,6.18,0.47,9.95
2024-05-21,612,8.61,7.81,8.82,7.73,1258328,1062717528.47,13.49,-3.34,-0.27,10.56
2024-05-22,612,8.03,7.85,8.17,7.78,886467,731267335.13,4.99,0.51,0.04,7.44
2024-05-23,612,7.45,7.34,7.6,7.22,779219,599442152.93,4.84,-6.5,-0.51,6.54
2024-05-24,612,7.31,7.3,7.49,7.25,405781,309762109.08,3.27,-0.54,-0.04,3.41
2024-05-27,612,7.31,7.63,7.73,7.3,616393,482026138.71,5.89,4.52,0.33,5.17
2024-05-28,612,7.67,7.5,7.77,7.47,526834,416214812.03,3.93,-1.7,-0.13,4.42
2024-05-29,612,7.49,8.04,8.21,7.39,1066704,873944310.47,10.93,7.2,0.54,8.95
2024-05-30,612,8.24,7.67,8.33,7.62,903527,745793218.8,8.83,-4.6,-0.37,7.58
2024-05-31,612,7.77,7.71,7.86,7.63,453338,362214248.56,3.0,0.52,0.04,3.81
2024-06-03,612,7.63,7.33,7.67,7.26,491426,378493080.0,5.32,-4.93,-0.38,4.12
2024-06-04,612,7.41,7.51,7.64,7.28,429206,332219184.83,4.91,2.46,0.18,3.6
2024-06-05,612,7.43,7.06,7.47,7.06,507647,379414349.2,5.46,-5.99,-0.45,4.26
2024-06-06,612,7.17,7.13,7.23,7.02,315613,233317618.34,2.97,0.99,0.07,2.65
2024-06-07,612,7.17,7.07,7.22,6.94,350493,257439184.92,3.93,-0.84,-0.06,2.94
2024-06-11,612,6.88,6.85,6.93,6.71,346765,245206775.44,3.11,-3.11,-0.22,2.91
2024-06-12,612,6.81,6.97,7.02,6.81,243020,175083932.67,3.07,1.75,0.12,2.04
2024-06-13,612,6.95,6.69,6.95,6.62,317197,222813703.27,4.73,-4.02,-0.28,2.66
2024-06-14,612,6.63,6.62,6.72,6.58,248657,171956769.2,2.09,-1.05,-0.07,2.09
2024-06-17,612,6.48,6.45,6.71,6.43,322896,219520428.87,4.23,-2.57,-0.17,2.71
2024-06-18,612,6.48,6.53,6.6,6.41,259527,175725584.0,2.95,1.24,0.08,2.18
2024-06-19,612,6.58,6.6,6.73,6.54,277496,187902826.4,2.91,1.07,0.07,2.33
2024-06-20,612,6.63,6.5,6.7,6.47,229867,153624374.18,3.48,-1.52,-0.1,1.93
2024-06-21,612,6.53,6.48,6.61,6.48,159355,106247587.18,2.0,-0.31,-0.02,1.34
2024-06-24,612,6.38,6.26,6.42,6.16,299359,191744645.3,4.01,-3.4,-0.22,2.51
2024-06-25,612,6.24,6.36,6.39,6.21,234450,151059988.3,2.88,1.6,0.1,1.97
2024-06-26,612,6.31,6.5,6.51,6.21,201361,130904651.64,4.72,2.2,0.14,1.69
2024-06-27,612,6.44,6.25,6.47,6.22,170123,109796864.8,3.85,-3.85,-0.25,1.43
2024-06-28,612,6.25,6.37,6.48,6.21,198971,129318046.4,4.32,1.92,0.12,1.67
2024-07-01,612,6.53,6.59,6.63,6.37,263147,174412129.86,4.08,3.45,0.22,2.21
2024-07-02,612,6.53,6.43,6.55,6.39,248348,163512910.68,2.43,-2.43,-0.16,2.08
2024-07-03,612,6.41,6.35,6.47,6.31,149970,97533833.6,2.49,-1.24,-0.08,1.26
2024-07-04,612,6.4,6.2,6.45,6.16,210372,135228849.6,4.57,-2.36,-0.15,1.77
2024-07-05,612,6.18,6.37,6.39,6.1,214143,137074564.89,4.68,2.74,0.17,1.8
2024-07-08,612,6.35,6.27,6.38,6.22,187132,120294739.09,2.51,-1.57,-0.1,1.57
2024-07-09,612,6.23,6.54,6.55,6.22,332456,217410541.04,5.26,4.31,0.27,2.79
2024-07-10,612,6.5,6.27,6.56,6.24,375139,245060521.52,4.89,-4.13,-0.27,3.15
2024-07-11,612,6.35,6.6,6.65,6.24,420627,278195049.76,6.54,5.26,0.33,3.53
2024-07-12,612,6.59,6.52,6.74,6.42,398467,267121539.58,4.85,-1.21,-0.08,3.34
2024-07-15,612,6.57,6.4,6.57,6.36,359098,236949585.68,3.22,-1.84,-0.12,3.01
2024-07-16,612,6.38,6.32,6.38,6.23,276878,177912410.26,2.34,-1.25,-0.08,2.32
2024-07-17,612,6.22,5.98,6.35,5.97,385872,239766271.89,6.01,-5.38,-0.34,3.24
2024-07-18,612,5.9,5.95,5.99,5.77,303171,182347427.8,3.68,-0.5,-0.03,2.54
2024-07-19,612,5.92,5.83,5.92,5.78,193167,115409832.79,2.35,-2.02,-0.12,1.62
2024-07-22,612,5.77,5.76,5.83,5.69,191596,112506252.9,2.4,-1.2,-0.07,1.61
2024-07-23,612,5.76,5.49,5.79,5.48,314699,180041398.81,5.38,-4.69,-0.27,2.64
2024-07-24,612,5.49,5.37,5.51,5.31,281326,155197829.51,3.64,-2.19,-0.12,2.36
2024-07-25,612,5.35,5.29,5.37,5.24,178726,97040348.02,2.42,-1.49,-0.08,1.5
2024-07-26,612,5.3,5.39,5.51,5.3,217961,120728167.66,3.97,1.89,0.1,1.83
2024-07-29,612,5.39,5.36,5.44,5.31,153661,84210859.0,2.41,-0.56,-0.03,1.29
2024-07-30,612,5.32,5.3,5.34,5.23,159361,86287092.9,2.05,-1.12,-0.06,1.34
2024-07-31,612,5.32,5.57,5.57,5.29,229186,128093585.9,5.28,5.09,0.27,1.92
2024-08-01,612,5.63,5.59,5.72,5.55,254180,146311519.64,3.05,0.36,0.02,2.13
2024-08-02,612,5.53,5.42,5.55,5.41,199353,111660563.8,2.5,-3.04,-0.17,1.67
2024-08-05,612,5.34,5.24,5.46,5.22,191925,104923291.78,4.43,-3.32,-0.18,1.61
2024-08-06,612,5.27,5.29,5.35,5.24,143868,77897802.31,2.1,0.95,0.05,1.21
2024-08-07,612,5.3,5.31,5.37,5.25,155966,84927347.28,2.27,0.38,0.02,1.31
2024-08-08,612,5.28,5.26,5.3,5.18,130354,70137664.61,2.26,-0.94,-0.05,1.09
2024-08-09,612,5.35,5.3,5.43,5.3,201709,110560147.34,2.47,0.76,0.04,1.69
2024-08-12,612,5.3,5.25,5.33,5.22,126246,68214649.6,2.08,-0.94,-0.05,1.06
2024-08-13,612,5.28,5.28,5.33,5.19,145492,78140510.17,2.67,0.57,0.03,1.22
2024-08-14,612,5.26,5.18,5.3,5.17,136035,72839169.41,2.46,-1.89,-0.1,1.14
2024-08-15,612,5.17,5.25,5.27,5.11,148123,79172487.15,3.09,1.35,0.07,1.24
2024-08-16,612,5.31,5.18,5.33,5.17,166428,89335406.05,3.05,-1.33,-0.07,1.4
2024-08-19,612,5.21,5.33,5.44,5.19,324462,177765861.32,4.83,2.9,0.15,2.72
2024-08-20,612,5.35,5.12,5.35,5.09,281522,149758544.79,4.88,-3.94,-0.21,2.36
2024-08-21,612,5.1,5.18,5.21,5.1,170491,90353405.38,2.15,1.17,0.06,1.43
2024-08-22,612,5.19,5.09,5.19,5.08,146531,76798467.74,2.12,-1.74,-0.09,1.23
2024-08-23,612,5.06,5.09,5.12,5.02,122728,63864804.0,1.96,0.0,0.0,1.03
2024-08-26,612,5.13,5.24,5.26,5.11,176503,94092592.45,2.95,2.95,0.15,1.48
2024-08-27,612,5.18,5.12,5.21,5.09,171283,90109388.46,2.29,-2.29,-0.12,1.44
2024-08-28,612,5.08,5.1,5.23,5.06,212813,111870509.78,3.32,-0.39,-0.02,1.79
2024-08-29,612,5.05,5.18,5.19,4.97,172961,90758834.7,4.31,1.57,0.08,1.45
2024-08-30,612,5.18,5.31,5.41,5.16,291490,158113426.24,4.83,2.51,0.13,2.45
2024-09-02,612,5.29,5.11,5.29,5.11,265949,140902318.81,3.39,-3.77,-0.2,2.23
2024-09-03,612,5.11,5.17,5.26,5.08,187466,99584072.0,3.52,1.17,0.06,1.57
2024-09-04,612,5.12,5.1,5.19,5.08,188233,98848755.58,2.13,-1.35,-0.07,1.58
2024-09-05,612,5.11,5.04,5.18,5.0,228371,118552342.0,3.53,-1.18,-0.06,1.92
2024-09-06,612,5.04,4.98,5.06,4.98,131939,67750208.0,1.59,-1.19,-0.06,1.11
2024-09-09,612,4.93,4.93,4.99,4.87,229089,115593777.1,2.41,-1.0,-0.05,1.92
2024-09-10,612,4.95,4.96,4.98,4.87,159027,80344741.21,2.23,0.61,0.03,1.33
2024-09-11,612,4.94,4.91,4.97,4.88,118586,59943643.44,1.81,-1.01,-0.05,1.0
2024-09-12,612,4.97,4.99,5.04,4.97,218647,112217453.41,1.43,1.63,0.08,1.84
2024-09-13,612,5.02,5.11,5.22,4.97,394077,206982512.8,5.01,2.4,0.12,3.31
2024-09-18,612,5.12,5.03,5.13,4.89,316876,162225131.4,4.7,-1.57,-0.08,2.66
2024-09-19,612,5.03,5.36,5.39,4.98,498863,267804190.68,8.15,6.56,0.33,4.19
2024-09-20,612,5.31,5.36,5.4,5.25,348596,190147716.96,2.8,0.0,0.0,2.93
2024-09-23,612,5.29,5.23,5.32,5.2,321567,172895345.12,2.24,-2.43,-0.13,2.7
2024-09-24,612,5.27,5.47,5.48,5.25,470773,259840060.23,4.4,4.59,0.24,3.95
2024-09-25,612,5.65,5.74,6.03,5.6,1054908,629567791.9,7.86,4.94,0.27,8.85
2024-09-26,612,5.74,6.12,6.2,5.69,1012146,615635368.4,8.89,6.62,0.38,8.5
2024-09-27,612,6.29,6.31,6.39,6.08,983772,624830982.16,5.07,3.1,0.19,8.26
2024-09-30,612,6.57,6.9,6.94,6.44,983648,670717609.98,7.92,9.35,0.59,8.26
2024-10-08,612,7.57,7.09,7.58,6.62,1255194,911633554.13,13.91,2.75,0.19,10.54
2024-10-09,612,6.76,6.37,6.76,6.37,836534,555384768.13,5.5,-10.16,-0.72,7.02
2024-10-10,612,6.32,6.26,6.5,5.97,896915,572303019.61,8.32,-1.73,-0.11,7.53
2024-10-11,612,6.21,6.15,6.33,6.05,520909,329458501.18,4.47,-1.76,-0.11,4.37
2024-10-14,612,6.23,6.51,6.6,6.22,734710,483567098.28,6.18,5.85,0.36,6.17
2024-10-15,612,6.46,6.41,6.79,6.33,633981,422158279.27,7.07,-1.54,-0.1,5.32
2024-10-16,612,6.33,6.54,6.57,6.3,399643,263813287.16,4.21,2.03,0.13,3.35
2024-10-17,612,6.68,6.99,7.09,6.68,1143914,810645814.15,6.27,6.88,0.45,9.6
2024-10-18,612,6.89,6.86,7.02,6.83,789440,558083505.81,2.72,-1.86,-0.13,6.63
2024-10-21,612,6.85,7.01,7.05,6.85,544755,385994956.63,2.92,2.19,0.15,4.57
2024-10-22,612,7.01,7.13,7.33,6.94,611565,444723212.78,5.56,1.71,0.12,5.13
2024-10-23,612,7.15,6.99,7.16,6.94,403596,287689012.4,3.09,-1.96,-0.14,3.39
2024-10-24,612,6.92,7.09,7.16,6.9,385755,276367717.53,3.72,1.43,0.1,3.24
2024-10-25,612,7.12,6.99,7.19,6.95,361767,258655726.22,3.39,-1.41,-0.1,3.04
2024-10-28,612,7.08,7.6,7.7,7.03,1267830,967315919.82,9.59,8.73,0.61,10.64
2024-10-29,612,7.67,7.39,7.81,7.27,726865,551561198.74,7.11,-2.76,-0.21,6.1
2024-10-30,612,7.22,6.97,7.24,6.91,671340,479821398.38,4.47,-5.68,-0.42,5.63
2024-10-31,612,6.96,7.32,7.42,6.9,699759,512479498.41,7.46,5.02,0.35,5.87
2024-11-01,612,7.27,7.67,8.03,7.27,1215799,954336130.41,10.38,4.78,0.35,10.2
2024-11-04,612,7.67,7.51,7.68,7.4,700737,534981248.23,3.65,-2.09,-0.16,5.88
2024-11-05,612,7.56,7.96,8.02,7.56,843558,674258861.29,6.13,5.99,0.45,7.08
2024-11-06,612,7.96,7.7,8.05,7.64,960925,763481960.4,5.15,-3.27,-0.26,8.07
2024-11-07,612,7.5,7.83,8.19,7.47,808146,645460624.26,9.35,1.69,0.13,6.78
2024-11-08,612,7.97,7.62,8.02,7.52,698653,550810154.56,6.39,-2.68,-0.21,5.86
2024-11-11,612,7.52,7.59,7.66,7.42,428274,329468345.01,3.15,-0.39,-0.03,3.59
2024-11-12,612,7.6,7.28,7.63,7.22,664155,499851111.6,5.4,-4.08,-0.31,5.57
2024-11-13,612,7.25,7.18,7.33,7.06,423179,309205949.69,3.71,-1.37,-0.1,3.55
2024-11-14,612,7.17,6.95,7.23,6.95,361166,259914182.54,3.9,-3.2,-0.23,3.03
2024-11-15,612,6.95,6.82,7.07,6.79,334881,236426205.41,4.03,-1.87,-0.13,2.81
2024-11-18,612,6.76,6.58,6.82,6.51,457590,309139851.4,4.55,-3.52,-0.24,3.84
2024-11-19,612,6.62,6.66,6.68,6.49,329292,221076822.64,2.89,1.22,0.08,2.76
2024-11-20,612,6.65,6.78,6.82,6.64,351561,241356652.2,2.7,1.8,0.12,2.95
2024-11-21,612,6.75,6.76,6.82,6.68,231699,159477132.96,2.06,-0.29,-0.02,1.94
2024-11-22,612,6.76,6.44,6.77,6.44,333523,224273843.18,4.88,-4.73,-0.32,2.8
2024-11-25,612,6.43,6.47,6.53,6.35,252433,165984392.04,2.8,0.47,0.03,2.12
2024-11-26,612,6.45,6.4,6.5,6.39,183385,120384451.12,1.7,-1.08,-0.07,1.54
2024-11-27,612,6.4,6.46,6.46,6.22,257436,166079504.6,3.75,0.94,0.06,2.16
2024-11-28,612,6.43,6.48,6.58,6.39,257375,170249180.26,2.94,0.31,0.02,2.16
2024-11-29,612,6.46,6.66,6.7,6.43,337307,227151162.04,4.17,2.78,0.18,2.83
2024-12-02,612,6.69,6.73,6.74,6.57,335127,227975016.31,2.55,1.05,0.07,2.81
2024-12-03,612,6.68,6.68,6.73,6.59,237327,161284841.4,2.08,-0.74,-0.05,1.99
2024-12-04,612,6.73,6.6,6.77,6.56,270048,183324688.54,3.14,-1.2,-0.08,2.27
2024-12-05,612,6.58,6.66,6.68,6.54,200918,135676816.54,2.12,0.91,0.06,1.69
2024-12-06,612,6.65,6.7,6.72,6.6,211573,143995819.97,1.8,0.6,0.04,1.78
2024-12-09,612,6.7,6.67,6.8,6.61,236651,161861552.28,2.84,-0.45,-0.03,1.99
2024-12-10,612,6.82,6.67,6.85,6.66,392725,269550598.78,2.85,0.0,0.0,3.3
2024-12-11,612,6.67,7.03,7.07,6.62,726372,508881789.73,6.75,5.4,0.36,6.1
2024-12-12,612,6.97,7.02,7.05,6.92,352854,250822627.28,1.85,-0.14,-0.01,2.96
2024-12-13,612,6.96,6.77,7.0,6.75,353221,245860188.24,3.56,-3.56,-0.25,2.96
2024-12-16,612,6.78,6.61,6.8,6.58,251279,170521119.82,3.25,-2.36,-0.16,2.11
2024-12-17,612,6.6,6.46,6.64,6.44,236063,156536247.97,3.03,-2.27,-0.15,1.98
2024-12-18,612,6.47,6.4,6.51,6.37,217031,142922772.72,2.17,-0.93,-0.06,1.82
2024-12-19,612,6.31,6.44,6.45,6.27,156713,101613694.26,2.81,0.63,0.04,1.32
2024-12-20,612,6.46,6.48,6.5,6.43,154660,102097934.4,1.09,0.62,0.04,1.3
2024-12-23,612,6.51,6.34,6.56,6.29,173628,113722480.04,4.17,-2.16,-0.14,1.46
2024-12-24,612,6.33,6.42,6.42,6.32,124222,80852312.56,1.58,1.26,0.08,1.04
2024-12-25,612,6.43,6.44,6.49,6.32,189712,124067069.42,2.65,0.31,0.02,1.59
2024-12-26,612,6.38,6.39,6.45,6.36,129028,84277536.2,1.4,-0.78,-0.05,1.08
2024-12-27,612,6.38,6.39,6.45,6.37,140624,91957404.18,1.25,0.0,0.0,1.18
2024-12-30,612,6.39,6.4,6.41,6.32,151012,98055386.25,1.41,0.16,0.01,1.27
2024-12-31,612,6.45,6.29,6.45,6.27,183880,118624527.1,2.81,-1.72,-0.11,1.54
2025-01-02,612,6.27,6.3,6.41,6.25,214566,138318401.83,2.54,0.16,0.01,1.8
2025-01-03,612,6.28,6.41,6.61,6.26,428023,281540662.24,5.56,1.75,0.11,3.59
2025-01-06,612,6.3,6.84,6.95,6.18,756213,515652013.46,12.01,6.71,0.43,6.35
2025-01-07,612,6.72,6.84,6.85,6.64,548592,377251874.19,3.07,0.0,0.0,4.6
2025-01-08,612,6.77,6.71,6.84,6.5,384625,261788892.81,4.97,-1.9,-0.13,3.23
2025-01-09,612,6.64,6.66,6.76,6.6,248251,168838926.3,2.38,-0.75,-0.05,2.08
2025-01-10,612,6.59,6.67,6.81,6.54,342364,233012862.28,4.05,0.15,0.01,2.87
2025-01-13,612,6.59,7.0,7.22,6.53,900886,638788744.33,10.34,4.95,0.33,7.56
2025-01-14,612,6.89,7.11,7.12,6.89,707300,507941968.93,3.29,1.57,0.11,5.94
2025-01-15,612,7.07,7.02,7.31,7.0,469480,339928787.45,4.36,-1.27,-0.09,3.94
2025-01-16,612,7.04,7.19,7.22,7.03,595045,432454395.12,2.71,2.42,0.17,4.99
2025-01-17,612,7.13,7.12,7.23,7.08,351905,255531000.15,2.09,-0.97,-0.07,2.95
2025-01-20,612,7.12,7.02,7.13,6.99,284756,204082855.22,1.97,-1.4,-0.1,2.39
2025-01-21,612,7.07,6.99,7.07,6.93,221587,157484585.4,1.99,-0.43,-0.03,1.86
2025-01-22,612,6.97,6.87,6.98,6.85,280822,197239682.7,1.86,-1.72,-0.12,2.36
2025-01-23,612,6.93,7.01,7.06,6.84,475210,337130018.22,3.2,2.04,0.14,3.99
2025-01-24,612,6.97,7.18,7.22,6.88,532356,384449000.21,4.85,2.43,0.17,4.47
2025-01-27,612,7.16,7.03,7.22,7.02,239597,172969237.72,2.79,-2.09,-0.15,2.01
2025-02-05,612,7.07,7.05,7.1,6.95,264625,189416117.0,2.13,0.28,0.02,2.22
2025-02-06,612,7.05,7.13,7.14,7.01,317218,228911150.6,1.84,1.13,0.08,2.66
2025-02-07,612,7.13,7.18,7.23,7.06,402748,293395065.46,2.38,0.7,0.05,3.38
2025-02-10,612,7.2,7.13,7.27,7.03,394262,285625680.16,3.34,-0.7,-0.05,3.31
2025-02-11,612,7.12,7.13,7.24,7.08,409608,298680935.64,2.24,0.0,0.0,3.44
2025-02-12,612,7.08,7.03,7.11,6.93,389481,277944452.2,2.52,-1.4,-0.1,3.27
2025-02-13,612,7.02,6.9,7.06,6.89,280147,198908011.2,2.42,-1.85,-0.13,2.35
2025-02-14,612,6.79,6.88,6.89,6.7,334175,231033192.6,2.75,-0.29,-0.02,2.8
2025-02-17,612,6.85,6.99,7.1,6.82,356320,253366915.94,4.07,1.6,0.11,2.99
2025-02-18,612,6.98,6.93,7.02,6.9,227610,161315735.16,1.72,-0.86,-0.06,1.91
2025-02-19,612,6.93,7.12,7.14,6.92,341858,245111722.33,3.17,2.74,0.19,2.87
2025-02-20,612,7.1,7.13,7.17,7.03,217882,157510662.6,1.97,0.14,0.01,1.83
2025-02-21,612,7.12,7.37,7.64,7.12,598836,452132796.93,7.29,3.37,0.24,5.03
2025-02-24,612,7.37,7.41,7.5,7.27,326669,246675227.0,3.12,0.54,0.04,2.74
2025-02-25,612,7.43,7.2,7.45,7.17,277047,205168144.2,3.78,-2.83,-0.21,2.33
2025-02-26,612,7.19,7.28,7.33,7.19,216664,160348671.41,1.94,1.11,0.08,1.82
2025-02-27,612,7.29,7.22,7.33,7.12,190875,139959975.48,2.88,-0.82,-0.06,1.6
2025-02-28,612,7.18,7.1,7.2,7.05,194559,140913284.63,2.08,-1.66,-0.12,1.63
2025-03-17,612,7.82,7.82,7.82,7.82,62325,49548247.8,0.0,10.14,0.72,0.52
2025-03-18,612,8.62,8.62,8.62,8.62,580895,508283142.5,0.0,10.23,0.8,4.88
2025-03-19,612,8.37,8.19,8.62,7.89,1838304,1536226836.58,8.47,-4.99,-0.43,15.43
2025-03-20,612,8.13,8.17,8.33,7.98,1047822,864576886.31,4.27,-0.24,-0.02,8.79
2025-03-21,612,8.06,8.35,8.86,7.9,1205545,1032399031.88,11.75,2.2,0.18,10.12
2025-03-24,612,8.27,8.84,9.13,8.09,1434693,1253423072.13,12.46,5.87,0.49,12.04
2025-03-25,612,8.68,8.54,8.93,8.44,954505,835316071.57,5.54,-3.39,-0.3,8.01
2025-03-26,612,8.42,8.49,8.71,8.34,725809,626492545.44,4.33,-0.59,-0.05,6.09
2025-03-27,612,8.38,8.38,8.66,8.27,615446,527484966.16,4.59,-1.3,-0.11,5.17
2025-03-28,612,8.19,8.05,8.3,7.9,767659,630089078.43,4.77,-3.94,-0.33,6.44
2025-03-31,612,7.87,7.45,7.87,7.37,701845,540530719.37,6.21,-7.45,-0.6,5.89
2025-04-01,612,7.47,7.31,7.5,7.29,436964,327702859.72,2.82,-1.88,-0.14,3.67
2025-04-02,612,7.3,7.32,7.48,7.28,250910,187948850.14,2.74,0.14,0.01,2.11
2025-04-03,612,7.23,7.27,7.3,7.13,285060,209450198.2,2.32,-0.68,-0.05,2.39
2025-04-07,612,6.86,6.53,6.87,6.53,334864,226283778.0,4.68,-10.18,-0.74,2.81
2025-04-08,612,6.43,6.19,6.49,6.07,532066,338132025.0,6.43,-5.21,-0.34,4.47
2025-04-09,612,6.07,6.23,6.27,5.66,453649,278773272.75,9.85,0.65,0.04,3.81
2025-04-10,612,6.37,6.45,6.54,6.32,425000,279617830.4,3.53,3.53,0.22,3.57
2025-04-11,612,6.39,6.45,6.49,6.36,265465,174533359.4,2.02,0.0,0.0,2.23
2025-04-14,612,6.52,6.64,6.78,6.52,326660,221686522.92,4.03,2.95,0.19,2.74
2025-04-15,612,6.64,6.58,6.67,6.53,190389,127711689.25,2.11,-0.9,-0.06,1.6
2025-04-16,612,6.58,6.46,6.64,6.36,216255,142533432.8,4.26,-1.82,-0.12,1.82
2025-04-17,612,6.47,6.5,6.63,6.44,187159,124909590.9,2.94,0.62,0.04,1.57
2025-04-18,612,6.47,6.54,6.57,6.43,147602,97790135.0,2.15,0.62,0.04,1.24
2025-04-21,612,6.5,6.65,6.65,6.49,156141,105009155.8,2.45,1.68,0.11,1.31
2025-04-22,612,6.62,6.61,6.64,6.57,135511,91254773.2,1.05,-0.6,-0.04,1.14
2025-04-23,612,6.65,6.67,6.7,6.6,216681,146866072.32,1.51,0.91,0.06,1.82
2025-04-24,612,6.68,6.59,6.7,6.58,161471,109111113.43,1.8,-1.2,-0.08,1.36
2025-04-25,612,6.6,6.63,6.68,6.58,155328,105069744.58,1.52,0.61,0.04,1.3
2025-04-28,612,6.62,6.55,6.63,6.52,125827,84140345.99,1.66,-1.21,-0.08,1.06
2025-04-29,612,6.57,6.56,6.65,6.54,113725,76494110.24,1.68,0.15,0.01,0.95
2025-04-30,612,6.56,6.59,6.65,6.55,150359,101288507.8,1.52,0.46,0.03,1.26
2025-05-06,612,6.62,6.77,6.78,6.6,244885,167816249.32,2.73,2.73,0.18,2.06
2025-05-07,612,6.81,6.76,6.84,6.71,188563,129834909.58,1.92,-0.15,-0.01,1.58
2025-05-08,612,6.72,6.78,6.79,6.7,142112,98037363.2,1.33,0.3,0.02,1.19
2025-05-09,612,6.78,6.69,6.8,6.66,142411,97330038.8,2.06,-1.33,-0.09,1.2
2025-05-12,612,6.75,6.83,6.83,6.71,169098,116826820.91,1.79,2.09,0.14,1.42
2025-05-13,612,6.89,6.86,6.95,6.84,196697,138031108.02,1.61,0.44,0.03,1.65
2025-05-14,612,6.86,6.97,6.99,6.85,247812,175373152.64,2.04,1.6,0.11,2.08
2025-05-15,612,6.95,7.14,7.34,6.9,479394,345136115.7,6.31,2.44,0.17,4.02
2025-05-16,612,7.03,7.07,7.34,7.02,435967,318510187.97,4.48,-0.98,-0.07,3.66
2025-05-19,612,7.33,7.79,7.79,7.33,1312552,1026786407.64,6.51,10.18,0.72,11.02
2025-05-20,612,7.84,8.05,8.13,7.66,1593376,1274317727.08,6.03,3.34,0.26,13.37
2025-05-21,612,7.82,7.67,7.91,7.66,798735,628921554.31,3.11,-4.72,-0.38,6.7
2025-05-22,612,7.57,7.47,7.67,7.46,600769,459399853.89,2.74,-2.61,-0.2,5.04
2025-05-23,612,7.42,7.43,7.61,7.4,436866,333970132.83,2.81,-0.54,-0.04,3.67
2025-05-26,612,7.41,7.42,7.53,7.34,310181,234026606.8,2.56,-0.13,-0.01,2.6
2025-05-27,612,7.48,7.35,7.49,7.3,267346,196499891.8,2.56,-0.94,-0.07,2.24
2025-05-28,612,7.34,7.34,7.47,7.31,259652,191633097.28,2.18,-0.14,-0.01,2.18
2025-05-29,612,7.35,7.39,7.41,7.27,214438,157792499.0,1.91,0.68,0.05,1.8
2025-05-30,612,7.35,7.29,7.36,7.27,171194,125027737.0,1.22,-1.35,-0.1,1.44
2025-06-03,612,7.26,7.34,7.39,7.23,199462,146270981.9,2.19,0.69,0.05,1.67
2025-06-04,612,7.33,7.44,7.48,7.32,243883,180809381.63,2.18,1.36,0.1,2.05
2025-06-05,612,7.4,7.5,7.58,7.4,289192,216931649.84,2.42,0.81,0.06,2.43
2025-06-06,612,7.53,7.67,7.71,7.49,454721,346428589.86,2.93,2.27,0.17,3.82
2025-06-09,612,7.7,7.68,7.73,7.58,351966,269185182.01,1.96,0.13,0.01,2.95
2025-06-10,612,7.66,7.57,7.68,7.5,344607,261229569.0,2.34,-1.43,-0.11,2.89
2025-06-11,612,7.56,7.79,7.85,7.54,497717,384803065.6,4.1,2.91,0.22,4.18
2025-06-12,612,7.75,7.85,7.89,7.68,445285,347931059.03,2.7,0.77,0.06,3.74
2025-06-13,612,7.81,7.72,7.85,7.67,457611,354244088.54,2.29,-1.66,-0.13,3.84
2025-06-16,612,7.66,7.66,7.74,7.63,245814,188512380.68,1.42,-0.78,-0.06,2.06
2025-06-17,612,7.64,7.65,7.67,7.58,208959,159016154.91,1.17,-0.13,-0.01,1.75
2025-06-18,612,7.65,7.71,7.8,7.55,289961,222183864.04,3.27,0.78,0.06,2.43
2025-06-19,612,7.64,7.45,7.68,7.43,247004,185646804.78,3.24,-3.37,-0.26,2.07
2025-06-20,612,7.45,7.38,7.49,7.37,151848,112717720.96,1.61,-0.94,-0.07,1.27
2025-06-23,612,7.38,7.42,7.46,7.3,137454,101661178.5,2.17,0.54,0.04,1.15
2025-06-24,612,7.42,7.54,7.57,7.4,140902,106069116.9,2.29,1.62,0.12,1.18
2025-06-25,612,7.54,7.54,7.57,7.46,175447,131674954.75,1.46,0.0,0.0,1.47
2025-06-26,612,7.53,7.56,7.59,7.47,179947,135718852.1,1.59,0.27,0.02,1.51
2025-06-27,612,7.59,7.75,7.77,7.59,373053,288266347.0,2.38,2.51,0.19,3.13
2025-06-30,612,7.75,7.74,7.78,7.63,275865,212443293.46,1.94,-0.13,-0.01,2.32
2025-07-01,612,7.74,7.91,7.95,7.65,377716,295360212.08,3.88,2.2,0.17,3.17
2025-07-02,612,7.9,7.92,8.01,7.84,342123,271011881.93,2.15,0.13,0.01,2.87
2025-07-03,612,7.95,7.93,8.0,7.85,206695,163441019.0,1.89,0.13,0.01,1.73
2025-07-04,612,7.87,7.79,7.88,7.74,240806,187627762.0,1.77,-1.77,-0.14,2.02
2025-07-07,612,7.76,7.75,7.81,7.7,128859,99966281.2,1.41,-0.51,-0.04,1.08
2025-07-08,612,7.78,7.87,7.89,7.72,231970,180993765.2,2.19,1.55,0.12,1.95
2025-07-09,612,7.87,7.73,7.91,7.71,215292,167872924.92,2.54,-1.78,-0.14,1.81
2025-07-10,612,7.79,7.86,7.88,7.75,265103,207427539.76,1.68,1.68,0.13,2.23
2025-07-11,612,7.86,8.07,8.23,7.86,611144,492850726.12,4.71,2.67,0.21,5.13
2025-07-14,612,8.4,8.21,8.58,8.18,685522,570450937.6,4.96,1.73,0.14,5.75
2025-07-15,612,8.16,8.24,8.38,8.14,417660,344459540.85,2.92,0.37,0.03,3.51
2025-07-16,612,8.2,8.19,8.29,8.15,239246,196400763.62,1.7,-0.61,-0.05,2.01
2025-07-17,612,8.17,8.19,8.23,8.1,200069,163833519.3,1.59,0.0,0.0,1.68
2025-07-18,612,8.2,8.27,8.38,8.19,317340,263040263.05,2.32,0.98,0.08,2.66
2025-07-21,612,8.38,8.82,8.87,8.33,762351,661432912.5,6.53,6.65,0.55,6.4
2025-07-22,612,8.76,8.95,8.99,8.72,615598,544359368.93,3.06,1.47,0.13,5.17
2025-07-23,612,8.88,8.73,8.91,8.69,420984,369191980.57,2.46,-2.46,-0.22,3.53
2025-07-24,612,8.68,8.89,8.97,8.65,411779,364297183.45,3.67,1.83,0.16,3.46
2025-07-25,612,8.86,8.83,8.91,8.78,306696,270785936.8,1.46,-0.67,-0.06,2.57
2025-07-28,612,8.7,8.62,8.74,8.55,354123,305735755.13,2.15,-2.38,-0.21,2.97
2025-07-29,612,8.58,8.68,8.72,8.42,389128,333900284.31,3.48,0.7,0.06,3.27
2025-07-30,612,8.66,8.57,8.78,8.54,229155,197656660.9,2.76,-1.27,-0.11,1.92
2025-07-31,612,8.52,8.33,8.55,8.3,293062,245807205.56,2.92,-2.8,-0.24,2.46
2025-08-01,612,8.33,8.35,8.46,8.33,153419,128674345.38,1.56,0.24,0.02,1.29
2025-08-04,612,8.34,8.5,8.55,8.33,221643,187579720.57,2.63,1.8,0.15,1.86
2025-08-05,612,8.5,8.57,8.57,8.48,160020,136663237.23,1.06,0.82,0.07,1.34
2025-08-06,612,8.56,8.62,8.69,8.54,226754,195442213.75,1.75,0.58,0.05,1.9
2025-08-07,612,8.62,8.7,8.75,8.51,277213,239097416.17,2.78,0.93,0.08,2.33
2025-08-08,612,8.65,8.72,8.75,8.62,220158,191454985.38,1.49,0.23,0.02,1.85
2025-08-11,612,8.74,8.72,8.8,8.61,197695,171721568.0,2.18,0.0,0.0,1.66
2025-08-12,612,8.68,8.69,8.72,8.62,139143,120635833.5,1.15,-0.34,-0.03,1.17
2025-08-13,612,8.76,8.98,9.02,8.74,324769,290119188.38,3.22,3.34,0.29,2.73
2025-08-14,612,8.93,8.86,9.05,8.86,285397,255365388.32,2.12,-1.34,-0.12,2.4
2025-08-15,612,8.84,9.07,9.07,8.84,343968,309642057.58,2.6,2.37,0.21,2.89
2025-08-18,612,9.08,9.09,9.19,8.97,356772,322916415.43,2.43,0.22,0.02,2.99
2025-08-19,612,9.09,9.17,9.32,9.06,365638,336417096.55,2.86,0.88,0.08,3.07
2025-08-20,612,9.11,9.34,9.41,9.1,420044,390110030.25,3.38,1.85,0.17,3.53
2025-08-21,612,9.28,9.23,9.38,9.17,274938,254592677.56,2.25,-1.18,-0.11,2.31
2025-08-22,612,9.23,9.2,9.34,9.13,271815,250191769.61,2.28,-0.33,-0.03,2.28
2025-08-25,612,9.24,9.07,9.46,8.88,1026522,944407546.23,6.3,-1.41,-0.13,8.62
2025-08-26,612,9.03,9.05,9.29,8.85,625891,567474044.24,4.85,-0.22,-0.02,5.25
2025-08-27,612,9.04,8.75,9.07,8.75,451942,403796436.8,3.54,-3.31,-0.3,3.79
2025-08-28,612,8.73,8.73,8.89,8.45,468872,406736603.02,5.03,-0.23,-0.02,3.94
2025-08-29,612,8.73,8.88,8.95,8.7,342757,303230253.98,2.86,1.72,0.15,2.88
2025-09-01,612,9.03,9.19,9.27,8.91,717020,654808650.66,4.05,3.49,0.31,6.02
2025-09-02,612,9.31,9.12,9.36,9.02,490005,447198972.71,3.7,-0.76,-0.07,4.11
2025-09-03,612,9.16,8.75,9.26,8.67,460359,410313376.44,6.47,-4.06,-0.37,3.86
2025-09-04,612,8.73,8.28,8.85,8.13,554485,469164899.29,8.23,-5.37,-0.47,4.65
2025-09-05,612,8.29,8.71,8.73,8.27,462628,392888312.74,5.56,5.19,0.43,3.88
2025-09-08,612,8.73,8.71,8.75,8.55,325601,281604688.82,2.3,0.0,0.0,2.73
2025-09-09,612,8.7,8.63,8.86,8.57,314033,273640460.68,3.33,-0.92,-0.08,2.64
2025-09-10,612,8.64,8.7,8.84,8.53,296359,257484856.46,3.59,0.81,0.07,2.49
2025-09-11,612,8.68,8.74,8.76,8.55,294123,255401044.97,2.41,0.46,0.04,2.47
2025-09-12,612,8.88,9.04,9.28,8.88,748721,680953004.57,4.58,3.43,0.3,6.28
2025-09-15,612,8.99,8.69,9.0,8.68,544591,479489690.54,3.54,-3.87,-0.35,4.57
2025-09-16,612,8.77,8.4,8.8,8.31,622238,525804433.55,5.64,-3.34,-0.29,5.22
2025-09-17,612,8.37,8.48,8.49,8.26,435142,365007996.64,2.74,0.95,0.08,3.65
2025-09-18,612,8.4,8.13,8.4,8.07,513017,422379995.15,3.89,-4.13,-0.35,4.31
2025-09-19,612,8.19,8.12,8.23,8.05,267511,217854209.36,2.21,-0.12,-0.01,2.25
2025-09-22,612,8.16,8.02,8.26,7.92,306420,245208546.55,4.19,-1.23,-0.1,2.57
2025-09-23,612,8.06,7.9,8.07,7.76,307688,242221330.16,3.87,-1.5,-0.12,2.58
2025-09-24,612,7.86,7.97,7.99,7.82,173756,137653777.35,2.15,0.89,0.07,1.46
2025-09-25,612,8.06,8.0,8.14,7.95,265507,213118437.76,2.38,0.38,0.03,2.23
2025-09-26,612,7.96,8.01,8.11,7.92,270144,217331148.26,2.38,0.13,0.01,2.27
2025-09-29,612,8.09,8.37,8.4,8.03,569657,470606920.21,4.62,4.49,0.36,4.78
2025-09-30,612,8.38,8.64,8.65,8.38,592627,506565315.32,3.23,3.23,0.27,4.97
2025-10-09,612,8.79,9.01,9.02,8.69,724558,646837356.28,3.82,4.28,0.37,6.08
2025-10-10,612,8.9,8.98,9.07,8.8,539187,483580598.01,3.0,-0.33,-0.03,4.53
2025-10-13,612,8.71,9.27,9.32,8.66,799380,724710644.2,7.35,3.23,0.29,6.71
2025-10-14,612,9.39,9.16,9.68,9.1,876374,822411159.52,6.26,-1.19,-0.11,7.36
2025-10-15,612,9.25,9.45,9.64,9.1,867179,818903991.88,5.9,3.17,0.29,7.28
2025-10-16,612,9.42,9.2,9.61,9.13,703285,658199223.88,5.08,-2.65,-0.25,5.9
2025-10-17,612,9.24,8.99,9.44,8.96,518481,472730384.86,5.22,-2.28,-0.21,4.35
2025-10-20,612,9.14,9.02,9.19,8.93,419398,378937437.38,2.89,0.33,0.03,3.52
2025-10-21,612,9.09,9.2,9.43,9.02,467818,432596693.1,4.55,2.0,0.18,3.93
2025-10-22,612,8.98,9.16,9.23,8.89,338551,308010826.3,3.7,-0.43,-0.04,2.84
2025-10-23,612,9.13,9.41,9.45,9.11,565856,526572903.3,3.71,2.73,0.25,4.75
2025-10-24,612,9.49,9.53,9.8,9.41,627952,599970431.65,4.14,1.28,0.12,5.27
2025-10-27,612,9.49,9.71,9.72,9.4,643781,620440009.39,3.36,1.89,0.18,5.4
2025-10-28,612,9.56,9.44,9.76,9.36,547830,522827623.46,4.12,-2.78,-0.27,4.6
2025-10-29,612,9.42,10.02,10.09,9.39,762910,748681036.13,7.42,6.14,0.58,6.4
2025-10-30,612,9.85,10.11,10.24,9.85,770998,778184851.36,3.89,0.9,0.09,6.47
2025-10-31,612,10.3,10.27,10.56,10.18,800226,826580923.73,3.76,1.58,0.16,6.72
2025-11-03,612,10.2,10.21,10.27,9.87,632655,636087661.47,3.89,-0.58,-0.06,5.31
2025-11-04,612,10.17,9.98,10.28,9.88,479100,481108209.8,3.92,-2.25,-0.23,4.02
2025-11-05,612,9.78,9.9,9.98,9.69,409008,404054143.95,2.91,-0.8,-0.08,3.43
2025-11-06,612,9.91,10.74,10.89,9.85,1236403,1307883115.19,10.51,8.48,0.84,10.38
2025-11-07,612,10.64,11.1,11.49,10.59,1200242,1317324301.94,8.38,3.35,0.36,10.07
2025-11-10,612,11.25,11.08,11.3,10.9,824105,912669990.57,3.6,-0.18,-0.02,6.92
2025-11-11,612,11.11,10.95,11.21,10.87,501359,550027417.84,3.07,-1.17,-0.13,4.21
2025-11-12,612,10.96,11.4,11.65,10.85,1075771,1215794033.98,7.31,4.11,0.45,9.03
2025-11-13,612,11.29,11.37,11.48,11.09,953020,1077410163.61,3.42,-0.26,-0.03,8.0
2025-11-14,612,11.13,10.93,11.28,10.92,685526,760349218.4,3.17,-3.87,-0.44,5.75
2025-11-17,612,10.83,10.52,10.89,10.49,649857,689744725.48,3.66,-3.75,-0.41,5.45
2025-11-18,612,10.45,10.14,10.49,10.03,528627,538708167.57,4.37,-3.61,-0.38,4.44
2025-11-19,612,10.15,10.23,10.32,10.02,400393,407340349.6,2.96,0.89,0.09,3.36
2025-11-20,612,10.26,10.04,10.41,10.02,399075,407594266.95,3.81,-1.86,-0.19,3.35
2025-11-21,612,9.82,9.43,9.83,9.4,521287,499716886.45,4.28,-6.08,-0.61,4.38
2025-11-24,612,9.54,9.49,9.62,9.36,330462,313541301.59,2.76,0.64,0.06,2.77
2025-11-25,612,9.67,9.57,9.68,9.51,311872,299473018.18,1.79,0.84,0.08,2.62
2025-11-26,612,9.56,9.46,9.65,9.42,245996,234348190.21,2.4,-1.15,-0.11,2.06
2025-11-27,612,9.63,9.48,9.74,9.48,359779,345957793.87,2.75,0.21,0.02,3.02
2025-11-28,612,9.45,9.63,9.64,9.4,271341,259245364.6,2.53,1.58,0.15,2.28
2025-12-01,612,9.81,9.86,10.11,9.75,528361,522850253.04,3.74,2.39,0.23,4.43
2025-12-02,612,9.82,9.69,9.82,9.61,180994,175296002.29,2.13,-1.72,-0.17,1.52
2025-12-03,612,9.7,10.0,10.2,9.67,595987,594255763.28,5.46,3.09,0.3,5.0
2025-12-04,612,10.15,9.89,10.23,9.85,477533,478435911.54,3.8,-1.1,-0.11,4.01
2025-12-05,612,9.94,10.38,10.38,9.9,721337,736226609.2,4.85,4.95,0.49,6.05
2025-12-08,612,10.34,10.19,10.36,10.05,671662,682185715.38,2.99,-1.83,-0.19,5.64
2025-12-09,612,10.11,9.7,10.11,9.66,624723,612011320.28,4.42,-4.81,-0.49,5.24
2025-12-10,612,9.74,9.84,9.86,9.62,323356,315076774.14,2.47,1.44,0.14,2.71
2025-12-11,612,9.92,9.67,9.98,9.65,362326,355520715.93,3.35,-1.73,-0.17,3.04
2025-12-12,612,9.8,9.85,9.9,9.7,330565,324680206.2,2.07,1.86,0.18,2.77
2025-12-15,612,9.65,9.98,10.33,9.6,485001,487165894.65,7.41,1.32,0.13,4.07
2025-12-16,612,9.93,9.72,9.97,9.65,333544,324984725.03,3.21,-2.61,-0.26,2.8
2025-12-17,612,9.76,9.93,9.98,9.65,326336,320703875.58,3.4,2.16,0.21,2.74
2025-12-18,612,9.88,9.75,10.04,9.75,338716,334917155.62,2.92,-1.81,-0.18,2.84
2025-12-19,612,9.77,10.1,10.15,9.71,492258,492098123.08,4.51,3.59,0.35,4.13
2025-12-22,612,10.19,10.1,10.27,10.08,411432,418646516.08,1.88,0.0,0.0,3.45
2025-12-23,612,10.1,10.26,10.45,10.02,580762,596301089.83,4.26,1.58,0.16,4.87
2025-12-24,612,10.29,10.33,10.38,10.13,405879,417170932.81,2.44,0.68,0.07,3.41
2025-12-25,612,10.22,10.24,10.32,10.13,329777,336630077.29,1.84,-0.87,-0.09,2.77
2025-12-26,612,10.34,10.98,11.06,10.27,935809,1002124538.61,7.71,7.23,0.74,7.85
2025-12-29,612,11.0,10.8,11.15,10.76,761100,833198109.8,3.55,-1.64,-0.18,6.39
2025-12-30,612,10.58,11.09,11.21,10.46,649474,712589902.77,6.94,2.69,0.29,5.45
2025-12-31,612,11.12,11.02,11.18,10.94,522223,576951238.61,2.16,-0.63,-0.07,4.38
2026-01-05,612,11.3,11.32,11.56,11.18,759149,866096653.29,3.45,2.72,0.3,6.37
2026-01-06,612,11.49,11.89,11.99,11.42,965936,1131526972.97,5.04,5.04,0.57,8.11
2026-01-07,612,11.88,12.04,12.58,11.68,970039,1165494368.86,7.57,1.26,0.15,8.14
2026-01-08,612,11.92,11.69,11.98,11.55,768172,905897555.89,3.57,-2.91,-0.35,6.45
2026-01-09,612,11.6,12.1,12.16,11.57,708863,847255548.54,5.05,3.51,0.41,5.95
2026-01-12,612,12.44,13.31,13.31,12.36,1292707,1668515329.42,7.85,10.0,1.21,10.85
2026-01-13,612,13.41,12.97,13.5,12.86,970700,1277576999.39,4.81,-2.55,-0.34,8.15
2026-01-14,612,13.09,12.8,13.36,12.69,891589,1160377253.13,5.17,-1.31,-0.17,7.48
2026-01-15,612,12.79,12.85,13.2,12.6,797788,1031887806.68,4.69,0.39,0.05,6.7
2026-01-16,612,12.9,12.65,13.22,12.57,658612,847329889.32,5.06,-1.56,-0.2,5.53
2026-01-19,612,12.8,13.06,13.22,12.36,753122,976028195.86,6.8,3.24,0.41,6.32
2026-01-20,612,13.12,13.4,13.56,12.78,853730,1127370588.29,5.97,2.6,0.34,7.17
2026-01-21,612,13.39,13.37,13.53,13.01,605928,807219226.2,3.88,-0.22,-0.03,5.09
2026-01-22,612,13.28,14.05,14.27,13.22,892614,1219537709.05,7.85,5.09,0.68,7.49
2026-01-23,612,14.09,14.11,14.22,13.76,806324,1126225204.87,3.27,0.43,0.06,6.77
2026-01-26,612,14.28,14.99,15.09,14.15,1068517,1568697210.92,6.66,6.24,0.88,8.97
2026-01-27,612,14.5,14.06,14.86,13.7,108878956,1545071080.29,7.74,-6.2,-0.93,0.0
2026-01-28,000612,14.26,15.17,15.29,13.95,80633500,1180822445.71,9.53,7.89,1.11,0.0
2026-01-29,000612,15.2,14.96,15.6,14.29,1376896,2051708544.0,8.68,-0.93,-0.14,11.56
2026-01-30,000612,14.0,13.57,14.26,13.46,1158080,1582347648.0,5.35,-9.29,-1.39,9.72
2026-02-02,000612,12.9,12.82,13.49,12.8,755801,990515456.0,5.08,-5.53,-0.75,6.34
2026-02-03,000612,13.17,13.42,13.45,12.88,651490,863055168.0,4.45,4.68,0.6,5.47
2026-02-04,000612,13.67,13.66,13.85,13.41,581496,792956544.0,3.28,1.79,0.24,4.88
2026-02-05,000612,13.49,13.05,13.58,12.85,463639,609030592.0,5.34,-4.47,-0.61,3.89
2026-02-06,000612,12.72,13.03,13.3,12.56,377739,493307968.0,5.67,-0.15,-0.02,3.17
2026-02-09,000612,13.3,13.32,13.53,13.08,399461,530047136.0,3.45,2.23,0.29,3.35
2026-02-10,000612,13.32,13.17,13.49,13.15,347426,461306112.0,2.55,-1.13,-0.15,2.92
2026-02-11,000612,13.12,14.0,14.43,13.12,858887,1189448576.0,9.95,6.3,0.83,7.21
2026-02-12,000612,13.88,14.04,14.25,13.75,497461,698865920.0,3.57,0.29,0.04,4.18
2026-02-13,000612,13.92,13.76,14.24,13.72,448382,625200000.0,3.7,-1.99,-0.28,3.76
2026-02-24,000612,14.07,14.09,14.32,13.99,425051,601442368.0,2.4,2.4,0.33,3.57
2026-02-25,000612,14.18,14.39,14.8,14.08,602055,872857024.0,5.11,2.13,0.3,5.05
2026-02-26,000612,14.5,14.62,15.12,14.39,610098,899160128.0,5.07,1.6,0.23,5.12
2026-02-27,000612,14.48,14.87,15.1,14.4,572513,852360128.0,4.79,1.71,0.25,4.81
2026-03-02,000612,14.88,15.14,15.24,14.4,764665,1139007232.0,5.65,1.82,0.27,6.42
2026-03-03,000612,14.92,14.51,15.24,14.47,742365,1097331840.0,5.09,-4.16,-0.63,6.23
2026-03-04,000612,14.58,15.0,15.43,14.54,847289,1280939008.0,6.13,3.38,0.49,7.11
2026-03-05,000612,15.36,15.11,15.49,14.94,768601,1169009792.0,3.67,0.73,0.11,6.45
2026-03-06,000612,14.9,14.56,14.95,14.21,566591,825797248.0,4.9,-3.64,-0.55,4.76
2026-03-09,000612,14.96,14.54,15.11,14.3,612122,895586048.0,5.56,-0.14,-0.02,5.14
2026-03-10,000612,14.33,14.35,14.49,14.09,494859,703970176.0,2.75,-1.31,-0.19,4.15
2026-03-11,000612,14.41,14.47,14.69,14.37,454294,659647488.0,2.23,0.84,0.12,3.81
2026-03-12,000612,14.62,14.58,15.05,14.36,661751,974748480.0,4.77,0.76,0.11,5.55
2026-03-13,000612,14.5,13.94,14.81,13.89,601813,860512832.0,6.31,-4.39,-0.64,5.05
2026-03-16,000612,14.02,13.52,14.45,13.26,618763,850288000.0,8.54,-3.01,-0.42,5.19
2026-03-17,000612,13.79,13.08,14.11,13.0,519126,701105152.0,8.21,-3.25,-0.44,4.36
2026-03-18,000612,13.08,12.7,13.14,12.48,510472,648681344.0,5.05,-2.91,-0.38,4.29
2026-03-19,000612,12.55,11.84,12.59,11.73,559568,673120832.0,6.77,-6.77,-0.86,4.7
2026-03-20,000612,11.79,11.53,11.93,11.51,376399,440758944.0,3.55,-2.62,-0.31,3.16
2026-03-23,000612,11.3,10.78,11.44,10.63,610426,670233792.0,7.03,-6.5,-0.75,5.12
2026-03-24,000612,11.06,11.28,11.29,10.73,447893,493703200.0,5.19,4.64,0.5,3.76
2026-03-25,000612,11.58,11.46,11.75,11.38,448134,516523872.0,3.28,1.6,0.18,3.76
2026-03-26,000612,11.39,11.24,11.51,11.1,274364,310158560.0,3.58,-1.92,-0.22,2.3
2026-03-27,000612,11.08,11.69,11.77,11.02,392093,452041760.0,6.67,4.0,0.45,3.29
2026-03-30,000612,12.22,12.32,12.45,11.93,788877,964072640.0,4.45,5.39,0.63,6.62
2026-03-31,000612,12.27,11.89,12.41,11.79,482570,578585856.0,5.03,-3.49,-0.43,4.05
2026-04-01,000612,12.05,11.96,12.12,11.83,316363,378140064.0,2.44,0.59,0.07,2.66
2026-04-02,000612,12.13,11.82,12.19,11.68,326370,390397952.0,4.26,-1.17,-0.14,2.74
2026-04-03,000612,11.83,11.38,11.89,11.24,332699,379811328.0,5.5,-3.72,-0.44,2.79
2026-04-07,000612,11.4,11.53,11.56,11.27,300826,344628640.0,2.55,1.32,0.15,2.53
2026-04-08,000612,11.85,12.18,12.19,11.78,447531,537579584.0,3.56,5.64,0.65,3.76
2026-04-09,000612,12.0,12.52,12.6,11.96,526185,652152832.0,5.25,2.79,0.34,4.42
2026-04-10,000612,12.45,12.28,12.58,12.23,401681,496077792.0,2.8,-1.92,-0.24,3.37
2026-04-13,000612,13.35,13.51,13.51,13.25,861389,1159265280.0,2.12,10.02,1.23,7.23
2026-04-14,000612,13.78,13.56,13.79,13.35,1211022,1635082496.0,3.26,0.37,0.05,10.17
2026-04-15,000612,13.56,13.16,13.71,13.15,577754,772322624.0,4.13,-2.95,-0.4,4.85
2026-04-16,000612,13.37,13.73,13.77,13.32,688709,934255744.0,3.42,4.33,0.57,5.78
2026-04-17,000612,13.62,13.8,13.9,13.6,470168,645989952.0,2.18,0.51,0.07,3.95
2026-04-20,000612,13.65,13.48,13.69,13.4,460377,622258112.0,2.1,-2.32,-0.32,3.86
2026-04-21,000612,13.5,13.39,13.56,13.3,289350,387756192.0,1.93,-0.67,-0.09,2.43
2026-04-22,000612,13.35,13.49,13.63,13.34,389645,525612224.0,2.17,0.75,0.1,3.27
2026-04-23,000612,13.5,13.13,13.57,13.01,428056,564601472.0,4.15,-2.67,-0.36,3.59
2026-04-24,000612,13.19,13.19,13.29,12.9,372807,488991232.0,2.97,0.46,0.06,3.13
2026-04-27,000612,13.15,13.17,13.26,13.05,251420,331088256.0,1.59,-0.15,-0.02,2.11
2026-04-28,000612,13.2,12.88,13.2,12.82,375447,487125664.0,2.89,-2.2,-0.29,3.15
2026-04-29,000612,12.88,13.42,13.43,12.8,511735,676534528.0,4.89,4.19,0.54,4.3
2026-04-30,000612,13.3,13.29,13.65,13.13,411255,547867840.0,3.87,-0.97,-0.13,3.45
2026-05-06,000612,13.46,13.69,13.79,13.3,664218,899553600.0,3.69,3.01,0.4,5.58
2026-05-07,000612,13.67,13.54,13.75,13.35,493745,666451136.0,2.92,-1.1,-0.15,4.15
2026-05-08,000612,13.42,13.23,13.48,13.12,467262,620254784.0,2.66,-2.29,-0.31,3.92
2026-05-11,000612,13.38,13.13,13.56,13.01,535187,709066560.0,4.16,-0.76,-0.1,4.49
2026-05-12,000612,13.23,12.92,13.33,12.8,418043,542709248.0,4.04,-1.6,-0.21,3.51
2026-05-13,000612,12.91,13.02,13.16,12.79,389713,505935904.0,2.86,0.77,0.1,3.27
2026-05-14,000612,13.0,12.66,13.2,12.66,417973,537732480.0,4.15,-2.76,-0.36,3.51
2026-05-15,000612,12.56,11.91,12.65,11.81,586219,708688832.0,6.64,-5.92,-0.75,4.92
2026-05-18,000612,11.69,11.77,11.88,11.55,292730,343498176.0,2.77,-1.18,-0.14,2.46
2026-05-19,000612,11.87,11.98,12.04,11.61,320513,378776032.0,3.65,1.78,0.21,2.69
2026-05-20,000612,11.9,12.24,12.62,11.88,488904,600306176.0,6.18,2.17,0.26,4.1
2026-05-21,000612,12.39,11.85,12.55,11.81,448056,546608512.0,6.05,-3.19,-0.39,3.76
2026-05-22,000612,11.96,12.47,12.6,11.84,490706,601969472.0,6.41,5.23,0.62,4.12
2026-05-25,000612,12.55,12.28,12.6,12.19,369994,456590080.0,3.29,-1.52,-0.19,3.11
2026-05-26,000612,12.08,12.49,12.57,11.75,843592,1031467712.0,6.68,1.71,0.21,7.08
2026-05-27,000612,12.33,12.1,12.53,12.04,539985,661541248.0,3.92,-3.12,-0.39,4.53
2026-05-28,000612,11.99,11.82,12.1,11.55,419429,493476032.0,4.55,-2.31,-0.28,3.52
2026-05-29,000612,11.98,11.56,12.26,11.51,440094,517612384.0,6.35,-2.2,-0.26,3.69
2026-06-01,000612,11.57,11.78,11.9,11.54,354171,417118464.0,3.11,1.9,0.22,2.97
2026-06-02,000612,11.84,12.22,12.28,11.75,447807,539646912.0,4.5,3.74,0.44,3.76
2026-06-03,000612,12.1,12.1,12.37,11.94,452490,549142272.0,3.52,-0.98,-0.12,3.8
2026-06-04,000612,11.94,11.45,11.94,11.4,496375,572667520.0,4.46,-5.37,-0.65,4.17
2026-06-05,000612,11.43,11.16,11.51,11.09,407406,460431712.0,3.67,-2.53,-0.29,3.42
2026-06-08,000612,10.76,10.43,10.95,10.32,390345,413803200.0,5.65,-6.54,-0.73,3.28
2026-06-09,000612,10.56,10.62,10.66,10.18,282188,294377312.0,4.6,1.82,0.19,2.37
2026-06-10,000612,10.46,10.55,10.62,10.29,241369,251842208.0,3.11,-0.66,-0.07,2.03
2026-06-11,000612,10.51,10.58,10.74,10.45,245943,260308624.0,2.75,0.28,0.03,2.06
2026-06-12,000612,10.75,11.43,11.64,10.71,749051,850467904.0,8.79,8.03,0.85,6.29
2026-06-15,000612,11.48,11.59,11.75,11.39,562853,650463360.0,3.15,1.4,0.16,4.73
2026-06-16,000612,11.36,11.03,11.47,10.99,519326,580282496.0,4.14,-4.83,-0.56,4.36
2026-06-17,000612,10.96,10.97,11.25,10.83,363140,400317824.0,3.81,-0.54,-0.06,3.05
2026-06-18,000612,11.0,11.03,11.32,10.8,397838,438310304.0,4.74,0.55,0.06,3.34
2026-06-22,000612,11.04,12.13,12.13,10.97,883770,1037827136.0,10.52,9.97,1.1,7.42
2026-06-23,000612,12.47,11.54,12.55,11.51,921338,1105416064.0,8.57,-4.86,-0.59,7.73
2026-06-24,000612,11.59,12.0,12.28,11.46,700829,827866368.0,7.11,3.99,0.46,5.88
2026-06-25,000612,11.68,11.4,11.84,11.31,551798,632196480.0,4.42,-5.0,-0.6,4.63
2026-06-26,000612,11.35,10.87,11.44,10.76,404374,445504320.0,5.96,-4.65,-0.53,3.39
2026-06-29,000612,10.86,10.93,11.05,10.6,331209,358990784.0,4.14,0.55,0.06,2.78
2026-06-30,000612,10.63,10.59,10.77,10.4,400413,421194944.0,3.39,-3.11,-0.34,3.36
2026-07-01,000612,10.49,10.57,10.69,10.24,341896,359391136.0,4.25,-0.19,-0.02,2.87
2026-07-02,000612,10.65,10.57,10.81,10.47,354337,376512448.0,3.22,0.0,0.0,2.97
2026-07-03,000612,10.7,10.75,10.9,10.64,384154,414335776.0,2.46,1.7,0.18,3.23
2026-07-06,000612,10.8,10.57,11.0,10.53,386849,417685216.0,4.37,-1.67,-0.18,3.25
2026-07-07,000612,10.48,10.36,10.59,10.3,238234,247832192.0,2.74,-1.99,-0.21,2.0
2026-07-08,000612,10.35,10.08,10.41,10.07,264000,269410400.0,3.28,-2.7,-0.28,2.22
2026-07-09,000612,10.01,9.8,10.1,9.48,413786,403571872.0,6.15,-2.78,-0.28,3.47
2026-07-10,000612,9.86,10.01,10.25,9.72,332347,333016672.0,5.41,2.14,0.21,2.79
2026-07-13,000612,10.6,10.32,10.62,10.32,537465,562866752.0,3.0,3.1,0.31,4.51
2026-07-14,000612,10.36,10.87,10.95,10.23,589945,625022336.0,6.98,5.33,0.55,4.95
2026-07-15,000612,10.8,10.84,11.08,10.66,515090,560746496.0,3.86,-0.28,-0.03,4.32
2026-07-16,000612,10.76,10.58,10.88,10.54,332264,355611840.0,3.14,-2.4,-0.26,2.79
2026-07-17,000612,10.53,10.29,10.58,10.19,319904,331657920.0,3.69,-2.74,-0.29,2.69
2026-07-20,000612,10.35,10.73,10.86,10.35,493431,527297760.0,4.96,4.28,0.44,4.14
2026-07-21,000612,10.63,10.73,10.74,10.43,379426,402842016.0,2.89,0.0,0.0,3.19
2026-07-22,000612,10.63,10.64,10.94,10.56,412897,445452128.0,3.54,-0.84,-0.09,3.47
2026-07-23,000612,10.64,11.04,11.2,10.57,491390,539545728.0,5.92,3.76,0.4,4.13
2026-07-24,000612,10.83,10.41,10.86,10.4,417941,442230720.0,4.17,-5.71,-0.63,3.51
2026-07-27,000612,10.46,10.62,10.64,10.41,239082,252099024.0,2.21,2.02,0.21,2.01
2026-07-28,000612,10.47,10.53,10.58,10.38,233073,244265392.0,1.88,-0.85,-0.09,1.96
2026-07-29,000612,10.58,11.01,11.1,10.57,494197,537900608.0,5.03,4.56,0.48,4.15
2026-07-30,000612,11.06,10.96,11.27,10.85,335506,371238464.0,3.81,-0.45,-0.05,2.82
2026-07-31,000612,10.93,11.09,11.25,10.93,332579,370715040.0,2.92,1.19,0.13,2.79
2026-08-03,000612,11.09,11.06,11.24,10.97,247324,274174720.0,2.43,-0.27,-0.03,2.08
2026-08-04,000612,11.15,11.38,11.47,11.09,416433,471143200.0,3.44,2.89,0.32,3.5
2026-08-05,000612,11.32,11.5,11.58,11.21,364500,418051904.0,3.25,1.05,0.12,3.06
2026-08-06,000612,11.56,11.42,11.65,11.29,374025,428983584.0,3.13,-0.7,-0.08,3.14
2026-08-07,000612,11.42,11.5,11.63,11.38,330534,380638464.0,2.19,0.7,0.08,2.77
2026-08-10,000612,11.69,11.68,11.73,11.51,353843,411861248.0,1.91,1.57,0.18,2.97
2026-08-11,000612,11.74,11.54,12.05,11.5,490593,578393408.0,4.71,-1.2,-0.14,4.12
2026-08-12,000612,11.67,11.68,12.0,11.61,428498,504926720.0,3.38,1.21,0.14,3.6
2026-08-13,000612,11.56,11.11,11.59,11.07,479406,541897280.0,4.45,-4.88,-0.57,4.02
2026-08-14,000612,11.03,11.13,11.17,10.87,327589,361164224.0,2.7,0.18,0.02,2.75
2026-08-17,000612,11.24,11.35,11.37,11.13,310513,350289248.0,2.16,1.98,0.22,2.61
2026-08-18,000612,11.28,11.23,11.38,11.11,229742,257683504.0,2.38,-1.06,-0.12,1.93
2026-08-19,000612,11.1,10.94,11.16,10.89,251832,277450752.0,2.4,-2.58,-0.29,2.11
2026-08-20,000612,11.1,10.86,11.34,10.86,370668,411171488.0,4.39,-0.73,-0.08,3.11
2026-08-21,000612,10.88,11.13,11.16,10.83,307600,339019392.0,3.04,2.49,0.27,2.58
2026-08-24,000612,11.17,11.11,11.2,10.88,280198,308823168.0,2.88,-0.18,-0.02,2.35
2026-08-25,000612,11.06,10.94,11.15,10.8,256485,281412672.0,3.15,-1.53,-0.17,2.15
2026-08-26,000612,10.98,11.15,11.28,10.97,348623,389330784.0,2.83,1.92,0.21,2.93
2026-08-27,000612,11.07,11.27,11.27,11.03,294878,330227264.0,2.15,1.08,0.12,2.48
2026-08-28,000612,11.3,11.46,11.52,11.17,399649,453698976.0,3.11,1.69,0.19,3.36
